ISO-10303-21;
HEADER;
FILE_DESCRIPTION(('FreeCAD Model'),'2;1');
FILE_NAME('Open CASCADE Shape Model','2026-09-02T12:42:12',('FreeCAD'),(
    'FreeCAD'),'Open CASCADE STEP processor 7.8','FreeCAD','Unknown');
FILE_SCHEMA(('AUTOMOTIVE_DESIGN { 1 0 10303 214 1 1 1 1 }'));
ENDSEC;
DATA;
#1 = APPLICATION_PROTOCOL_DEFINITION('international standard',
  'automotive_design',2000,#2);
#2 = APPLICATION_CONTEXT(
  'core data for automotive mechanical design processes');
#3 = SHAPE_DEFINITION_REPRESENTATION(#4,#10);
#4 = PRODUCT_DEFINITION_SHAPE('','',#5);
#5 = PRODUCT_DEFINITION('design','',#6,#9);
#6 = PRODUCT_DEFINITION_FORMATION('','',#7);
#7 = PRODUCT('Open CASCADE STEP translator 7.8 1',
  'Open CASCADE STEP translator 7.8 1','',(#8));
#8 = PRODUCT_CONTEXT('',#2,'mechanical');
#9 = PRODUCT_DEFINITION_CONTEXT('part definition',#2,'design');
#10 = SHAPE_REPRESENTATION('',(#11,#15,#2589,#4096,#4246,#4396,#4546,
    #6580,#7969,#8599,#8889,#9039,#9189),#9339);
#11 = AXIS2_PLACEMENT_3D('',#12,#13,#14);
#12 = CARTESIAN_POINT('',(0.,0.,0.));
#13 = DIRECTION('',(0.,0.,1.));
#14 = DIRECTION('',(1.,0.,-0.));
#15 = MANIFOLD_SOLID_BREP('',#16);
#16 = CLOSED_SHELL('',(#17,#59,#195,#321,#446,#468,#485,#502,#519,#551,
    #709,#734,#892,#917,#973,#998,#1149,#1171,#1188,#1205,#1217,#1239,
    #1256,#1273,#1285,#1307,#1324,#1341,#1353,#1384,#1408,#1432,#1456,
    #1480,#1504,#1528,#1545,#1576,#1600,#1624,#1641,#1672,#1696,#1720,
    #1737,#1775,#1901,#1919,#1942,#1971,#1983,#2005,#2022,#2039,#2051,
    #2073,#2090,#2107,#2119,#2157,#2182,#2213,#2237,#2261,#2278,#2309,
    #2333,#2357,#2374,#2399,#2424,#2449,#2458,#2470,#2482,#2491,#2500,
    #2509,#2527,#2545,#2561,#2575));
#17 = ADVANCED_FACE('',(#18),#54,.T.);
#18 = FACE_BOUND('',#19,.T.);
#19 = EDGE_LOOP('',(#20,#31,#39,#48));
#20 = ORIENTED_EDGE('',*,*,#21,.F.);
#21 = EDGE_CURVE('',#22,#24,#26,.T.);
#22 = VERTEX_POINT('',#23);
#23 = CARTESIAN_POINT('',(0.,4.5,29.));
#24 = VERTEX_POINT('',#25);
#25 = CARTESIAN_POINT('',(4.5,0.,29.));
#26 = CIRCLE('',#27,4.5);
#27 = AXIS2_PLACEMENT_3D('',#28,#29,#30);
#28 = CARTESIAN_POINT('',(4.5,4.5,29.));
#29 = DIRECTION('',(0.,0.,1.));
#30 = DIRECTION('',(1.,0.,0.));
#31 = ORIENTED_EDGE('',*,*,#32,.F.);
#32 = EDGE_CURVE('',#33,#22,#35,.T.);
#33 = VERTEX_POINT('',#34);
#34 = CARTESIAN_POINT('',(0.,4.5,0.));
#35 = LINE('',#36,#37);
#36 = CARTESIAN_POINT('',(0.,4.5,0.));
#37 = VECTOR('',#38,1.);
#38 = DIRECTION('',(0.,0.,1.));
#39 = ORIENTED_EDGE('',*,*,#40,.T.);
#40 = EDGE_CURVE('',#33,#41,#43,.T.);
#41 = VERTEX_POINT('',#42);
#42 = CARTESIAN_POINT('',(4.5,0.,0.));
#43 = CIRCLE('',#44,4.5);
#44 = AXIS2_PLACEMENT_3D('',#45,#46,#47);
#45 = CARTESIAN_POINT('',(4.5,4.5,0.));
#46 = DIRECTION('',(0.,0.,1.));
#47 = DIRECTION('',(1.,0.,0.));
#48 = ORIENTED_EDGE('',*,*,#49,.T.);
#49 = EDGE_CURVE('',#41,#24,#50,.T.);
#50 = LINE('',#51,#52);
#51 = CARTESIAN_POINT('',(4.5,0.,0.));
#52 = VECTOR('',#53,1.);
#53 = DIRECTION('',(0.,0.,1.));
#54 = CYLINDRICAL_SURFACE('',#55,4.5);
#55 = AXIS2_PLACEMENT_3D('',#56,#57,#58);
#56 = CARTESIAN_POINT('',(4.5,4.5,0.));
#57 = DIRECTION('',(0.,0.,1.));
#58 = DIRECTION('',(1.,0.,0.));
#59 = ADVANCED_FACE('',(#60,#120),#190,.T.);
#60 = FACE_BOUND('',#61,.T.);
#61 = EDGE_LOOP('',(#62,#63,#71,#80,#88,#97,#105,#114));
#62 = ORIENTED_EDGE('',*,*,#21,.T.);
#63 = ORIENTED_EDGE('',*,*,#64,.T.);
#64 = EDGE_CURVE('',#24,#65,#67,.T.);
#65 = VERTEX_POINT('',#66);
#66 = CARTESIAN_POINT('',(49.5,0.,29.));
#67 = LINE('',#68,#69);
#68 = CARTESIAN_POINT('',(4.5,0.,29.));
#69 = VECTOR('',#70,1.);
#70 = DIRECTION('',(1.,0.,0.));
#71 = ORIENTED_EDGE('',*,*,#72,.T.);
#72 = EDGE_CURVE('',#65,#73,#75,.T.);
#73 = VERTEX_POINT('',#74);
#74 = CARTESIAN_POINT('',(54.,4.5,29.));
#75 = CIRCLE('',#76,4.5);
#76 = AXIS2_PLACEMENT_3D('',#77,#78,#79);
#77 = CARTESIAN_POINT('',(49.5,4.5,29.));
#78 = DIRECTION('',(0.,0.,1.));
#79 = DIRECTION('',(1.,0.,0.));
#80 = ORIENTED_EDGE('',*,*,#81,.T.);
#81 = EDGE_CURVE('',#73,#82,#84,.T.);
#82 = VERTEX_POINT('',#83);
#83 = CARTESIAN_POINT('',(54.,41.5,29.));
#84 = LINE('',#85,#86);
#85 = CARTESIAN_POINT('',(54.,4.5,29.));
#86 = VECTOR('',#87,1.);
#87 = DIRECTION('',(0.,1.,0.));
#88 = ORIENTED_EDGE('',*,*,#89,.T.);
#89 = EDGE_CURVE('',#82,#90,#92,.T.);
#90 = VERTEX_POINT('',#91);
#91 = CARTESIAN_POINT('',(49.5,46.,29.));
#92 = CIRCLE('',#93,4.5);
#93 = AXIS2_PLACEMENT_3D('',#94,#95,#96);
#94 = CARTESIAN_POINT('',(49.5,41.5,29.));
#95 = DIRECTION('',(0.,0.,1.));
#96 = DIRECTION('',(1.,0.,0.));
#97 = ORIENTED_EDGE('',*,*,#98,.F.);
#98 = EDGE_CURVE('',#99,#90,#101,.T.);
#99 = VERTEX_POINT('',#100);
#100 = CARTESIAN_POINT('',(4.5,46.,29.));
#101 = LINE('',#102,#103);
#102 = CARTESIAN_POINT('',(4.5,46.,29.));
#103 = VECTOR('',#104,1.);
#104 = DIRECTION('',(1.,0.,0.));
#105 = ORIENTED_EDGE('',*,*,#106,.T.);
#106 = EDGE_CURVE('',#99,#107,#109,.T.);
#107 = VERTEX_POINT('',#108);
#108 = CARTESIAN_POINT('',(0.,41.5,29.));
#109 = CIRCLE('',#110,4.5);
#110 = AXIS2_PLACEMENT_3D('',#111,#112,#113);
#111 = CARTESIAN_POINT('',(4.5,41.5,29.));
#112 = DIRECTION('',(0.,0.,1.));
#113 = DIRECTION('',(1.,0.,0.));
#114 = ORIENTED_EDGE('',*,*,#115,.F.);
#115 = EDGE_CURVE('',#22,#107,#116,.T.);
#116 = LINE('',#117,#118);
#117 = CARTESIAN_POINT('',(0.,4.5,29.));
#118 = VECTOR('',#119,1.);
#119 = DIRECTION('',(0.,1.,0.));
#120 = FACE_BOUND('',#121,.T.);
#121 = EDGE_LOOP('',(#122,#133,#141,#150,#158,#167,#175,#184));
#122 = ORIENTED_EDGE('',*,*,#123,.F.);
#123 = EDGE_CURVE('',#124,#126,#128,.T.);
#124 = VERTEX_POINT('',#125);
#125 = CARTESIAN_POINT('',(2.4,4.5,29.));
#126 = VERTEX_POINT('',#127);
#127 = CARTESIAN_POINT('',(4.5,2.4,29.));
#128 = CIRCLE('',#129,2.1);
#129 = AXIS2_PLACEMENT_3D('',#130,#131,#132);
#130 = CARTESIAN_POINT('',(4.5,4.5,29.));
#131 = DIRECTION('',(0.,0.,1.));
#132 = DIRECTION('',(1.,0.,0.));
#133 = ORIENTED_EDGE('',*,*,#134,.T.);
#134 = EDGE_CURVE('',#124,#135,#137,.T.);
#135 = VERTEX_POINT('',#136);
#136 = CARTESIAN_POINT('',(2.4,41.5,29.));
#137 = LINE('',#138,#139);
#138 = CARTESIAN_POINT('',(2.4,13.75,29.));
#139 = VECTOR('',#140,1.);
#140 = DIRECTION('',(0.,1.,0.));
#141 = ORIENTED_EDGE('',*,*,#142,.F.);
#142 = EDGE_CURVE('',#143,#135,#145,.T.);
#143 = VERTEX_POINT('',#144);
#144 = CARTESIAN_POINT('',(4.5,43.6,29.));
#145 = CIRCLE('',#146,2.1);
#146 = AXIS2_PLACEMENT_3D('',#147,#148,#149);
#147 = CARTESIAN_POINT('',(4.5,41.5,29.));
#148 = DIRECTION('',(0.,0.,1.));
#149 = DIRECTION('',(1.,0.,0.));
#150 = ORIENTED_EDGE('',*,*,#151,.F.);
#151 = EDGE_CURVE('',#152,#143,#154,.T.);
#152 = VERTEX_POINT('',#153);
#153 = CARTESIAN_POINT('',(49.5,43.6,29.));
#154 = LINE('',#155,#156);
#155 = CARTESIAN_POINT('',(15.75,43.6,29.));
#156 = VECTOR('',#157,1.);
#157 = DIRECTION('',(-1.,0.,0.));
#158 = ORIENTED_EDGE('',*,*,#159,.F.);
#159 = EDGE_CURVE('',#160,#152,#162,.T.);
#160 = VERTEX_POINT('',#161);
#161 = CARTESIAN_POINT('',(51.6,41.5,29.));
#162 = CIRCLE('',#163,2.1);
#163 = AXIS2_PLACEMENT_3D('',#164,#165,#166);
#164 = CARTESIAN_POINT('',(49.5,41.5,29.));
#165 = DIRECTION('',(0.,0.,1.));
#166 = DIRECTION('',(1.,0.,0.));
#167 = ORIENTED_EDGE('',*,*,#168,.F.);
#168 = EDGE_CURVE('',#169,#160,#171,.T.);
#169 = VERTEX_POINT('',#170);
#170 = CARTESIAN_POINT('',(51.6,4.5,29.));
#171 = LINE('',#172,#173);
#172 = CARTESIAN_POINT('',(51.6,13.75,29.));
#173 = VECTOR('',#174,1.);
#174 = DIRECTION('',(0.,1.,0.));
#175 = ORIENTED_EDGE('',*,*,#176,.F.);
#176 = EDGE_CURVE('',#177,#169,#179,.T.);
#177 = VERTEX_POINT('',#178);
#178 = CARTESIAN_POINT('',(49.5,2.4,29.));
#179 = CIRCLE('',#180,2.1);
#180 = AXIS2_PLACEMENT_3D('',#181,#182,#183);
#181 = CARTESIAN_POINT('',(49.5,4.5,29.));
#182 = DIRECTION('',(0.,0.,1.));
#183 = DIRECTION('',(1.,0.,0.));
#184 = ORIENTED_EDGE('',*,*,#185,.T.);
#185 = EDGE_CURVE('',#177,#126,#186,.T.);
#186 = LINE('',#187,#188);
#187 = CARTESIAN_POINT('',(15.75,2.4,29.));
#188 = VECTOR('',#189,1.);
#189 = DIRECTION('',(-1.,0.,0.));
#190 = PLANE('',#191);
#191 = AXIS2_PLACEMENT_3D('',#192,#193,#194);
#192 = CARTESIAN_POINT('',(27.,23.,29.));
#193 = DIRECTION('',(0.,0.,1.));
#194 = DIRECTION('',(1.,0.,0.));
#195 = ADVANCED_FACE('',(#196,#214,#248,#282),#316,.F.);
#196 = FACE_BOUND('',#197,.F.);
#197 = EDGE_LOOP('',(#198,#206,#207,#208));
#198 = ORIENTED_EDGE('',*,*,#199,.F.);
#199 = EDGE_CURVE('',#41,#200,#202,.T.);
#200 = VERTEX_POINT('',#201);
#201 = CARTESIAN_POINT('',(49.5,0.,0.));
#202 = LINE('',#203,#204);
#203 = CARTESIAN_POINT('',(4.5,0.,0.));
#204 = VECTOR('',#205,1.);
#205 = DIRECTION('',(1.,0.,0.));
#206 = ORIENTED_EDGE('',*,*,#49,.T.);
#207 = ORIENTED_EDGE('',*,*,#64,.T.);
#208 = ORIENTED_EDGE('',*,*,#209,.F.);
#209 = EDGE_CURVE('',#200,#65,#210,.T.);
#210 = LINE('',#211,#212);
#211 = CARTESIAN_POINT('',(49.5,0.,0.));
#212 = VECTOR('',#213,1.);
#213 = DIRECTION('',(0.,0.,1.));
#214 = FACE_BOUND('',#215,.F.);
#215 = EDGE_LOOP('',(#216,#226,#234,#242));
#216 = ORIENTED_EDGE('',*,*,#217,.F.);
#217 = EDGE_CURVE('',#218,#220,#222,.T.);
#218 = VERTEX_POINT('',#219);
#219 = CARTESIAN_POINT('',(20.,0.,16.8));
#220 = VERTEX_POINT('',#221);
#221 = CARTESIAN_POINT('',(34.,0.,16.8));
#222 = LINE('',#223,#224);
#223 = CARTESIAN_POINT('',(12.25,0.,16.8));
#224 = VECTOR('',#225,1.);
#225 = DIRECTION('',(1.,0.,0.));
#226 = ORIENTED_EDGE('',*,*,#227,.T.);
#227 = EDGE_CURVE('',#218,#228,#230,.T.);
#228 = VERTEX_POINT('',#229);
#229 = CARTESIAN_POINT('',(20.,0.,15.));
#230 = LINE('',#231,#232);
#231 = CARTESIAN_POINT('',(20.,0.,7.5));
#232 = VECTOR('',#233,1.);
#233 = DIRECTION('',(0.,0.,-1.));
#234 = ORIENTED_EDGE('',*,*,#235,.T.);
#235 = EDGE_CURVE('',#228,#236,#238,.T.);
#236 = VERTEX_POINT('',#237);
#237 = CARTESIAN_POINT('',(34.,0.,15.));
#238 = LINE('',#239,#240);
#239 = CARTESIAN_POINT('',(12.25,0.,15.));
#240 = VECTOR('',#241,1.);
#241 = DIRECTION('',(1.,0.,0.));
#242 = ORIENTED_EDGE('',*,*,#243,.F.);
#243 = EDGE_CURVE('',#220,#236,#244,.T.);
#244 = LINE('',#245,#246);
#245 = CARTESIAN_POINT('',(34.,0.,7.5));
#246 = VECTOR('',#247,1.);
#247 = DIRECTION('',(0.,0.,-1.));
#248 = FACE_BOUND('',#249,.F.);
#249 = EDGE_LOOP('',(#250,#260,#268,#276));
#250 = ORIENTED_EDGE('',*,*,#251,.F.);
#251 = EDGE_CURVE('',#252,#254,#256,.T.);
#252 = VERTEX_POINT('',#253);
#253 = CARTESIAN_POINT('',(20.,0.,20.8));
#254 = VERTEX_POINT('',#255);
#255 = CARTESIAN_POINT('',(34.,0.,20.8));
#256 = LINE('',#257,#258);
#257 = CARTESIAN_POINT('',(12.25,0.,20.8));
#258 = VECTOR('',#259,1.);
#259 = DIRECTION('',(1.,0.,0.));
#260 = ORIENTED_EDGE('',*,*,#261,.T.);
#261 = EDGE_CURVE('',#252,#262,#264,.T.);
#262 = VERTEX_POINT('',#263);
#263 = CARTESIAN_POINT('',(20.,0.,19.));
#264 = LINE('',#265,#266);
#265 = CARTESIAN_POINT('',(20.,0.,9.5));
#266 = VECTOR('',#267,1.);
#267 = DIRECTION('',(0.,0.,-1.));
#268 = ORIENTED_EDGE('',*,*,#269,.T.);
#269 = EDGE_CURVE('',#262,#270,#272,.T.);
#270 = VERTEX_POINT('',#271);
#271 = CARTESIAN_POINT('',(34.,0.,19.));
#272 = LINE('',#273,#274);
#273 = CARTESIAN_POINT('',(12.25,0.,19.));
#274 = VECTOR('',#275,1.);
#275 = DIRECTION('',(1.,0.,0.));
#276 = ORIENTED_EDGE('',*,*,#277,.F.);
#277 = EDGE_CURVE('',#254,#270,#278,.T.);
#278 = LINE('',#279,#280);
#279 = CARTESIAN_POINT('',(34.,0.,9.5));
#280 = VECTOR('',#281,1.);
#281 = DIRECTION('',(0.,0.,-1.));
#282 = FACE_BOUND('',#283,.F.);
#283 = EDGE_LOOP('',(#284,#294,#302,#310));
#284 = ORIENTED_EDGE('',*,*,#285,.F.);
#285 = EDGE_CURVE('',#286,#288,#290,.T.);
#286 = VERTEX_POINT('',#287);
#287 = CARTESIAN_POINT('',(20.,0.,24.8));
#288 = VERTEX_POINT('',#289);
#289 = CARTESIAN_POINT('',(34.,0.,24.8));
#290 = LINE('',#291,#292);
#291 = CARTESIAN_POINT('',(12.25,0.,24.8));
#292 = VECTOR('',#293,1.);
#293 = DIRECTION('',(1.,0.,0.));
#294 = ORIENTED_EDGE('',*,*,#295,.T.);
#295 = EDGE_CURVE('',#286,#296,#298,.T.);
#296 = VERTEX_POINT('',#297);
#297 = CARTESIAN_POINT('',(20.,0.,23.));
#298 = LINE('',#299,#300);
#299 = CARTESIAN_POINT('',(20.,0.,11.5));
#300 = VECTOR('',#301,1.);
#301 = DIRECTION('',(0.,0.,-1.));
#302 = ORIENTED_EDGE('',*,*,#303,.T.);
#303 = EDGE_CURVE('',#296,#304,#306,.T.);
#304 = VERTEX_POINT('',#305);
#305 = CARTESIAN_POINT('',(34.,0.,23.));
#306 = LINE('',#307,#308);
#307 = CARTESIAN_POINT('',(12.25,0.,23.));
#308 = VECTOR('',#309,1.);
#309 = DIRECTION('',(1.,0.,0.));
#310 = ORIENTED_EDGE('',*,*,#311,.F.);
#311 = EDGE_CURVE('',#288,#304,#312,.T.);
#312 = LINE('',#313,#314);
#313 = CARTESIAN_POINT('',(34.,0.,11.5));
#314 = VECTOR('',#315,1.);
#315 = DIRECTION('',(0.,0.,-1.));
#316 = PLANE('',#317);
#317 = AXIS2_PLACEMENT_3D('',#318,#319,#320);
#318 = CARTESIAN_POINT('',(4.5,0.,0.));
#319 = DIRECTION('',(0.,1.,0.));
#320 = DIRECTION('',(0.,0.,1.));
#321 = ADVANCED_FACE('',(#322,#375),#441,.T.);
#322 = FACE_BOUND('',#323,.T.);
#323 = EDGE_LOOP('',(#324,#325,#333,#342,#350,#359,#367,#374));
#324 = ORIENTED_EDGE('',*,*,#40,.F.);
#325 = ORIENTED_EDGE('',*,*,#326,.T.);
#326 = EDGE_CURVE('',#33,#327,#329,.T.);
#327 = VERTEX_POINT('',#328);
#328 = CARTESIAN_POINT('',(0.,41.5,0.));
#329 = LINE('',#330,#331);
#330 = CARTESIAN_POINT('',(0.,4.5,0.));
#331 = VECTOR('',#332,1.);
#332 = DIRECTION('',(0.,1.,0.));
#333 = ORIENTED_EDGE('',*,*,#334,.F.);
#334 = EDGE_CURVE('',#335,#327,#337,.T.);
#335 = VERTEX_POINT('',#336);
#336 = CARTESIAN_POINT('',(4.5,46.,0.));
#337 = CIRCLE('',#338,4.5);
#338 = AXIS2_PLACEMENT_3D('',#339,#340,#341);
#339 = CARTESIAN_POINT('',(4.5,41.5,0.));
#340 = DIRECTION('',(0.,0.,1.));
#341 = DIRECTION('',(1.,0.,0.));
#342 = ORIENTED_EDGE('',*,*,#343,.T.);
#343 = EDGE_CURVE('',#335,#344,#346,.T.);
#344 = VERTEX_POINT('',#345);
#345 = CARTESIAN_POINT('',(49.5,46.,0.));
#346 = LINE('',#347,#348);
#347 = CARTESIAN_POINT('',(4.5,46.,0.));
#348 = VECTOR('',#349,1.);
#349 = DIRECTION('',(1.,0.,0.));
#350 = ORIENTED_EDGE('',*,*,#351,.F.);
#351 = EDGE_CURVE('',#352,#344,#354,.T.);
#352 = VERTEX_POINT('',#353);
#353 = CARTESIAN_POINT('',(54.,41.5,0.));
#354 = CIRCLE('',#355,4.5);
#355 = AXIS2_PLACEMENT_3D('',#356,#357,#358);
#356 = CARTESIAN_POINT('',(49.5,41.5,0.));
#357 = DIRECTION('',(0.,0.,1.));
#358 = DIRECTION('',(1.,0.,0.));
#359 = ORIENTED_EDGE('',*,*,#360,.F.);
#360 = EDGE_CURVE('',#361,#352,#363,.T.);
#361 = VERTEX_POINT('',#362);
#362 = CARTESIAN_POINT('',(54.,4.5,0.));
#363 = LINE('',#364,#365);
#364 = CARTESIAN_POINT('',(54.,4.5,0.));
#365 = VECTOR('',#366,1.);
#366 = DIRECTION('',(0.,1.,0.));
#367 = ORIENTED_EDGE('',*,*,#368,.F.);
#368 = EDGE_CURVE('',#200,#361,#369,.T.);
#369 = CIRCLE('',#370,4.5);
#370 = AXIS2_PLACEMENT_3D('',#371,#372,#373);
#371 = CARTESIAN_POINT('',(49.5,4.5,0.));
#372 = DIRECTION('',(0.,0.,1.));
#373 = DIRECTION('',(1.,0.,0.));
#374 = ORIENTED_EDGE('',*,*,#199,.F.);
#375 = FACE_BOUND('',#376,.T.);
#376 = EDGE_LOOP('',(#377,#387,#395,#403,#411,#419,#427,#435));
#377 = ORIENTED_EDGE('',*,*,#378,.F.);
#378 = EDGE_CURVE('',#379,#381,#383,.T.);
#379 = VERTEX_POINT('',#380);
#380 = CARTESIAN_POINT('',(10.,36.5,0.));
#381 = VERTEX_POINT('',#382);
#382 = CARTESIAN_POINT('',(44.,36.5,0.));
#383 = LINE('',#384,#385);
#384 = CARTESIAN_POINT('',(18.5,36.5,0.));
#385 = VECTOR('',#386,1.);
#386 = DIRECTION('',(1.,0.,0.));
#387 = ORIENTED_EDGE('',*,*,#388,.T.);
#388 = EDGE_CURVE('',#379,#389,#391,.T.);
#389 = VERTEX_POINT('',#390);
#390 = CARTESIAN_POINT('',(10.,9.5,0.));
#391 = LINE('',#392,#393);
#392 = CARTESIAN_POINT('',(10.,16.25,0.));
#393 = VECTOR('',#394,1.);
#394 = DIRECTION('',(0.,-1.,0.));
#395 = ORIENTED_EDGE('',*,*,#396,.T.);
#396 = EDGE_CURVE('',#389,#397,#399,.T.);
#397 = VERTEX_POINT('',#398);
#398 = CARTESIAN_POINT('',(23.5,9.5,0.));
#399 = LINE('',#400,#401);
#400 = CARTESIAN_POINT('',(18.5,9.5,0.));
#401 = VECTOR('',#402,1.);
#402 = DIRECTION('',(1.,0.,0.));
#403 = ORIENTED_EDGE('',*,*,#404,.F.);
#404 = EDGE_CURVE('',#405,#397,#407,.T.);
#405 = VERTEX_POINT('',#406);
#406 = CARTESIAN_POINT('',(23.5,7.7,0.));
#407 = LINE('',#408,#409);
#408 = CARTESIAN_POINT('',(23.5,7.7,0.));
#409 = VECTOR('',#410,1.);
#410 = DIRECTION('',(0.,1.,0.));
#411 = ORIENTED_EDGE('',*,*,#412,.T.);
#412 = EDGE_CURVE('',#405,#413,#415,.T.);
#413 = VERTEX_POINT('',#414);
#414 = CARTESIAN_POINT('',(30.5,7.7,0.));
#415 = LINE('',#416,#417);
#416 = CARTESIAN_POINT('',(23.5,7.7,0.));
#417 = VECTOR('',#418,1.);
#418 = DIRECTION('',(1.,0.,0.));
#419 = ORIENTED_EDGE('',*,*,#420,.T.);
#420 = EDGE_CURVE('',#413,#421,#423,.T.);
#421 = VERTEX_POINT('',#422);
#422 = CARTESIAN_POINT('',(30.5,9.5,0.));
#423 = LINE('',#424,#425);
#424 = CARTESIAN_POINT('',(30.5,7.7,0.));
#425 = VECTOR('',#426,1.);
#426 = DIRECTION('',(0.,1.,0.));
#427 = ORIENTED_EDGE('',*,*,#428,.T.);
#428 = EDGE_CURVE('',#421,#429,#431,.T.);
#429 = VERTEX_POINT('',#430);
#430 = CARTESIAN_POINT('',(44.,9.5,0.));
#431 = LINE('',#432,#433);
#432 = CARTESIAN_POINT('',(18.5,9.5,0.));
#433 = VECTOR('',#434,1.);
#434 = DIRECTION('',(1.,0.,0.));
#435 = ORIENTED_EDGE('',*,*,#436,.F.);
#436 = EDGE_CURVE('',#381,#429,#437,.T.);
#437 = LINE('',#438,#439);
#438 = CARTESIAN_POINT('',(44.,16.25,0.));
#439 = VECTOR('',#440,1.);
#440 = DIRECTION('',(0.,-1.,0.));
#441 = PLANE('',#442);
#442 = AXIS2_PLACEMENT_3D('',#443,#444,#445);
#443 = CARTESIAN_POINT('',(27.,23.,0.));
#444 = DIRECTION('',(-0.,-0.,-1.));
#445 = DIRECTION('',(-1.,0.,0.));
#446 = ADVANCED_FACE('',(#447),#463,.T.);
#447 = FACE_BOUND('',#448,.T.);
#448 = EDGE_LOOP('',(#449,#450,#456,#457));
#449 = ORIENTED_EDGE('',*,*,#106,.F.);
#450 = ORIENTED_EDGE('',*,*,#451,.F.);
#451 = EDGE_CURVE('',#335,#99,#452,.T.);
#452 = LINE('',#453,#454);
#453 = CARTESIAN_POINT('',(4.5,46.,0.));
#454 = VECTOR('',#455,1.);
#455 = DIRECTION('',(0.,0.,1.));
#456 = ORIENTED_EDGE('',*,*,#334,.T.);
#457 = ORIENTED_EDGE('',*,*,#458,.T.);
#458 = EDGE_CURVE('',#327,#107,#459,.T.);
#459 = LINE('',#460,#461);
#460 = CARTESIAN_POINT('',(0.,41.5,0.));
#461 = VECTOR('',#462,1.);
#462 = DIRECTION('',(0.,0.,1.));
#463 = CYLINDRICAL_SURFACE('',#464,4.5);
#464 = AXIS2_PLACEMENT_3D('',#465,#466,#467);
#465 = CARTESIAN_POINT('',(4.5,41.5,0.));
#466 = DIRECTION('',(0.,0.,1.));
#467 = DIRECTION('',(1.,0.,0.));
#468 = ADVANCED_FACE('',(#469),#480,.T.);
#469 = FACE_BOUND('',#470,.T.);
#470 = EDGE_LOOP('',(#471,#472,#473,#474));
#471 = ORIENTED_EDGE('',*,*,#72,.F.);
#472 = ORIENTED_EDGE('',*,*,#209,.F.);
#473 = ORIENTED_EDGE('',*,*,#368,.T.);
#474 = ORIENTED_EDGE('',*,*,#475,.T.);
#475 = EDGE_CURVE('',#361,#73,#476,.T.);
#476 = LINE('',#477,#478);
#477 = CARTESIAN_POINT('',(54.,4.5,0.));
#478 = VECTOR('',#479,1.);
#479 = DIRECTION('',(0.,0.,1.));
#480 = CYLINDRICAL_SURFACE('',#481,4.5);
#481 = AXIS2_PLACEMENT_3D('',#482,#483,#484);
#482 = CARTESIAN_POINT('',(49.5,4.5,0.));
#483 = DIRECTION('',(0.,0.,1.));
#484 = DIRECTION('',(1.,0.,0.));
#485 = ADVANCED_FACE('',(#486),#497,.T.);
#486 = FACE_BOUND('',#487,.T.);
#487 = EDGE_LOOP('',(#488,#489,#490,#491));
#488 = ORIENTED_EDGE('',*,*,#343,.F.);
#489 = ORIENTED_EDGE('',*,*,#451,.T.);
#490 = ORIENTED_EDGE('',*,*,#98,.T.);
#491 = ORIENTED_EDGE('',*,*,#492,.F.);
#492 = EDGE_CURVE('',#344,#90,#493,.T.);
#493 = LINE('',#494,#495);
#494 = CARTESIAN_POINT('',(49.5,46.,0.));
#495 = VECTOR('',#496,1.);
#496 = DIRECTION('',(0.,0.,1.));
#497 = PLANE('',#498);
#498 = AXIS2_PLACEMENT_3D('',#499,#500,#501);
#499 = CARTESIAN_POINT('',(4.5,46.,0.));
#500 = DIRECTION('',(0.,1.,0.));
#501 = DIRECTION('',(0.,0.,1.));
#502 = ADVANCED_FACE('',(#503),#514,.T.);
#503 = FACE_BOUND('',#504,.T.);
#504 = EDGE_LOOP('',(#505,#506,#512,#513));
#505 = ORIENTED_EDGE('',*,*,#89,.F.);
#506 = ORIENTED_EDGE('',*,*,#507,.F.);
#507 = EDGE_CURVE('',#352,#82,#508,.T.);
#508 = LINE('',#509,#510);
#509 = CARTESIAN_POINT('',(54.,41.5,0.));
#510 = VECTOR('',#511,1.);
#511 = DIRECTION('',(0.,0.,1.));
#512 = ORIENTED_EDGE('',*,*,#351,.T.);
#513 = ORIENTED_EDGE('',*,*,#492,.T.);
#514 = CYLINDRICAL_SURFACE('',#515,4.5);
#515 = AXIS2_PLACEMENT_3D('',#516,#517,#518);
#516 = CARTESIAN_POINT('',(49.5,41.5,0.));
#517 = DIRECTION('',(0.,0.,1.));
#518 = DIRECTION('',(1.,0.,0.));
#519 = ADVANCED_FACE('',(#520),#546,.F.);
#520 = FACE_BOUND('',#521,.F.);
#521 = EDGE_LOOP('',(#522,#523,#531,#540));
#522 = ORIENTED_EDGE('',*,*,#123,.F.);
#523 = ORIENTED_EDGE('',*,*,#524,.F.);
#524 = EDGE_CURVE('',#525,#124,#527,.T.);
#525 = VERTEX_POINT('',#526);
#526 = CARTESIAN_POINT('',(2.4,4.5,28.));
#527 = LINE('',#528,#529);
#528 = CARTESIAN_POINT('',(2.4,4.5,2.4));
#529 = VECTOR('',#530,1.);
#530 = DIRECTION('',(0.,0.,1.));
#531 = ORIENTED_EDGE('',*,*,#532,.T.);
#532 = EDGE_CURVE('',#525,#533,#535,.T.);
#533 = VERTEX_POINT('',#534);
#534 = CARTESIAN_POINT('',(4.5,2.4,28.));
#535 = CIRCLE('',#536,2.1);
#536 = AXIS2_PLACEMENT_3D('',#537,#538,#539);
#537 = CARTESIAN_POINT('',(4.5,4.5,28.));
#538 = DIRECTION('',(0.,0.,1.));
#539 = DIRECTION('',(1.,0.,0.));
#540 = ORIENTED_EDGE('',*,*,#541,.T.);
#541 = EDGE_CURVE('',#533,#126,#542,.T.);
#542 = LINE('',#543,#544);
#543 = CARTESIAN_POINT('',(4.5,2.4,2.4));
#544 = VECTOR('',#545,1.);
#545 = DIRECTION('',(0.,0.,1.));
#546 = CYLINDRICAL_SURFACE('',#547,2.1);
#547 = AXIS2_PLACEMENT_3D('',#548,#549,#550);
#548 = CARTESIAN_POINT('',(4.5,4.5,2.4));
#549 = DIRECTION('',(0.,0.,1.));
#550 = DIRECTION('',(1.,0.,0.));
#551 = ADVANCED_FACE('',(#552,#602,#636,#670),#704,.T.);
#552 = FACE_BOUND('',#553,.T.);
#553 = EDGE_LOOP('',(#554,#564,#572,#578,#579,#580,#588,#596));
#554 = ORIENTED_EDGE('',*,*,#555,.F.);
#555 = EDGE_CURVE('',#556,#558,#560,.T.);
#556 = VERTEX_POINT('',#557);
#557 = CARTESIAN_POINT('',(6.865475810618,2.4,2.4));
#558 = VERTEX_POINT('',#559);
#559 = CARTESIAN_POINT('',(47.134524189382,2.4,2.4));
#560 = LINE('',#561,#562);
#561 = CARTESIAN_POINT('',(4.5,2.4,2.4));
#562 = VECTOR('',#563,1.);
#563 = DIRECTION('',(1.,0.,0.));
#564 = ORIENTED_EDGE('',*,*,#565,.T.);
#565 = EDGE_CURVE('',#556,#566,#568,.T.);
#566 = VERTEX_POINT('',#567);
#567 = CARTESIAN_POINT('',(6.865475810618,2.4,28.));
#568 = LINE('',#569,#570);
#569 = CARTESIAN_POINT('',(6.865475810618,2.4,2.3));
#570 = VECTOR('',#571,1.);
#571 = DIRECTION('',(0.,0.,1.));
#572 = ORIENTED_EDGE('',*,*,#573,.F.);
#573 = EDGE_CURVE('',#533,#566,#574,.T.);
#574 = LINE('',#575,#576);
#575 = CARTESIAN_POINT('',(4.75,2.4,28.));
#576 = VECTOR('',#577,1.);
#577 = DIRECTION('',(1.,0.,0.));
#578 = ORIENTED_EDGE('',*,*,#541,.T.);
#579 = ORIENTED_EDGE('',*,*,#185,.F.);
#580 = ORIENTED_EDGE('',*,*,#581,.F.);
#581 = EDGE_CURVE('',#582,#177,#584,.T.);
#582 = VERTEX_POINT('',#583);
#583 = CARTESIAN_POINT('',(49.5,2.4,28.));
#584 = LINE('',#585,#586);
#585 = CARTESIAN_POINT('',(49.5,2.4,2.4));
#586 = VECTOR('',#587,1.);
#587 = DIRECTION('',(0.,0.,1.));
#588 = ORIENTED_EDGE('',*,*,#589,.F.);
#589 = EDGE_CURVE('',#590,#582,#592,.T.);
#590 = VERTEX_POINT('',#591);
#591 = CARTESIAN_POINT('',(47.134524189382,2.4,28.));
#592 = LINE('',#593,#594);
#593 = CARTESIAN_POINT('',(26.75,2.4,28.));
#594 = VECTOR('',#595,1.);
#595 = DIRECTION('',(1.,0.,0.));
#596 = ORIENTED_EDGE('',*,*,#597,.F.);
#597 = EDGE_CURVE('',#558,#590,#598,.T.);
#598 = LINE('',#599,#600);
#599 = CARTESIAN_POINT('',(47.134524189382,2.4,2.3));
#600 = VECTOR('',#601,1.);
#601 = DIRECTION('',(0.,0.,1.));
#602 = FACE_BOUND('',#603,.T.);
#603 = EDGE_LOOP('',(#604,#614,#622,#630));
#604 = ORIENTED_EDGE('',*,*,#605,.F.);
#605 = EDGE_CURVE('',#606,#608,#610,.T.);
#606 = VERTEX_POINT('',#607);
#607 = CARTESIAN_POINT('',(20.,2.4,16.8));
#608 = VERTEX_POINT('',#609);
#609 = CARTESIAN_POINT('',(34.,2.4,16.8));
#610 = LINE('',#611,#612);
#611 = CARTESIAN_POINT('',(12.25,2.4,16.8));
#612 = VECTOR('',#613,1.);
#613 = DIRECTION('',(1.,0.,0.));
#614 = ORIENTED_EDGE('',*,*,#615,.T.);
#615 = EDGE_CURVE('',#606,#616,#618,.T.);
#616 = VERTEX_POINT('',#617);
#617 = CARTESIAN_POINT('',(20.,2.4,15.));
#618 = LINE('',#619,#620);
#619 = CARTESIAN_POINT('',(20.,2.4,8.7));
#620 = VECTOR('',#621,1.);
#621 = DIRECTION('',(0.,0.,-1.));
#622 = ORIENTED_EDGE('',*,*,#623,.T.);
#623 = EDGE_CURVE('',#616,#624,#626,.T.);
#624 = VERTEX_POINT('',#625);
#625 = CARTESIAN_POINT('',(34.,2.4,15.));
#626 = LINE('',#627,#628);
#627 = CARTESIAN_POINT('',(12.25,2.4,15.));
#628 = VECTOR('',#629,1.);
#629 = DIRECTION('',(1.,0.,0.));
#630 = ORIENTED_EDGE('',*,*,#631,.F.);
#631 = EDGE_CURVE('',#608,#624,#632,.T.);
#632 = LINE('',#633,#634);
#633 = CARTESIAN_POINT('',(34.,2.4,8.7));
#634 = VECTOR('',#635,1.);
#635 = DIRECTION('',(0.,0.,-1.));
#636 = FACE_BOUND('',#637,.T.);
#637 = EDGE_LOOP('',(#638,#648,#656,#664));
#638 = ORIENTED_EDGE('',*,*,#639,.F.);
#639 = EDGE_CURVE('',#640,#642,#644,.T.);
#640 = VERTEX_POINT('',#641);
#641 = CARTESIAN_POINT('',(20.,2.4,20.8));
#642 = VERTEX_POINT('',#643);
#643 = CARTESIAN_POINT('',(34.,2.4,20.8));
#644 = LINE('',#645,#646);
#645 = CARTESIAN_POINT('',(12.25,2.4,20.8));
#646 = VECTOR('',#647,1.);
#647 = DIRECTION('',(1.,0.,0.));
#648 = ORIENTED_EDGE('',*,*,#649,.T.);
#649 = EDGE_CURVE('',#640,#650,#652,.T.);
#650 = VERTEX_POINT('',#651);
#651 = CARTESIAN_POINT('',(20.,2.4,19.));
#652 = LINE('',#653,#654);
#653 = CARTESIAN_POINT('',(20.,2.4,10.7));
#654 = VECTOR('',#655,1.);
#655 = DIRECTION('',(0.,0.,-1.));
#656 = ORIENTED_EDGE('',*,*,#657,.T.);
#657 = EDGE_CURVE('',#650,#658,#660,.T.);
#658 = VERTEX_POINT('',#659);
#659 = CARTESIAN_POINT('',(34.,2.4,19.));
#660 = LINE('',#661,#662);
#661 = CARTESIAN_POINT('',(12.25,2.4,19.));
#662 = VECTOR('',#663,1.);
#663 = DIRECTION('',(1.,0.,0.));
#664 = ORIENTED_EDGE('',*,*,#665,.F.);
#665 = EDGE_CURVE('',#642,#658,#666,.T.);
#666 = LINE('',#667,#668);
#667 = CARTESIAN_POINT('',(34.,2.4,10.7));
#668 = VECTOR('',#669,1.);
#669 = DIRECTION('',(0.,0.,-1.));
#670 = FACE_BOUND('',#671,.T.);
#671 = EDGE_LOOP('',(#672,#682,#690,#698));
#672 = ORIENTED_EDGE('',*,*,#673,.F.);
#673 = EDGE_CURVE('',#674,#676,#678,.T.);
#674 = VERTEX_POINT('',#675);
#675 = CARTESIAN_POINT('',(20.,2.4,24.8));
#676 = VERTEX_POINT('',#677);
#677 = CARTESIAN_POINT('',(34.,2.4,24.8));
#678 = LINE('',#679,#680);
#679 = CARTESIAN_POINT('',(12.25,2.4,24.8));
#680 = VECTOR('',#681,1.);
#681 = DIRECTION('',(1.,0.,0.));
#682 = ORIENTED_EDGE('',*,*,#683,.T.);
#683 = EDGE_CURVE('',#674,#684,#686,.T.);
#684 = VERTEX_POINT('',#685);
#685 = CARTESIAN_POINT('',(20.,2.4,23.));
#686 = LINE('',#687,#688);
#687 = CARTESIAN_POINT('',(20.,2.4,12.7));
#688 = VECTOR('',#689,1.);
#689 = DIRECTION('',(0.,0.,-1.));
#690 = ORIENTED_EDGE('',*,*,#691,.T.);
#691 = EDGE_CURVE('',#684,#692,#694,.T.);
#692 = VERTEX_POINT('',#693);
#693 = CARTESIAN_POINT('',(34.,2.4,23.));
#694 = LINE('',#695,#696);
#695 = CARTESIAN_POINT('',(12.25,2.4,23.));
#696 = VECTOR('',#697,1.);
#697 = DIRECTION('',(1.,0.,0.));
#698 = ORIENTED_EDGE('',*,*,#699,.F.);
#699 = EDGE_CURVE('',#676,#692,#700,.T.);
#700 = LINE('',#701,#702);
#701 = CARTESIAN_POINT('',(34.,2.4,12.7));
#702 = VECTOR('',#703,1.);
#703 = DIRECTION('',(0.,0.,-1.));
#704 = PLANE('',#705);
#705 = AXIS2_PLACEMENT_3D('',#706,#707,#708);
#706 = CARTESIAN_POINT('',(4.5,2.4,2.4));
#707 = DIRECTION('',(0.,1.,0.));
#708 = DIRECTION('',(0.,0.,1.));
#709 = ADVANCED_FACE('',(#710),#729,.F.);
#710 = FACE_BOUND('',#711,.F.);
#711 = EDGE_LOOP('',(#712,#713,#714,#723));
#712 = ORIENTED_EDGE('',*,*,#176,.F.);
#713 = ORIENTED_EDGE('',*,*,#581,.F.);
#714 = ORIENTED_EDGE('',*,*,#715,.T.);
#715 = EDGE_CURVE('',#582,#716,#718,.T.);
#716 = VERTEX_POINT('',#717);
#717 = CARTESIAN_POINT('',(51.6,4.5,28.));
#718 = CIRCLE('',#719,2.1);
#719 = AXIS2_PLACEMENT_3D('',#720,#721,#722);
#720 = CARTESIAN_POINT('',(49.5,4.5,28.));
#721 = DIRECTION('',(0.,0.,1.));
#722 = DIRECTION('',(1.,0.,0.));
#723 = ORIENTED_EDGE('',*,*,#724,.T.);
#724 = EDGE_CURVE('',#716,#169,#725,.T.);
#725 = LINE('',#726,#727);
#726 = CARTESIAN_POINT('',(51.6,4.5,2.4));
#727 = VECTOR('',#728,1.);
#728 = DIRECTION('',(0.,0.,1.));
#729 = CYLINDRICAL_SURFACE('',#730,2.1);
#730 = AXIS2_PLACEMENT_3D('',#731,#732,#733);
#731 = CARTESIAN_POINT('',(49.5,4.5,2.4));
#732 = DIRECTION('',(0.,0.,1.));
#733 = DIRECTION('',(1.,0.,0.));
#734 = ADVANCED_FACE('',(#735,#785,#819,#853),#887,.F.);
#735 = FACE_BOUND('',#736,.F.);
#736 = EDGE_LOOP('',(#737,#738,#746,#754,#762,#770,#778,#784));
#737 = ORIENTED_EDGE('',*,*,#724,.F.);
#738 = ORIENTED_EDGE('',*,*,#739,.F.);
#739 = EDGE_CURVE('',#740,#716,#742,.T.);
#740 = VERTEX_POINT('',#741);
#741 = CARTESIAN_POINT('',(51.6,6.865475810618,28.));
#742 = LINE('',#743,#744);
#743 = CARTESIAN_POINT('',(51.6,4.75,28.));
#744 = VECTOR('',#745,1.);
#745 = DIRECTION('',(0.,-1.,0.));
#746 = ORIENTED_EDGE('',*,*,#747,.F.);
#747 = EDGE_CURVE('',#748,#740,#750,.T.);
#748 = VERTEX_POINT('',#749);
#749 = CARTESIAN_POINT('',(51.6,6.865475810618,2.4));
#750 = LINE('',#751,#752);
#751 = CARTESIAN_POINT('',(51.6,6.865475810618,2.3));
#752 = VECTOR('',#753,1.);
#753 = DIRECTION('',(0.,0.,1.));
#754 = ORIENTED_EDGE('',*,*,#755,.T.);
#755 = EDGE_CURVE('',#748,#756,#758,.T.);
#756 = VERTEX_POINT('',#757);
#757 = CARTESIAN_POINT('',(51.6,39.134524189382,2.4));
#758 = LINE('',#759,#760);
#759 = CARTESIAN_POINT('',(51.6,4.5,2.4));
#760 = VECTOR('',#761,1.);
#761 = DIRECTION('',(0.,1.,0.));
#762 = ORIENTED_EDGE('',*,*,#763,.T.);
#763 = EDGE_CURVE('',#756,#764,#766,.T.);
#764 = VERTEX_POINT('',#765);
#765 = CARTESIAN_POINT('',(51.6,39.134524189382,28.));
#766 = LINE('',#767,#768);
#767 = CARTESIAN_POINT('',(51.6,39.134524189382,2.3));
#768 = VECTOR('',#769,1.);
#769 = DIRECTION('',(0.,0.,1.));
#770 = ORIENTED_EDGE('',*,*,#771,.F.);
#771 = EDGE_CURVE('',#772,#764,#774,.T.);
#772 = VERTEX_POINT('',#773);
#773 = CARTESIAN_POINT('',(51.6,41.5,28.));
#774 = LINE('',#775,#776);
#775 = CARTESIAN_POINT('',(51.6,22.75,28.));
#776 = VECTOR('',#777,1.);
#777 = DIRECTION('',(0.,-1.,0.));
#778 = ORIENTED_EDGE('',*,*,#779,.T.);
#779 = EDGE_CURVE('',#772,#160,#780,.T.);
#780 = LINE('',#781,#782);
#781 = CARTESIAN_POINT('',(51.6,41.5,2.4));
#782 = VECTOR('',#783,1.);
#783 = DIRECTION('',(0.,0.,1.));
#784 = ORIENTED_EDGE('',*,*,#168,.F.);
#785 = FACE_BOUND('',#786,.F.);
#786 = EDGE_LOOP('',(#787,#797,#805,#813));
#787 = ORIENTED_EDGE('',*,*,#788,.T.);
#788 = EDGE_CURVE('',#789,#791,#793,.T.);
#789 = VERTEX_POINT('',#790);
#790 = CARTESIAN_POINT('',(51.6,29.9,8.05));
#791 = VERTEX_POINT('',#792);
#792 = CARTESIAN_POINT('',(51.6,27.9,8.05));
#793 = LINE('',#794,#795);
#794 = CARTESIAN_POINT('',(51.6,16.2,8.05));
#795 = VECTOR('',#796,1.);
#796 = DIRECTION('',(0.,-1.,0.));
#797 = ORIENTED_EDGE('',*,*,#798,.T.);
#798 = EDGE_CURVE('',#791,#799,#801,.T.);
#799 = VERTEX_POINT('',#800);
#800 = CARTESIAN_POINT('',(51.6,27.9,9.25));
#801 = LINE('',#802,#803);
#802 = CARTESIAN_POINT('',(51.6,27.9,5.225));
#803 = VECTOR('',#804,1.);
#804 = DIRECTION('',(0.,0.,1.));
#805 = ORIENTED_EDGE('',*,*,#806,.F.);
#806 = EDGE_CURVE('',#807,#799,#809,.T.);
#807 = VERTEX_POINT('',#808);
#808 = CARTESIAN_POINT('',(51.6,29.9,9.25));
#809 = LINE('',#810,#811);
#810 = CARTESIAN_POINT('',(51.6,16.2,9.25));
#811 = VECTOR('',#812,1.);
#812 = DIRECTION('',(0.,-1.,0.));
#813 = ORIENTED_EDGE('',*,*,#814,.F.);
#814 = EDGE_CURVE('',#789,#807,#815,.T.);
#815 = LINE('',#816,#817);
#816 = CARTESIAN_POINT('',(51.6,29.9,5.225));
#817 = VECTOR('',#818,1.);
#818 = DIRECTION('',(0.,0.,1.));
#819 = FACE_BOUND('',#820,.F.);
#820 = EDGE_LOOP('',(#821,#831,#839,#847));
#821 = ORIENTED_EDGE('',*,*,#822,.T.);
#822 = EDGE_CURVE('',#823,#825,#827,.T.);
#823 = VERTEX_POINT('',#824);
#824 = CARTESIAN_POINT('',(51.6,18.1,8.05));
#825 = VERTEX_POINT('',#826);
#826 = CARTESIAN_POINT('',(51.6,16.1,8.05));
#827 = LINE('',#828,#829);
#828 = CARTESIAN_POINT('',(51.6,10.3,8.05));
#829 = VECTOR('',#830,1.);
#830 = DIRECTION('',(0.,-1.,0.));
#831 = ORIENTED_EDGE('',*,*,#832,.T.);
#832 = EDGE_CURVE('',#825,#833,#835,.T.);
#833 = VERTEX_POINT('',#834);
#834 = CARTESIAN_POINT('',(51.6,16.1,9.25));
#835 = LINE('',#836,#837);
#836 = CARTESIAN_POINT('',(51.6,16.1,5.225));
#837 = VECTOR('',#838,1.);
#838 = DIRECTION('',(0.,0.,1.));
#839 = ORIENTED_EDGE('',*,*,#840,.F.);
#840 = EDGE_CURVE('',#841,#833,#843,.T.);
#841 = VERTEX_POINT('',#842);
#842 = CARTESIAN_POINT('',(51.6,18.1,9.25));
#843 = LINE('',#844,#845);
#844 = CARTESIAN_POINT('',(51.6,10.3,9.25));
#845 = VECTOR('',#846,1.);
#846 = DIRECTION('',(0.,-1.,0.));
#847 = ORIENTED_EDGE('',*,*,#848,.F.);
#848 = EDGE_CURVE('',#823,#841,#849,.T.);
#849 = LINE('',#850,#851);
#850 = CARTESIAN_POINT('',(51.6,18.1,5.225));
#851 = VECTOR('',#852,1.);
#852 = DIRECTION('',(0.,0.,1.));
#853 = FACE_BOUND('',#854,.F.);
#854 = EDGE_LOOP('',(#855,#865,#873,#881));
#855 = ORIENTED_EDGE('',*,*,#856,.T.);
#856 = EDGE_CURVE('',#857,#859,#861,.T.);
#857 = VERTEX_POINT('',#858);
#858 = CARTESIAN_POINT('',(51.6,29.,11.));
#859 = VERTEX_POINT('',#860);
#860 = CARTESIAN_POINT('',(51.6,17.,11.));
#861 = LINE('',#862,#863);
#862 = CARTESIAN_POINT('',(51.6,10.75,11.));
#863 = VECTOR('',#864,1.);
#864 = DIRECTION('',(0.,-1.,0.));
#865 = ORIENTED_EDGE('',*,*,#866,.T.);
#866 = EDGE_CURVE('',#859,#867,#869,.T.);
#867 = VERTEX_POINT('',#868);
#868 = CARTESIAN_POINT('',(51.6,17.,18.));
#869 = LINE('',#870,#871);
#870 = CARTESIAN_POINT('',(51.6,17.,6.7));
#871 = VECTOR('',#872,1.);
#872 = DIRECTION('',(0.,0.,1.));
#873 = ORIENTED_EDGE('',*,*,#874,.F.);
#874 = EDGE_CURVE('',#875,#867,#877,.T.);
#875 = VERTEX_POINT('',#876);
#876 = CARTESIAN_POINT('',(51.6,29.,18.));
#877 = LINE('',#878,#879);
#878 = CARTESIAN_POINT('',(51.6,10.75,18.));
#879 = VECTOR('',#880,1.);
#880 = DIRECTION('',(0.,-1.,0.));
#881 = ORIENTED_EDGE('',*,*,#882,.F.);
#882 = EDGE_CURVE('',#857,#875,#883,.T.);
#883 = LINE('',#884,#885);
#884 = CARTESIAN_POINT('',(51.6,29.,6.7));
#885 = VECTOR('',#886,1.);
#886 = DIRECTION('',(0.,0.,1.));
#887 = PLANE('',#888);
#888 = AXIS2_PLACEMENT_3D('',#889,#890,#891);
#889 = CARTESIAN_POINT('',(51.6,4.5,2.4));
#890 = DIRECTION('',(1.,0.,0.));
#891 = DIRECTION('',(0.,0.,1.));
#892 = ADVANCED_FACE('',(#893),#912,.F.);
#893 = FACE_BOUND('',#894,.F.);
#894 = EDGE_LOOP('',(#895,#896,#897,#906));
#895 = ORIENTED_EDGE('',*,*,#159,.F.);
#896 = ORIENTED_EDGE('',*,*,#779,.F.);
#897 = ORIENTED_EDGE('',*,*,#898,.T.);
#898 = EDGE_CURVE('',#772,#899,#901,.T.);
#899 = VERTEX_POINT('',#900);
#900 = CARTESIAN_POINT('',(49.5,43.6,28.));
#901 = CIRCLE('',#902,2.1);
#902 = AXIS2_PLACEMENT_3D('',#903,#904,#905);
#903 = CARTESIAN_POINT('',(49.5,41.5,28.));
#904 = DIRECTION('',(0.,0.,1.));
#905 = DIRECTION('',(1.,0.,0.));
#906 = ORIENTED_EDGE('',*,*,#907,.T.);
#907 = EDGE_CURVE('',#899,#152,#908,.T.);
#908 = LINE('',#909,#910);
#909 = CARTESIAN_POINT('',(49.5,43.6,2.4));
#910 = VECTOR('',#911,1.);
#911 = DIRECTION('',(0.,0.,1.));
#912 = CYLINDRICAL_SURFACE('',#913,2.1);
#913 = AXIS2_PLACEMENT_3D('',#914,#915,#916);
#914 = CARTESIAN_POINT('',(49.5,41.5,2.4));
#915 = DIRECTION('',(0.,0.,1.));
#916 = DIRECTION('',(1.,0.,0.));
#917 = ADVANCED_FACE('',(#918),#968,.F.);
#918 = FACE_BOUND('',#919,.F.);
#919 = EDGE_LOOP('',(#920,#930,#938,#946,#952,#953,#954,#962));
#920 = ORIENTED_EDGE('',*,*,#921,.F.);
#921 = EDGE_CURVE('',#922,#924,#926,.T.);
#922 = VERTEX_POINT('',#923);
#923 = CARTESIAN_POINT('',(6.865475810618,43.6,2.4));
#924 = VERTEX_POINT('',#925);
#925 = CARTESIAN_POINT('',(47.134524189382,43.6,2.4));
#926 = LINE('',#927,#928);
#927 = CARTESIAN_POINT('',(4.5,43.6,2.4));
#928 = VECTOR('',#929,1.);
#929 = DIRECTION('',(1.,0.,0.));
#930 = ORIENTED_EDGE('',*,*,#931,.T.);
#931 = EDGE_CURVE('',#922,#932,#934,.T.);
#932 = VERTEX_POINT('',#933);
#933 = CARTESIAN_POINT('',(6.865475810618,43.6,28.));
#934 = LINE('',#935,#936);
#935 = CARTESIAN_POINT('',(6.865475810618,43.6,2.3));
#936 = VECTOR('',#937,1.);
#937 = DIRECTION('',(0.,0.,1.));
#938 = ORIENTED_EDGE('',*,*,#939,.F.);
#939 = EDGE_CURVE('',#940,#932,#942,.T.);
#940 = VERTEX_POINT('',#941);
#941 = CARTESIAN_POINT('',(4.5,43.6,28.));
#942 = LINE('',#943,#944);
#943 = CARTESIAN_POINT('',(4.75,43.6,28.));
#944 = VECTOR('',#945,1.);
#945 = DIRECTION('',(1.,0.,0.));
#946 = ORIENTED_EDGE('',*,*,#947,.T.);
#947 = EDGE_CURVE('',#940,#143,#948,.T.);
#948 = LINE('',#949,#950);
#949 = CARTESIAN_POINT('',(4.5,43.6,2.4));
#950 = VECTOR('',#951,1.);
#951 = DIRECTION('',(0.,0.,1.));
#952 = ORIENTED_EDGE('',*,*,#151,.F.);
#953 = ORIENTED_EDGE('',*,*,#907,.F.);
#954 = ORIENTED_EDGE('',*,*,#955,.F.);
#955 = EDGE_CURVE('',#956,#899,#958,.T.);
#956 = VERTEX_POINT('',#957);
#957 = CARTESIAN_POINT('',(47.134524189382,43.6,28.));
#958 = LINE('',#959,#960);
#959 = CARTESIAN_POINT('',(26.75,43.6,28.));
#960 = VECTOR('',#961,1.);
#961 = DIRECTION('',(1.,0.,0.));
#962 = ORIENTED_EDGE('',*,*,#963,.F.);
#963 = EDGE_CURVE('',#924,#956,#964,.T.);
#964 = LINE('',#965,#966);
#965 = CARTESIAN_POINT('',(47.134524189382,43.6,2.3));
#966 = VECTOR('',#967,1.);
#967 = DIRECTION('',(0.,0.,1.));
#968 = PLANE('',#969);
#969 = AXIS2_PLACEMENT_3D('',#970,#971,#972);
#970 = CARTESIAN_POINT('',(4.5,43.6,2.4));
#971 = DIRECTION('',(0.,1.,0.));
#972 = DIRECTION('',(0.,0.,1.));
#973 = ADVANCED_FACE('',(#974),#993,.F.);
#974 = FACE_BOUND('',#975,.F.);
#975 = EDGE_LOOP('',(#976,#977,#978,#987));
#976 = ORIENTED_EDGE('',*,*,#142,.F.);
#977 = ORIENTED_EDGE('',*,*,#947,.F.);
#978 = ORIENTED_EDGE('',*,*,#979,.T.);
#979 = EDGE_CURVE('',#940,#980,#982,.T.);
#980 = VERTEX_POINT('',#981);
#981 = CARTESIAN_POINT('',(2.4,41.5,28.));
#982 = CIRCLE('',#983,2.1);
#983 = AXIS2_PLACEMENT_3D('',#984,#985,#986);
#984 = CARTESIAN_POINT('',(4.5,41.5,28.));
#985 = DIRECTION('',(0.,0.,1.));
#986 = DIRECTION('',(1.,0.,0.));
#987 = ORIENTED_EDGE('',*,*,#988,.T.);
#988 = EDGE_CURVE('',#980,#135,#989,.T.);
#989 = LINE('',#990,#991);
#990 = CARTESIAN_POINT('',(2.4,41.5,2.4));
#991 = VECTOR('',#992,1.);
#992 = DIRECTION('',(0.,0.,1.));
#993 = CYLINDRICAL_SURFACE('',#994,2.1);
#994 = AXIS2_PLACEMENT_3D('',#995,#996,#997);
#995 = CARTESIAN_POINT('',(4.5,41.5,2.4));
#996 = DIRECTION('',(0.,0.,1.));
#997 = DIRECTION('',(1.,0.,0.));
#998 = ADVANCED_FACE('',(#999,#1042,#1076,#1110),#1144,.T.);
#999 = FACE_BOUND('',#1000,.T.);
#1000 = EDGE_LOOP('',(#1001,#1002,#1010,#1018,#1026,#1034,#1040,#1041));
#1001 = ORIENTED_EDGE('',*,*,#524,.F.);
#1002 = ORIENTED_EDGE('',*,*,#1003,.F.);
#1003 = EDGE_CURVE('',#1004,#525,#1006,.T.);
#1004 = VERTEX_POINT('',#1005);
#1005 = CARTESIAN_POINT('',(2.4,6.865475810618,28.));
#1006 = LINE('',#1007,#1008);
#1007 = CARTESIAN_POINT('',(2.4,4.75,28.));
#1008 = VECTOR('',#1009,1.);
#1009 = DIRECTION('',(0.,-1.,0.));
#1010 = ORIENTED_EDGE('',*,*,#1011,.F.);
#1011 = EDGE_CURVE('',#1012,#1004,#1014,.T.);
#1012 = VERTEX_POINT('',#1013);
#1013 = CARTESIAN_POINT('',(2.4,6.865475810618,2.4));
#1014 = LINE('',#1015,#1016);
#1015 = CARTESIAN_POINT('',(2.4,6.865475810618,2.3));
#1016 = VECTOR('',#1017,1.);
#1017 = DIRECTION('',(0.,0.,1.));
#1018 = ORIENTED_EDGE('',*,*,#1019,.T.);
#1019 = EDGE_CURVE('',#1012,#1020,#1022,.T.);
#1020 = VERTEX_POINT('',#1021);
#1021 = CARTESIAN_POINT('',(2.4,39.134524189382,2.4));
#1022 = LINE('',#1023,#1024);
#1023 = CARTESIAN_POINT('',(2.4,4.5,2.4));
#1024 = VECTOR('',#1025,1.);
#1025 = DIRECTION('',(0.,1.,0.));
#1026 = ORIENTED_EDGE('',*,*,#1027,.T.);
#1027 = EDGE_CURVE('',#1020,#1028,#1030,.T.);
#1028 = VERTEX_POINT('',#1029);
#1029 = CARTESIAN_POINT('',(2.4,39.134524189382,28.));
#1030 = LINE('',#1031,#1032);
#1031 = CARTESIAN_POINT('',(2.4,39.134524189382,2.3));
#1032 = VECTOR('',#1033,1.);
#1033 = DIRECTION('',(0.,0.,1.));
#1034 = ORIENTED_EDGE('',*,*,#1035,.F.);
#1035 = EDGE_CURVE('',#980,#1028,#1036,.T.);
#1036 = LINE('',#1037,#1038);
#1037 = CARTESIAN_POINT('',(2.4,22.75,28.));
#1038 = VECTOR('',#1039,1.);
#1039 = DIRECTION('',(0.,-1.,0.));
#1040 = ORIENTED_EDGE('',*,*,#988,.T.);
#1041 = ORIENTED_EDGE('',*,*,#134,.F.);
#1042 = FACE_BOUND('',#1043,.T.);
#1043 = EDGE_LOOP('',(#1044,#1054,#1062,#1070));
#1044 = ORIENTED_EDGE('',*,*,#1045,.T.);
#1045 = EDGE_CURVE('',#1046,#1048,#1050,.T.);
#1046 = VERTEX_POINT('',#1047);
#1047 = CARTESIAN_POINT('',(2.4,29.9,8.05));
#1048 = VERTEX_POINT('',#1049);
#1049 = CARTESIAN_POINT('',(2.4,27.9,8.05));
#1050 = LINE('',#1051,#1052);
#1051 = CARTESIAN_POINT('',(2.4,16.2,8.05));
#1052 = VECTOR('',#1053,1.);
#1053 = DIRECTION('',(0.,-1.,0.));
#1054 = ORIENTED_EDGE('',*,*,#1055,.T.);
#1055 = EDGE_CURVE('',#1048,#1056,#1058,.T.);
#1056 = VERTEX_POINT('',#1057);
#1057 = CARTESIAN_POINT('',(2.4,27.9,9.25));
#1058 = LINE('',#1059,#1060);
#1059 = CARTESIAN_POINT('',(2.4,27.9,5.225));
#1060 = VECTOR('',#1061,1.);
#1061 = DIRECTION('',(0.,0.,1.));
#1062 = ORIENTED_EDGE('',*,*,#1063,.F.);
#1063 = EDGE_CURVE('',#1064,#1056,#1066,.T.);
#1064 = VERTEX_POINT('',#1065);
#1065 = CARTESIAN_POINT('',(2.4,29.9,9.25));
#1066 = LINE('',#1067,#1068);
#1067 = CARTESIAN_POINT('',(2.4,16.2,9.25));
#1068 = VECTOR('',#1069,1.);
#1069 = DIRECTION('',(0.,-1.,0.));
#1070 = ORIENTED_EDGE('',*,*,#1071,.F.);
#1071 = EDGE_CURVE('',#1046,#1064,#1072,.T.);
#1072 = LINE('',#1073,#1074);
#1073 = CARTESIAN_POINT('',(2.4,29.9,5.225));
#1074 = VECTOR('',#1075,1.);
#1075 = DIRECTION('',(0.,0.,1.));
#1076 = FACE_BOUND('',#1077,.T.);
#1077 = EDGE_LOOP('',(#1078,#1088,#1096,#1104));
#1078 = ORIENTED_EDGE('',*,*,#1079,.T.);
#1079 = EDGE_CURVE('',#1080,#1082,#1084,.T.);
#1080 = VERTEX_POINT('',#1081);
#1081 = CARTESIAN_POINT('',(2.4,27.,5.));
#1082 = VERTEX_POINT('',#1083);
#1083 = CARTESIAN_POINT('',(2.4,19.,5.));
#1084 = LINE('',#1085,#1086);
#1085 = CARTESIAN_POINT('',(2.4,11.75,5.));
#1086 = VECTOR('',#1087,1.);
#1087 = DIRECTION('',(0.,-1.,0.));
#1088 = ORIENTED_EDGE('',*,*,#1089,.T.);
#1089 = EDGE_CURVE('',#1082,#1090,#1092,.T.);
#1090 = VERTEX_POINT('',#1091);
#1091 = CARTESIAN_POINT('',(2.4,19.,10.));
#1092 = LINE('',#1093,#1094);
#1093 = CARTESIAN_POINT('',(2.4,19.,3.7));
#1094 = VECTOR('',#1095,1.);
#1095 = DIRECTION('',(0.,0.,1.));
#1096 = ORIENTED_EDGE('',*,*,#1097,.F.);
#1097 = EDGE_CURVE('',#1098,#1090,#1100,.T.);
#1098 = VERTEX_POINT('',#1099);
#1099 = CARTESIAN_POINT('',(2.4,27.,10.));
#1100 = LINE('',#1101,#1102);
#1101 = CARTESIAN_POINT('',(2.4,11.75,10.));
#1102 = VECTOR('',#1103,1.);
#1103 = DIRECTION('',(0.,-1.,0.));
#1104 = ORIENTED_EDGE('',*,*,#1105,.F.);
#1105 = EDGE_CURVE('',#1080,#1098,#1106,.T.);
#1106 = LINE('',#1107,#1108);
#1107 = CARTESIAN_POINT('',(2.4,27.,3.7));
#1108 = VECTOR('',#1109,1.);
#1109 = DIRECTION('',(0.,0.,1.));
#1110 = FACE_BOUND('',#1111,.T.);
#1111 = EDGE_LOOP('',(#1112,#1122,#1130,#1138));
#1112 = ORIENTED_EDGE('',*,*,#1113,.T.);
#1113 = EDGE_CURVE('',#1114,#1116,#1118,.T.);
#1114 = VERTEX_POINT('',#1115);
#1115 = CARTESIAN_POINT('',(2.4,18.1,8.05));
#1116 = VERTEX_POINT('',#1117);
#1117 = CARTESIAN_POINT('',(2.4,16.1,8.05));
#1118 = LINE('',#1119,#1120);
#1119 = CARTESIAN_POINT('',(2.4,10.3,8.05));
#1120 = VECTOR('',#1121,1.);
#1121 = DIRECTION('',(0.,-1.,0.));
#1122 = ORIENTED_EDGE('',*,*,#1123,.T.);
#1123 = EDGE_CURVE('',#1116,#1124,#1126,.T.);
#1124 = VERTEX_POINT('',#1125);
#1125 = CARTESIAN_POINT('',(2.4,16.1,9.25));
#1126 = LINE('',#1127,#1128);
#1127 = CARTESIAN_POINT('',(2.4,16.1,5.225));
#1128 = VECTOR('',#1129,1.);
#1129 = DIRECTION('',(0.,0.,1.));
#1130 = ORIENTED_EDGE('',*,*,#1131,.F.);
#1131 = EDGE_CURVE('',#1132,#1124,#1134,.T.);
#1132 = VERTEX_POINT('',#1133);
#1133 = CARTESIAN_POINT('',(2.4,18.1,9.25));
#1134 = LINE('',#1135,#1136);
#1135 = CARTESIAN_POINT('',(2.4,10.3,9.25));
#1136 = VECTOR('',#1137,1.);
#1137 = DIRECTION('',(0.,-1.,0.));
#1138 = ORIENTED_EDGE('',*,*,#1139,.F.);
#1139 = EDGE_CURVE('',#1114,#1132,#1140,.T.);
#1140 = LINE('',#1141,#1142);
#1141 = CARTESIAN_POINT('',(2.4,18.1,5.225));
#1142 = VECTOR('',#1143,1.);
#1143 = DIRECTION('',(0.,0.,1.));
#1144 = PLANE('',#1145);
#1145 = AXIS2_PLACEMENT_3D('',#1146,#1147,#1148);
#1146 = CARTESIAN_POINT('',(2.4,4.5,2.4));
#1147 = DIRECTION('',(1.,0.,0.));
#1148 = DIRECTION('',(0.,0.,1.));
#1149 = ADVANCED_FACE('',(#1150),#1166,.F.);
#1150 = FACE_BOUND('',#1151,.F.);
#1151 = EDGE_LOOP('',(#1152,#1158,#1159,#1165));
#1152 = ORIENTED_EDGE('',*,*,#1153,.F.);
#1153 = EDGE_CURVE('',#218,#606,#1154,.T.);
#1154 = LINE('',#1155,#1156);
#1155 = CARTESIAN_POINT('',(20.,-0.5,16.8));
#1156 = VECTOR('',#1157,1.);
#1157 = DIRECTION('',(0.,1.,0.));
#1158 = ORIENTED_EDGE('',*,*,#217,.T.);
#1159 = ORIENTED_EDGE('',*,*,#1160,.T.);
#1160 = EDGE_CURVE('',#220,#608,#1161,.T.);
#1161 = LINE('',#1162,#1163);
#1162 = CARTESIAN_POINT('',(34.,-0.5,16.8));
#1163 = VECTOR('',#1164,1.);
#1164 = DIRECTION('',(0.,1.,0.));
#1165 = ORIENTED_EDGE('',*,*,#605,.F.);
#1166 = PLANE('',#1167);
#1167 = AXIS2_PLACEMENT_3D('',#1168,#1169,#1170);
#1168 = CARTESIAN_POINT('',(20.,-0.5,16.8));
#1169 = DIRECTION('',(0.,0.,1.));
#1170 = DIRECTION('',(1.,0.,0.));
#1171 = ADVANCED_FACE('',(#1172),#1183,.T.);
#1172 = FACE_BOUND('',#1173,.T.);
#1173 = EDGE_LOOP('',(#1174,#1175,#1176,#1182));
#1174 = ORIENTED_EDGE('',*,*,#1153,.F.);
#1175 = ORIENTED_EDGE('',*,*,#227,.T.);
#1176 = ORIENTED_EDGE('',*,*,#1177,.T.);
#1177 = EDGE_CURVE('',#228,#616,#1178,.T.);
#1178 = LINE('',#1179,#1180);
#1179 = CARTESIAN_POINT('',(20.,-0.5,15.));
#1180 = VECTOR('',#1181,1.);
#1181 = DIRECTION('',(0.,1.,0.));
#1182 = ORIENTED_EDGE('',*,*,#615,.F.);
#1183 = PLANE('',#1184);
#1184 = AXIS2_PLACEMENT_3D('',#1185,#1186,#1187);
#1185 = CARTESIAN_POINT('',(20.,-0.5,15.));
#1186 = DIRECTION('',(1.,0.,0.));
#1187 = DIRECTION('',(0.,0.,1.));
#1188 = ADVANCED_FACE('',(#1189),#1200,.F.);
#1189 = FACE_BOUND('',#1190,.F.);
#1190 = EDGE_LOOP('',(#1191,#1192,#1193,#1199));
#1191 = ORIENTED_EDGE('',*,*,#1160,.F.);
#1192 = ORIENTED_EDGE('',*,*,#243,.T.);
#1193 = ORIENTED_EDGE('',*,*,#1194,.T.);
#1194 = EDGE_CURVE('',#236,#624,#1195,.T.);
#1195 = LINE('',#1196,#1197);
#1196 = CARTESIAN_POINT('',(34.,-0.5,15.));
#1197 = VECTOR('',#1198,1.);
#1198 = DIRECTION('',(0.,1.,0.));
#1199 = ORIENTED_EDGE('',*,*,#631,.F.);
#1200 = PLANE('',#1201);
#1201 = AXIS2_PLACEMENT_3D('',#1202,#1203,#1204);
#1202 = CARTESIAN_POINT('',(34.,-0.5,15.));
#1203 = DIRECTION('',(1.,0.,0.));
#1204 = DIRECTION('',(0.,0.,1.));
#1205 = ADVANCED_FACE('',(#1206),#1212,.T.);
#1206 = FACE_BOUND('',#1207,.T.);
#1207 = EDGE_LOOP('',(#1208,#1209,#1210,#1211));
#1208 = ORIENTED_EDGE('',*,*,#1177,.F.);
#1209 = ORIENTED_EDGE('',*,*,#235,.T.);
#1210 = ORIENTED_EDGE('',*,*,#1194,.T.);
#1211 = ORIENTED_EDGE('',*,*,#623,.F.);
#1212 = PLANE('',#1213);
#1213 = AXIS2_PLACEMENT_3D('',#1214,#1215,#1216);
#1214 = CARTESIAN_POINT('',(20.,-0.5,15.));
#1215 = DIRECTION('',(0.,0.,1.));
#1216 = DIRECTION('',(1.,0.,0.));
#1217 = ADVANCED_FACE('',(#1218),#1234,.F.);
#1218 = FACE_BOUND('',#1219,.F.);
#1219 = EDGE_LOOP('',(#1220,#1226,#1227,#1233));
#1220 = ORIENTED_EDGE('',*,*,#1221,.F.);
#1221 = EDGE_CURVE('',#252,#640,#1222,.T.);
#1222 = LINE('',#1223,#1224);
#1223 = CARTESIAN_POINT('',(20.,-0.5,20.8));
#1224 = VECTOR('',#1225,1.);
#1225 = DIRECTION('',(0.,1.,0.));
#1226 = ORIENTED_EDGE('',*,*,#251,.T.);
#1227 = ORIENTED_EDGE('',*,*,#1228,.T.);
#1228 = EDGE_CURVE('',#254,#642,#1229,.T.);
#1229 = LINE('',#1230,#1231);
#1230 = CARTESIAN_POINT('',(34.,-0.5,20.8));
#1231 = VECTOR('',#1232,1.);
#1232 = DIRECTION('',(0.,1.,0.));
#1233 = ORIENTED_EDGE('',*,*,#639,.F.);
#1234 = PLANE('',#1235);
#1235 = AXIS2_PLACEMENT_3D('',#1236,#1237,#1238);
#1236 = CARTESIAN_POINT('',(20.,-0.5,20.8));
#1237 = DIRECTION('',(0.,0.,1.));
#1238 = DIRECTION('',(1.,0.,0.));
#1239 = ADVANCED_FACE('',(#1240),#1251,.T.);
#1240 = FACE_BOUND('',#1241,.T.);
#1241 = EDGE_LOOP('',(#1242,#1243,#1244,#1250));
#1242 = ORIENTED_EDGE('',*,*,#1221,.F.);
#1243 = ORIENTED_EDGE('',*,*,#261,.T.);
#1244 = ORIENTED_EDGE('',*,*,#1245,.T.);
#1245 = EDGE_CURVE('',#262,#650,#1246,.T.);
#1246 = LINE('',#1247,#1248);
#1247 = CARTESIAN_POINT('',(20.,-0.5,19.));
#1248 = VECTOR('',#1249,1.);
#1249 = DIRECTION('',(0.,1.,0.));
#1250 = ORIENTED_EDGE('',*,*,#649,.F.);
#1251 = PLANE('',#1252);
#1252 = AXIS2_PLACEMENT_3D('',#1253,#1254,#1255);
#1253 = CARTESIAN_POINT('',(20.,-0.5,19.));
#1254 = DIRECTION('',(1.,0.,0.));
#1255 = DIRECTION('',(0.,0.,1.));
#1256 = ADVANCED_FACE('',(#1257),#1268,.F.);
#1257 = FACE_BOUND('',#1258,.F.);
#1258 = EDGE_LOOP('',(#1259,#1260,#1261,#1267));
#1259 = ORIENTED_EDGE('',*,*,#1228,.F.);
#1260 = ORIENTED_EDGE('',*,*,#277,.T.);
#1261 = ORIENTED_EDGE('',*,*,#1262,.T.);
#1262 = EDGE_CURVE('',#270,#658,#1263,.T.);
#1263 = LINE('',#1264,#1265);
#1264 = CARTESIAN_POINT('',(34.,-0.5,19.));
#1265 = VECTOR('',#1266,1.);
#1266 = DIRECTION('',(0.,1.,0.));
#1267 = ORIENTED_EDGE('',*,*,#665,.F.);
#1268 = PLANE('',#1269);
#1269 = AXIS2_PLACEMENT_3D('',#1270,#1271,#1272);
#1270 = CARTESIAN_POINT('',(34.,-0.5,19.));
#1271 = DIRECTION('',(1.,0.,0.));
#1272 = DIRECTION('',(0.,0.,1.));
#1273 = ADVANCED_FACE('',(#1274),#1280,.T.);
#1274 = FACE_BOUND('',#1275,.T.);
#1275 = EDGE_LOOP('',(#1276,#1277,#1278,#1279));
#1276 = ORIENTED_EDGE('',*,*,#1245,.F.);
#1277 = ORIENTED_EDGE('',*,*,#269,.T.);
#1278 = ORIENTED_EDGE('',*,*,#1262,.T.);
#1279 = ORIENTED_EDGE('',*,*,#657,.F.);
#1280 = PLANE('',#1281);
#1281 = AXIS2_PLACEMENT_3D('',#1282,#1283,#1284);
#1282 = CARTESIAN_POINT('',(20.,-0.5,19.));
#1283 = DIRECTION('',(0.,0.,1.));
#1284 = DIRECTION('',(1.,0.,0.));
#1285 = ADVANCED_FACE('',(#1286),#1302,.F.);
#1286 = FACE_BOUND('',#1287,.F.);
#1287 = EDGE_LOOP('',(#1288,#1294,#1295,#1301));
#1288 = ORIENTED_EDGE('',*,*,#1289,.F.);
#1289 = EDGE_CURVE('',#286,#674,#1290,.T.);
#1290 = LINE('',#1291,#1292);
#1291 = CARTESIAN_POINT('',(20.,-0.5,24.8));
#1292 = VECTOR('',#1293,1.);
#1293 = DIRECTION('',(0.,1.,0.));
#1294 = ORIENTED_EDGE('',*,*,#285,.T.);
#1295 = ORIENTED_EDGE('',*,*,#1296,.T.);
#1296 = EDGE_CURVE('',#288,#676,#1297,.T.);
#1297 = LINE('',#1298,#1299);
#1298 = CARTESIAN_POINT('',(34.,-0.5,24.8));
#1299 = VECTOR('',#1300,1.);
#1300 = DIRECTION('',(0.,1.,0.));
#1301 = ORIENTED_EDGE('',*,*,#673,.F.);
#1302 = PLANE('',#1303);
#1303 = AXIS2_PLACEMENT_3D('',#1304,#1305,#1306);
#1304 = CARTESIAN_POINT('',(20.,-0.5,24.8));
#1305 = DIRECTION('',(0.,0.,1.));
#1306 = DIRECTION('',(1.,0.,0.));
#1307 = ADVANCED_FACE('',(#1308),#1319,.F.);
#1308 = FACE_BOUND('',#1309,.F.);
#1309 = EDGE_LOOP('',(#1310,#1311,#1312,#1318));
#1310 = ORIENTED_EDGE('',*,*,#1296,.F.);
#1311 = ORIENTED_EDGE('',*,*,#311,.T.);
#1312 = ORIENTED_EDGE('',*,*,#1313,.T.);
#1313 = EDGE_CURVE('',#304,#692,#1314,.T.);
#1314 = LINE('',#1315,#1316);
#1315 = CARTESIAN_POINT('',(34.,-0.5,23.));
#1316 = VECTOR('',#1317,1.);
#1317 = DIRECTION('',(0.,1.,0.));
#1318 = ORIENTED_EDGE('',*,*,#699,.F.);
#1319 = PLANE('',#1320);
#1320 = AXIS2_PLACEMENT_3D('',#1321,#1322,#1323);
#1321 = CARTESIAN_POINT('',(34.,-0.5,23.));
#1322 = DIRECTION('',(1.,0.,0.));
#1323 = DIRECTION('',(0.,0.,1.));
#1324 = ADVANCED_FACE('',(#1325),#1336,.T.);
#1325 = FACE_BOUND('',#1326,.T.);
#1326 = EDGE_LOOP('',(#1327,#1333,#1334,#1335));
#1327 = ORIENTED_EDGE('',*,*,#1328,.F.);
#1328 = EDGE_CURVE('',#296,#684,#1329,.T.);
#1329 = LINE('',#1330,#1331);
#1330 = CARTESIAN_POINT('',(20.,-0.5,23.));
#1331 = VECTOR('',#1332,1.);
#1332 = DIRECTION('',(0.,1.,0.));
#1333 = ORIENTED_EDGE('',*,*,#303,.T.);
#1334 = ORIENTED_EDGE('',*,*,#1313,.T.);
#1335 = ORIENTED_EDGE('',*,*,#691,.F.);
#1336 = PLANE('',#1337);
#1337 = AXIS2_PLACEMENT_3D('',#1338,#1339,#1340);
#1338 = CARTESIAN_POINT('',(20.,-0.5,23.));
#1339 = DIRECTION('',(0.,0.,1.));
#1340 = DIRECTION('',(1.,0.,0.));
#1341 = ADVANCED_FACE('',(#1342),#1348,.T.);
#1342 = FACE_BOUND('',#1343,.T.);
#1343 = EDGE_LOOP('',(#1344,#1345,#1346,#1347));
#1344 = ORIENTED_EDGE('',*,*,#1289,.F.);
#1345 = ORIENTED_EDGE('',*,*,#295,.T.);
#1346 = ORIENTED_EDGE('',*,*,#1328,.T.);
#1347 = ORIENTED_EDGE('',*,*,#683,.F.);
#1348 = PLANE('',#1349);
#1349 = AXIS2_PLACEMENT_3D('',#1350,#1351,#1352);
#1350 = CARTESIAN_POINT('',(20.,-0.5,23.));
#1351 = DIRECTION('',(1.,0.,0.));
#1352 = DIRECTION('',(0.,0.,1.));
#1353 = ADVANCED_FACE('',(#1354),#1379,.T.);
#1354 = FACE_BOUND('',#1355,.T.);
#1355 = EDGE_LOOP('',(#1356,#1364,#1372,#1378));
#1356 = ORIENTED_EDGE('',*,*,#1357,.F.);
#1357 = EDGE_CURVE('',#1358,#381,#1360,.T.);
#1358 = VERTEX_POINT('',#1359);
#1359 = CARTESIAN_POINT('',(44.,36.5,-2.));
#1360 = LINE('',#1361,#1362);
#1361 = CARTESIAN_POINT('',(44.,36.5,-2.));
#1362 = VECTOR('',#1363,1.);
#1363 = DIRECTION('',(0.,0.,1.));
#1364 = ORIENTED_EDGE('',*,*,#1365,.F.);
#1365 = EDGE_CURVE('',#1366,#1358,#1368,.T.);
#1366 = VERTEX_POINT('',#1367);
#1367 = CARTESIAN_POINT('',(10.,36.5,-2.));
#1368 = LINE('',#1369,#1370);
#1369 = CARTESIAN_POINT('',(10.,36.5,-2.));
#1370 = VECTOR('',#1371,1.);
#1371 = DIRECTION('',(1.,0.,0.));
#1372 = ORIENTED_EDGE('',*,*,#1373,.T.);
#1373 = EDGE_CURVE('',#1366,#379,#1374,.T.);
#1374 = LINE('',#1375,#1376);
#1375 = CARTESIAN_POINT('',(10.,36.5,-2.));
#1376 = VECTOR('',#1377,1.);
#1377 = DIRECTION('',(0.,0.,1.));
#1378 = ORIENTED_EDGE('',*,*,#378,.T.);
#1379 = PLANE('',#1380);
#1380 = AXIS2_PLACEMENT_3D('',#1381,#1382,#1383);
#1381 = CARTESIAN_POINT('',(10.,36.5,-2.));
#1382 = DIRECTION('',(0.,1.,0.));
#1383 = DIRECTION('',(0.,0.,1.));
#1384 = ADVANCED_FACE('',(#1385),#1403,.T.);
#1385 = FACE_BOUND('',#1386,.T.);
#1386 = EDGE_LOOP('',(#1387,#1395,#1401,#1402));
#1387 = ORIENTED_EDGE('',*,*,#1388,.F.);
#1388 = EDGE_CURVE('',#1389,#429,#1391,.T.);
#1389 = VERTEX_POINT('',#1390);
#1390 = CARTESIAN_POINT('',(44.,9.5,-2.));
#1391 = LINE('',#1392,#1393);
#1392 = CARTESIAN_POINT('',(44.,9.5,-2.));
#1393 = VECTOR('',#1394,1.);
#1394 = DIRECTION('',(0.,0.,1.));
#1395 = ORIENTED_EDGE('',*,*,#1396,.T.);
#1396 = EDGE_CURVE('',#1389,#1358,#1397,.T.);
#1397 = LINE('',#1398,#1399);
#1398 = CARTESIAN_POINT('',(44.,9.5,-2.));
#1399 = VECTOR('',#1400,1.);
#1400 = DIRECTION('',(0.,1.,0.));
#1401 = ORIENTED_EDGE('',*,*,#1357,.T.);
#1402 = ORIENTED_EDGE('',*,*,#436,.T.);
#1403 = PLANE('',#1404);
#1404 = AXIS2_PLACEMENT_3D('',#1405,#1406,#1407);
#1405 = CARTESIAN_POINT('',(44.,9.5,-2.));
#1406 = DIRECTION('',(1.,0.,0.));
#1407 = DIRECTION('',(0.,0.,1.));
#1408 = ADVANCED_FACE('',(#1409),#1427,.F.);
#1409 = FACE_BOUND('',#1410,.F.);
#1410 = EDGE_LOOP('',(#1411,#1412,#1420,#1426));
#1411 = ORIENTED_EDGE('',*,*,#1388,.F.);
#1412 = ORIENTED_EDGE('',*,*,#1413,.F.);
#1413 = EDGE_CURVE('',#1414,#1389,#1416,.T.);
#1414 = VERTEX_POINT('',#1415);
#1415 = CARTESIAN_POINT('',(30.5,9.5,-2.));
#1416 = LINE('',#1417,#1418);
#1417 = CARTESIAN_POINT('',(10.,9.5,-2.));
#1418 = VECTOR('',#1419,1.);
#1419 = DIRECTION('',(1.,0.,0.));
#1420 = ORIENTED_EDGE('',*,*,#1421,.F.);
#1421 = EDGE_CURVE('',#421,#1414,#1422,.T.);
#1422 = LINE('',#1423,#1424);
#1423 = CARTESIAN_POINT('',(30.5,9.5,-2.));
#1424 = VECTOR('',#1425,1.);
#1425 = DIRECTION('',(0.,0.,-1.));
#1426 = ORIENTED_EDGE('',*,*,#428,.T.);
#1427 = PLANE('',#1428);
#1428 = AXIS2_PLACEMENT_3D('',#1429,#1430,#1431);
#1429 = CARTESIAN_POINT('',(10.,9.5,-2.));
#1430 = DIRECTION('',(0.,1.,0.));
#1431 = DIRECTION('',(0.,0.,1.));
#1432 = ADVANCED_FACE('',(#1433),#1451,.T.);
#1433 = FACE_BOUND('',#1434,.T.);
#1434 = EDGE_LOOP('',(#1435,#1443,#1449,#1450));
#1435 = ORIENTED_EDGE('',*,*,#1436,.F.);
#1436 = EDGE_CURVE('',#1437,#413,#1439,.T.);
#1437 = VERTEX_POINT('',#1438);
#1438 = CARTESIAN_POINT('',(30.5,7.7,-2.));
#1439 = LINE('',#1440,#1441);
#1440 = CARTESIAN_POINT('',(30.5,7.7,-2.));
#1441 = VECTOR('',#1442,1.);
#1442 = DIRECTION('',(0.,0.,1.));
#1443 = ORIENTED_EDGE('',*,*,#1444,.T.);
#1444 = EDGE_CURVE('',#1437,#1414,#1445,.T.);
#1445 = LINE('',#1446,#1447);
#1446 = CARTESIAN_POINT('',(30.5,7.7,-2.));
#1447 = VECTOR('',#1448,1.);
#1448 = DIRECTION('',(0.,1.,0.));
#1449 = ORIENTED_EDGE('',*,*,#1421,.F.);
#1450 = ORIENTED_EDGE('',*,*,#420,.F.);
#1451 = PLANE('',#1452);
#1452 = AXIS2_PLACEMENT_3D('',#1453,#1454,#1455);
#1453 = CARTESIAN_POINT('',(30.5,7.7,-2.));
#1454 = DIRECTION('',(1.,0.,0.));
#1455 = DIRECTION('',(0.,0.,1.));
#1456 = ADVANCED_FACE('',(#1457),#1475,.F.);
#1457 = FACE_BOUND('',#1458,.F.);
#1458 = EDGE_LOOP('',(#1459,#1467,#1473,#1474));
#1459 = ORIENTED_EDGE('',*,*,#1460,.F.);
#1460 = EDGE_CURVE('',#1461,#1437,#1463,.T.);
#1461 = VERTEX_POINT('',#1462);
#1462 = CARTESIAN_POINT('',(23.5,7.7,-2.));
#1463 = LINE('',#1464,#1465);
#1464 = CARTESIAN_POINT('',(23.5,7.7,-2.));
#1465 = VECTOR('',#1466,1.);
#1466 = DIRECTION('',(1.,0.,0.));
#1467 = ORIENTED_EDGE('',*,*,#1468,.T.);
#1468 = EDGE_CURVE('',#1461,#405,#1469,.T.);
#1469 = LINE('',#1470,#1471);
#1470 = CARTESIAN_POINT('',(23.5,7.7,-2.));
#1471 = VECTOR('',#1472,1.);
#1472 = DIRECTION('',(0.,0.,1.));
#1473 = ORIENTED_EDGE('',*,*,#412,.T.);
#1474 = ORIENTED_EDGE('',*,*,#1436,.F.);
#1475 = PLANE('',#1476);
#1476 = AXIS2_PLACEMENT_3D('',#1477,#1478,#1479);
#1477 = CARTESIAN_POINT('',(23.5,7.7,-2.));
#1478 = DIRECTION('',(0.,1.,0.));
#1479 = DIRECTION('',(0.,0.,1.));
#1480 = ADVANCED_FACE('',(#1481),#1499,.F.);
#1481 = FACE_BOUND('',#1482,.F.);
#1482 = EDGE_LOOP('',(#1483,#1484,#1492,#1498));
#1483 = ORIENTED_EDGE('',*,*,#1468,.F.);
#1484 = ORIENTED_EDGE('',*,*,#1485,.T.);
#1485 = EDGE_CURVE('',#1461,#1486,#1488,.T.);
#1486 = VERTEX_POINT('',#1487);
#1487 = CARTESIAN_POINT('',(23.5,9.5,-2.));
#1488 = LINE('',#1489,#1490);
#1489 = CARTESIAN_POINT('',(23.5,7.7,-2.));
#1490 = VECTOR('',#1491,1.);
#1491 = DIRECTION('',(0.,1.,0.));
#1492 = ORIENTED_EDGE('',*,*,#1493,.F.);
#1493 = EDGE_CURVE('',#397,#1486,#1494,.T.);
#1494 = LINE('',#1495,#1496);
#1495 = CARTESIAN_POINT('',(23.5,9.5,-2.));
#1496 = VECTOR('',#1497,1.);
#1497 = DIRECTION('',(0.,0.,-1.));
#1498 = ORIENTED_EDGE('',*,*,#404,.F.);
#1499 = PLANE('',#1500);
#1500 = AXIS2_PLACEMENT_3D('',#1501,#1502,#1503);
#1501 = CARTESIAN_POINT('',(23.5,7.7,-2.));
#1502 = DIRECTION('',(1.,0.,0.));
#1503 = DIRECTION('',(0.,0.,1.));
#1504 = ADVANCED_FACE('',(#1505),#1523,.F.);
#1505 = FACE_BOUND('',#1506,.F.);
#1506 = EDGE_LOOP('',(#1507,#1508,#1516,#1522));
#1507 = ORIENTED_EDGE('',*,*,#1493,.T.);
#1508 = ORIENTED_EDGE('',*,*,#1509,.F.);
#1509 = EDGE_CURVE('',#1510,#1486,#1512,.T.);
#1510 = VERTEX_POINT('',#1511);
#1511 = CARTESIAN_POINT('',(10.,9.5,-2.));
#1512 = LINE('',#1513,#1514);
#1513 = CARTESIAN_POINT('',(10.,9.5,-2.));
#1514 = VECTOR('',#1515,1.);
#1515 = DIRECTION('',(1.,0.,0.));
#1516 = ORIENTED_EDGE('',*,*,#1517,.T.);
#1517 = EDGE_CURVE('',#1510,#389,#1518,.T.);
#1518 = LINE('',#1519,#1520);
#1519 = CARTESIAN_POINT('',(10.,9.5,-2.));
#1520 = VECTOR('',#1521,1.);
#1521 = DIRECTION('',(0.,0.,1.));
#1522 = ORIENTED_EDGE('',*,*,#396,.T.);
#1523 = PLANE('',#1524);
#1524 = AXIS2_PLACEMENT_3D('',#1525,#1526,#1527);
#1525 = CARTESIAN_POINT('',(10.,9.5,-2.));
#1526 = DIRECTION('',(0.,1.,0.));
#1527 = DIRECTION('',(0.,0.,1.));
#1528 = ADVANCED_FACE('',(#1529),#1540,.F.);
#1529 = FACE_BOUND('',#1530,.F.);
#1530 = EDGE_LOOP('',(#1531,#1532,#1538,#1539));
#1531 = ORIENTED_EDGE('',*,*,#1517,.F.);
#1532 = ORIENTED_EDGE('',*,*,#1533,.T.);
#1533 = EDGE_CURVE('',#1510,#1366,#1534,.T.);
#1534 = LINE('',#1535,#1536);
#1535 = CARTESIAN_POINT('',(10.,9.5,-2.));
#1536 = VECTOR('',#1537,1.);
#1537 = DIRECTION('',(0.,1.,0.));
#1538 = ORIENTED_EDGE('',*,*,#1373,.T.);
#1539 = ORIENTED_EDGE('',*,*,#388,.T.);
#1540 = PLANE('',#1541);
#1541 = AXIS2_PLACEMENT_3D('',#1542,#1543,#1544);
#1542 = CARTESIAN_POINT('',(10.,9.5,-2.));
#1543 = DIRECTION('',(1.,0.,0.));
#1544 = DIRECTION('',(0.,0.,1.));
#1545 = ADVANCED_FACE('',(#1546),#1571,.T.);
#1546 = FACE_BOUND('',#1547,.T.);
#1547 = EDGE_LOOP('',(#1548,#1556,#1564,#1570));
#1548 = ORIENTED_EDGE('',*,*,#1549,.F.);
#1549 = EDGE_CURVE('',#1550,#1080,#1552,.T.);
#1550 = VERTEX_POINT('',#1551);
#1551 = CARTESIAN_POINT('',(0.,27.,5.));
#1552 = LINE('',#1553,#1554);
#1553 = CARTESIAN_POINT('',(-0.5,27.,5.));
#1554 = VECTOR('',#1555,1.);
#1555 = DIRECTION('',(1.,0.,0.));
#1556 = ORIENTED_EDGE('',*,*,#1557,.T.);
#1557 = EDGE_CURVE('',#1550,#1558,#1560,.T.);
#1558 = VERTEX_POINT('',#1559);
#1559 = CARTESIAN_POINT('',(0.,19.,5.));
#1560 = LINE('',#1561,#1562);
#1561 = CARTESIAN_POINT('',(0.,11.75,5.));
#1562 = VECTOR('',#1563,1.);
#1563 = DIRECTION('',(0.,-1.,0.));
#1564 = ORIENTED_EDGE('',*,*,#1565,.T.);
#1565 = EDGE_CURVE('',#1558,#1082,#1566,.T.);
#1566 = LINE('',#1567,#1568);
#1567 = CARTESIAN_POINT('',(-0.5,19.,5.));
#1568 = VECTOR('',#1569,1.);
#1569 = DIRECTION('',(1.,0.,0.));
#1570 = ORIENTED_EDGE('',*,*,#1079,.F.);
#1571 = PLANE('',#1572);
#1572 = AXIS2_PLACEMENT_3D('',#1573,#1574,#1575);
#1573 = CARTESIAN_POINT('',(-0.5,19.,5.));
#1574 = DIRECTION('',(0.,0.,1.));
#1575 = DIRECTION('',(1.,0.,0.));
#1576 = ADVANCED_FACE('',(#1577),#1595,.F.);
#1577 = FACE_BOUND('',#1578,.F.);
#1578 = EDGE_LOOP('',(#1579,#1580,#1588,#1594));
#1579 = ORIENTED_EDGE('',*,*,#1549,.F.);
#1580 = ORIENTED_EDGE('',*,*,#1581,.T.);
#1581 = EDGE_CURVE('',#1550,#1582,#1584,.T.);
#1582 = VERTEX_POINT('',#1583);
#1583 = CARTESIAN_POINT('',(0.,27.,10.));
#1584 = LINE('',#1585,#1586);
#1585 = CARTESIAN_POINT('',(0.,27.,2.5));
#1586 = VECTOR('',#1587,1.);
#1587 = DIRECTION('',(0.,0.,1.));
#1588 = ORIENTED_EDGE('',*,*,#1589,.T.);
#1589 = EDGE_CURVE('',#1582,#1098,#1590,.T.);
#1590 = LINE('',#1591,#1592);
#1591 = CARTESIAN_POINT('',(-0.5,27.,10.));
#1592 = VECTOR('',#1593,1.);
#1593 = DIRECTION('',(1.,0.,0.));
#1594 = ORIENTED_EDGE('',*,*,#1105,.F.);
#1595 = PLANE('',#1596);
#1596 = AXIS2_PLACEMENT_3D('',#1597,#1598,#1599);
#1597 = CARTESIAN_POINT('',(-0.5,27.,5.));
#1598 = DIRECTION('',(0.,1.,0.));
#1599 = DIRECTION('',(0.,0.,1.));
#1600 = ADVANCED_FACE('',(#1601),#1619,.T.);
#1601 = FACE_BOUND('',#1602,.T.);
#1602 = EDGE_LOOP('',(#1603,#1604,#1612,#1618));
#1603 = ORIENTED_EDGE('',*,*,#1565,.F.);
#1604 = ORIENTED_EDGE('',*,*,#1605,.T.);
#1605 = EDGE_CURVE('',#1558,#1606,#1608,.T.);
#1606 = VERTEX_POINT('',#1607);
#1607 = CARTESIAN_POINT('',(0.,19.,10.));
#1608 = LINE('',#1609,#1610);
#1609 = CARTESIAN_POINT('',(0.,19.,2.5));
#1610 = VECTOR('',#1611,1.);
#1611 = DIRECTION('',(0.,0.,1.));
#1612 = ORIENTED_EDGE('',*,*,#1613,.T.);
#1613 = EDGE_CURVE('',#1606,#1090,#1614,.T.);
#1614 = LINE('',#1615,#1616);
#1615 = CARTESIAN_POINT('',(-0.5,19.,10.));
#1616 = VECTOR('',#1617,1.);
#1617 = DIRECTION('',(1.,0.,0.));
#1618 = ORIENTED_EDGE('',*,*,#1089,.F.);
#1619 = PLANE('',#1620);
#1620 = AXIS2_PLACEMENT_3D('',#1621,#1622,#1623);
#1621 = CARTESIAN_POINT('',(-0.5,19.,5.));
#1622 = DIRECTION('',(0.,1.,0.));
#1623 = DIRECTION('',(0.,0.,1.));
#1624 = ADVANCED_FACE('',(#1625),#1636,.F.);
#1625 = FACE_BOUND('',#1626,.F.);
#1626 = EDGE_LOOP('',(#1627,#1628,#1634,#1635));
#1627 = ORIENTED_EDGE('',*,*,#1589,.F.);
#1628 = ORIENTED_EDGE('',*,*,#1629,.T.);
#1629 = EDGE_CURVE('',#1582,#1606,#1630,.T.);
#1630 = LINE('',#1631,#1632);
#1631 = CARTESIAN_POINT('',(0.,11.75,10.));
#1632 = VECTOR('',#1633,1.);
#1633 = DIRECTION('',(0.,-1.,0.));
#1634 = ORIENTED_EDGE('',*,*,#1613,.T.);
#1635 = ORIENTED_EDGE('',*,*,#1097,.F.);
#1636 = PLANE('',#1637);
#1637 = AXIS2_PLACEMENT_3D('',#1638,#1639,#1640);
#1638 = CARTESIAN_POINT('',(-0.5,19.,10.));
#1639 = DIRECTION('',(0.,0.,1.));
#1640 = DIRECTION('',(1.,0.,0.));
#1641 = ADVANCED_FACE('',(#1642),#1667,.T.);
#1642 = FACE_BOUND('',#1643,.T.);
#1643 = EDGE_LOOP('',(#1644,#1652,#1653,#1661));
#1644 = ORIENTED_EDGE('',*,*,#1645,.F.);
#1645 = EDGE_CURVE('',#857,#1646,#1648,.T.);
#1646 = VERTEX_POINT('',#1647);
#1647 = CARTESIAN_POINT('',(54.,29.,11.));
#1648 = LINE('',#1649,#1650);
#1649 = CARTESIAN_POINT('',(51.1,29.,11.));
#1650 = VECTOR('',#1651,1.);
#1651 = DIRECTION('',(1.,0.,0.));
#1652 = ORIENTED_EDGE('',*,*,#856,.T.);
#1653 = ORIENTED_EDGE('',*,*,#1654,.T.);
#1654 = EDGE_CURVE('',#859,#1655,#1657,.T.);
#1655 = VERTEX_POINT('',#1656);
#1656 = CARTESIAN_POINT('',(54.,17.,11.));
#1657 = LINE('',#1658,#1659);
#1658 = CARTESIAN_POINT('',(51.1,17.,11.));
#1659 = VECTOR('',#1660,1.);
#1660 = DIRECTION('',(1.,0.,0.));
#1661 = ORIENTED_EDGE('',*,*,#1662,.F.);
#1662 = EDGE_CURVE('',#1646,#1655,#1663,.T.);
#1663 = LINE('',#1664,#1665);
#1664 = CARTESIAN_POINT('',(54.,10.75,11.));
#1665 = VECTOR('',#1666,1.);
#1666 = DIRECTION('',(0.,-1.,0.));
#1667 = PLANE('',#1668);
#1668 = AXIS2_PLACEMENT_3D('',#1669,#1670,#1671);
#1669 = CARTESIAN_POINT('',(51.1,17.,11.));
#1670 = DIRECTION('',(0.,0.,1.));
#1671 = DIRECTION('',(1.,0.,0.));
#1672 = ADVANCED_FACE('',(#1673),#1691,.F.);
#1673 = FACE_BOUND('',#1674,.F.);
#1674 = EDGE_LOOP('',(#1675,#1676,#1677,#1685));
#1675 = ORIENTED_EDGE('',*,*,#1645,.F.);
#1676 = ORIENTED_EDGE('',*,*,#882,.T.);
#1677 = ORIENTED_EDGE('',*,*,#1678,.T.);
#1678 = EDGE_CURVE('',#875,#1679,#1681,.T.);
#1679 = VERTEX_POINT('',#1680);
#1680 = CARTESIAN_POINT('',(54.,29.,18.));
#1681 = LINE('',#1682,#1683);
#1682 = CARTESIAN_POINT('',(51.1,29.,18.));
#1683 = VECTOR('',#1684,1.);
#1684 = DIRECTION('',(1.,0.,0.));
#1685 = ORIENTED_EDGE('',*,*,#1686,.F.);
#1686 = EDGE_CURVE('',#1646,#1679,#1687,.T.);
#1687 = LINE('',#1688,#1689);
#1688 = CARTESIAN_POINT('',(54.,29.,5.5));
#1689 = VECTOR('',#1690,1.);
#1690 = DIRECTION('',(0.,0.,1.));
#1691 = PLANE('',#1692);
#1692 = AXIS2_PLACEMENT_3D('',#1693,#1694,#1695);
#1693 = CARTESIAN_POINT('',(51.1,29.,11.));
#1694 = DIRECTION('',(0.,1.,0.));
#1695 = DIRECTION('',(0.,0.,1.));
#1696 = ADVANCED_FACE('',(#1697),#1715,.T.);
#1697 = FACE_BOUND('',#1698,.T.);
#1698 = EDGE_LOOP('',(#1699,#1700,#1701,#1709));
#1699 = ORIENTED_EDGE('',*,*,#1654,.F.);
#1700 = ORIENTED_EDGE('',*,*,#866,.T.);
#1701 = ORIENTED_EDGE('',*,*,#1702,.T.);
#1702 = EDGE_CURVE('',#867,#1703,#1705,.T.);
#1703 = VERTEX_POINT('',#1704);
#1704 = CARTESIAN_POINT('',(54.,17.,18.));
#1705 = LINE('',#1706,#1707);
#1706 = CARTESIAN_POINT('',(51.1,17.,18.));
#1707 = VECTOR('',#1708,1.);
#1708 = DIRECTION('',(1.,0.,0.));
#1709 = ORIENTED_EDGE('',*,*,#1710,.F.);
#1710 = EDGE_CURVE('',#1655,#1703,#1711,.T.);
#1711 = LINE('',#1712,#1713);
#1712 = CARTESIAN_POINT('',(54.,17.,5.5));
#1713 = VECTOR('',#1714,1.);
#1714 = DIRECTION('',(0.,0.,1.));
#1715 = PLANE('',#1716);
#1716 = AXIS2_PLACEMENT_3D('',#1717,#1718,#1719);
#1717 = CARTESIAN_POINT('',(51.1,17.,11.));
#1718 = DIRECTION('',(0.,1.,0.));
#1719 = DIRECTION('',(0.,0.,1.));
#1720 = ADVANCED_FACE('',(#1721),#1732,.F.);
#1721 = FACE_BOUND('',#1722,.F.);
#1722 = EDGE_LOOP('',(#1723,#1724,#1725,#1726));
#1723 = ORIENTED_EDGE('',*,*,#1678,.F.);
#1724 = ORIENTED_EDGE('',*,*,#874,.T.);
#1725 = ORIENTED_EDGE('',*,*,#1702,.T.);
#1726 = ORIENTED_EDGE('',*,*,#1727,.F.);
#1727 = EDGE_CURVE('',#1679,#1703,#1728,.T.);
#1728 = LINE('',#1729,#1730);
#1729 = CARTESIAN_POINT('',(54.,10.75,18.));
#1730 = VECTOR('',#1731,1.);
#1731 = DIRECTION('',(0.,-1.,0.));
#1732 = PLANE('',#1733);
#1733 = AXIS2_PLACEMENT_3D('',#1734,#1735,#1736);
#1734 = CARTESIAN_POINT('',(51.1,17.,18.));
#1735 = DIRECTION('',(0.,0.,1.));
#1736 = DIRECTION('',(1.,0.,0.));
#1737 = ADVANCED_FACE('',(#1738,#1759),#1770,.T.);
#1738 = FACE_BOUND('',#1739,.T.);
#1739 = EDGE_LOOP('',(#1740,#1749,#1756,#1757,#1758));
#1740 = ORIENTED_EDGE('',*,*,#1741,.T.);
#1741 = EDGE_CURVE('',#566,#1742,#1744,.T.);
#1742 = VERTEX_POINT('',#1743);
#1743 = CARTESIAN_POINT('',(8.2,5.,28.));
#1744 = CIRCLE('',#1745,3.2);
#1745 = AXIS2_PLACEMENT_3D('',#1746,#1747,#1748);
#1746 = CARTESIAN_POINT('',(5.,5.,28.));
#1747 = DIRECTION('',(0.,0.,1.));
#1748 = DIRECTION('',(1.,0.,0.));
#1749 = ORIENTED_EDGE('',*,*,#1750,.T.);
#1750 = EDGE_CURVE('',#1742,#1004,#1751,.T.);
#1751 = CIRCLE('',#1752,3.2);
#1752 = AXIS2_PLACEMENT_3D('',#1753,#1754,#1755);
#1753 = CARTESIAN_POINT('',(5.,5.,28.));
#1754 = DIRECTION('',(0.,0.,1.));
#1755 = DIRECTION('',(1.,0.,0.));
#1756 = ORIENTED_EDGE('',*,*,#1003,.T.);
#1757 = ORIENTED_EDGE('',*,*,#532,.T.);
#1758 = ORIENTED_EDGE('',*,*,#573,.T.);
#1759 = FACE_BOUND('',#1760,.T.);
#1760 = EDGE_LOOP('',(#1761));
#1761 = ORIENTED_EDGE('',*,*,#1762,.F.);
#1762 = EDGE_CURVE('',#1763,#1763,#1765,.T.);
#1763 = VERTEX_POINT('',#1764);
#1764 = CARTESIAN_POINT('',(5.825,5.,28.));
#1765 = CIRCLE('',#1766,0.825);
#1766 = AXIS2_PLACEMENT_3D('',#1767,#1768,#1769);
#1767 = CARTESIAN_POINT('',(5.,5.,28.));
#1768 = DIRECTION('',(0.,0.,1.));
#1769 = DIRECTION('',(1.,0.,0.));
#1770 = PLANE('',#1771);
#1771 = AXIS2_PLACEMENT_3D('',#1772,#1773,#1774);
#1772 = CARTESIAN_POINT('',(5.,5.,28.));
#1773 = DIRECTION('',(0.,0.,1.));
#1774 = DIRECTION('',(1.,0.,0.));
#1775 = ADVANCED_FACE('',(#1776,#1828,#1862),#1896,.F.);
#1776 = FACE_BOUND('',#1777,.F.);
#1777 = EDGE_LOOP('',(#1778,#1779,#1788,#1795,#1796,#1805,#1812,#1813,
    #1820,#1821));
#1778 = ORIENTED_EDGE('',*,*,#555,.F.);
#1779 = ORIENTED_EDGE('',*,*,#1780,.T.);
#1780 = EDGE_CURVE('',#556,#1781,#1783,.T.);
#1781 = VERTEX_POINT('',#1782);
#1782 = CARTESIAN_POINT('',(8.2,5.,2.4));
#1783 = CIRCLE('',#1784,3.2);
#1784 = AXIS2_PLACEMENT_3D('',#1785,#1786,#1787);
#1785 = CARTESIAN_POINT('',(5.,5.,2.4));
#1786 = DIRECTION('',(0.,0.,1.));
#1787 = DIRECTION('',(1.,0.,0.));
#1788 = ORIENTED_EDGE('',*,*,#1789,.T.);
#1789 = EDGE_CURVE('',#1781,#1012,#1790,.T.);
#1790 = CIRCLE('',#1791,3.2);
#1791 = AXIS2_PLACEMENT_3D('',#1792,#1793,#1794);
#1792 = CARTESIAN_POINT('',(5.,5.,2.4));
#1793 = DIRECTION('',(0.,0.,1.));
#1794 = DIRECTION('',(1.,0.,0.));
#1795 = ORIENTED_EDGE('',*,*,#1019,.T.);
#1796 = ORIENTED_EDGE('',*,*,#1797,.T.);
#1797 = EDGE_CURVE('',#1020,#1798,#1800,.T.);
#1798 = VERTEX_POINT('',#1799);
#1799 = CARTESIAN_POINT('',(8.2,41.,2.4));
#1800 = CIRCLE('',#1801,3.2);
#1801 = AXIS2_PLACEMENT_3D('',#1802,#1803,#1804);
#1802 = CARTESIAN_POINT('',(5.,41.,2.4));
#1803 = DIRECTION('',(0.,0.,1.));
#1804 = DIRECTION('',(1.,0.,0.));
#1805 = ORIENTED_EDGE('',*,*,#1806,.T.);
#1806 = EDGE_CURVE('',#1798,#922,#1807,.T.);
#1807 = CIRCLE('',#1808,3.2);
#1808 = AXIS2_PLACEMENT_3D('',#1809,#1810,#1811);
#1809 = CARTESIAN_POINT('',(5.,41.,2.4));
#1810 = DIRECTION('',(0.,0.,1.));
#1811 = DIRECTION('',(1.,0.,0.));
#1812 = ORIENTED_EDGE('',*,*,#921,.T.);
#1813 = ORIENTED_EDGE('',*,*,#1814,.T.);
#1814 = EDGE_CURVE('',#924,#756,#1815,.T.);
#1815 = CIRCLE('',#1816,3.2);
#1816 = AXIS2_PLACEMENT_3D('',#1817,#1818,#1819);
#1817 = CARTESIAN_POINT('',(49.,41.,2.4));
#1818 = DIRECTION('',(0.,0.,1.));
#1819 = DIRECTION('',(1.,0.,0.));
#1820 = ORIENTED_EDGE('',*,*,#755,.F.);
#1821 = ORIENTED_EDGE('',*,*,#1822,.T.);
#1822 = EDGE_CURVE('',#748,#558,#1823,.T.);
#1823 = CIRCLE('',#1824,3.2);
#1824 = AXIS2_PLACEMENT_3D('',#1825,#1826,#1827);
#1825 = CARTESIAN_POINT('',(49.,5.,2.4));
#1826 = DIRECTION('',(0.,0.,1.));
#1827 = DIRECTION('',(1.,0.,0.));
#1828 = FACE_BOUND('',#1829,.F.);
#1829 = EDGE_LOOP('',(#1830,#1840,#1848,#1856));
#1830 = ORIENTED_EDGE('',*,*,#1831,.F.);
#1831 = EDGE_CURVE('',#1832,#1834,#1836,.T.);
#1832 = VERTEX_POINT('',#1833);
#1833 = CARTESIAN_POINT('',(9.,7.7,2.4));
#1834 = VERTEX_POINT('',#1835);
#1835 = CARTESIAN_POINT('',(45.,7.7,2.4));
#1836 = LINE('',#1837,#1838);
#1837 = CARTESIAN_POINT('',(18.,7.7,2.4));
#1838 = VECTOR('',#1839,1.);
#1839 = DIRECTION('',(1.,0.,0.));
#1840 = ORIENTED_EDGE('',*,*,#1841,.T.);
#1841 = EDGE_CURVE('',#1832,#1842,#1844,.T.);
#1842 = VERTEX_POINT('',#1843);
#1843 = CARTESIAN_POINT('',(9.,6.3,2.4));
#1844 = LINE('',#1845,#1846);
#1845 = CARTESIAN_POINT('',(9.,14.65,2.4));
#1846 = VECTOR('',#1847,1.);
#1847 = DIRECTION('',(0.,-1.,0.));
#1848 = ORIENTED_EDGE('',*,*,#1849,.T.);
#1849 = EDGE_CURVE('',#1842,#1850,#1852,.T.);
#1850 = VERTEX_POINT('',#1851);
#1851 = CARTESIAN_POINT('',(45.,6.3,2.4));
#1852 = LINE('',#1853,#1854);
#1853 = CARTESIAN_POINT('',(18.,6.3,2.4));
#1854 = VECTOR('',#1855,1.);
#1855 = DIRECTION('',(1.,0.,0.));
#1856 = ORIENTED_EDGE('',*,*,#1857,.F.);
#1857 = EDGE_CURVE('',#1834,#1850,#1858,.T.);
#1858 = LINE('',#1859,#1860);
#1859 = CARTESIAN_POINT('',(45.,14.65,2.4));
#1860 = VECTOR('',#1861,1.);
#1861 = DIRECTION('',(0.,-1.,0.));
#1862 = FACE_BOUND('',#1863,.F.);
#1863 = EDGE_LOOP('',(#1864,#1874,#1882,#1890));
#1864 = ORIENTED_EDGE('',*,*,#1865,.F.);
#1865 = EDGE_CURVE('',#1866,#1868,#1870,.T.);
#1866 = VERTEX_POINT('',#1867);
#1867 = CARTESIAN_POINT('',(9.,39.7,2.4));
#1868 = VERTEX_POINT('',#1869);
#1869 = CARTESIAN_POINT('',(45.,39.7,2.4));
#1870 = LINE('',#1871,#1872);
#1871 = CARTESIAN_POINT('',(18.,39.7,2.4));
#1872 = VECTOR('',#1873,1.);
#1873 = DIRECTION('',(1.,0.,0.));
#1874 = ORIENTED_EDGE('',*,*,#1875,.T.);
#1875 = EDGE_CURVE('',#1866,#1876,#1878,.T.);
#1876 = VERTEX_POINT('',#1877);
#1877 = CARTESIAN_POINT('',(9.,38.3,2.4));
#1878 = LINE('',#1879,#1880);
#1879 = CARTESIAN_POINT('',(9.,30.65,2.4));
#1880 = VECTOR('',#1881,1.);
#1881 = DIRECTION('',(0.,-1.,0.));
#1882 = ORIENTED_EDGE('',*,*,#1883,.T.);
#1883 = EDGE_CURVE('',#1876,#1884,#1886,.T.);
#1884 = VERTEX_POINT('',#1885);
#1885 = CARTESIAN_POINT('',(45.,38.3,2.4));
#1886 = LINE('',#1887,#1888);
#1887 = CARTESIAN_POINT('',(18.,38.3,2.4));
#1888 = VECTOR('',#1889,1.);
#1889 = DIRECTION('',(1.,0.,0.));
#1890 = ORIENTED_EDGE('',*,*,#1891,.F.);
#1891 = EDGE_CURVE('',#1868,#1884,#1892,.T.);
#1892 = LINE('',#1893,#1894);
#1893 = CARTESIAN_POINT('',(45.,30.65,2.4));
#1894 = VECTOR('',#1895,1.);
#1895 = DIRECTION('',(0.,-1.,0.));
#1896 = PLANE('',#1897);
#1897 = AXIS2_PLACEMENT_3D('',#1898,#1899,#1900);
#1898 = CARTESIAN_POINT('',(27.,23.,2.4));
#1899 = DIRECTION('',(-0.,-0.,-1.));
#1900 = DIRECTION('',(-1.,0.,0.));
#1901 = ADVANCED_FACE('',(#1902),#1914,.T.);
#1902 = FACE_BOUND('',#1903,.T.);
#1903 = EDGE_LOOP('',(#1904,#1911,#1912,#1913));
#1904 = ORIENTED_EDGE('',*,*,#1905,.F.);
#1905 = EDGE_CURVE('',#740,#590,#1906,.T.);
#1906 = CIRCLE('',#1907,3.2);
#1907 = AXIS2_PLACEMENT_3D('',#1908,#1909,#1910);
#1908 = CARTESIAN_POINT('',(49.,5.,28.));
#1909 = DIRECTION('',(0.,0.,1.));
#1910 = DIRECTION('',(1.,0.,0.));
#1911 = ORIENTED_EDGE('',*,*,#747,.F.);
#1912 = ORIENTED_EDGE('',*,*,#1822,.T.);
#1913 = ORIENTED_EDGE('',*,*,#597,.T.);
#1914 = CYLINDRICAL_SURFACE('',#1915,3.2);
#1915 = AXIS2_PLACEMENT_3D('',#1916,#1917,#1918);
#1916 = CARTESIAN_POINT('',(49.,5.,2.3));
#1917 = DIRECTION('',(0.,0.,1.));
#1918 = DIRECTION('',(1.,0.,0.));
#1919 = ADVANCED_FACE('',(#1920,#1926),#1937,.T.);
#1920 = FACE_BOUND('',#1921,.T.);
#1921 = EDGE_LOOP('',(#1922,#1923,#1924,#1925));
#1922 = ORIENTED_EDGE('',*,*,#739,.F.);
#1923 = ORIENTED_EDGE('',*,*,#1905,.T.);
#1924 = ORIENTED_EDGE('',*,*,#589,.T.);
#1925 = ORIENTED_EDGE('',*,*,#715,.T.);
#1926 = FACE_BOUND('',#1927,.T.);
#1927 = EDGE_LOOP('',(#1928));
#1928 = ORIENTED_EDGE('',*,*,#1929,.F.);
#1929 = EDGE_CURVE('',#1930,#1930,#1932,.T.);
#1930 = VERTEX_POINT('',#1931);
#1931 = CARTESIAN_POINT('',(49.825,5.,28.));
#1932 = CIRCLE('',#1933,0.825);
#1933 = AXIS2_PLACEMENT_3D('',#1934,#1935,#1936);
#1934 = CARTESIAN_POINT('',(49.,5.,28.));
#1935 = DIRECTION('',(0.,0.,1.));
#1936 = DIRECTION('',(1.,0.,0.));
#1937 = PLANE('',#1938);
#1938 = AXIS2_PLACEMENT_3D('',#1939,#1940,#1941);
#1939 = CARTESIAN_POINT('',(49.,5.,28.));
#1940 = DIRECTION('',(0.,0.,1.));
#1941 = DIRECTION('',(1.,0.,0.));
#1942 = ADVANCED_FACE('',(#1943,#1955),#1966,.T.);
#1943 = FACE_BOUND('',#1944,.T.);
#1944 = EDGE_LOOP('',(#1945,#1946,#1953,#1954));
#1945 = ORIENTED_EDGE('',*,*,#955,.F.);
#1946 = ORIENTED_EDGE('',*,*,#1947,.T.);
#1947 = EDGE_CURVE('',#956,#764,#1948,.T.);
#1948 = CIRCLE('',#1949,3.2);
#1949 = AXIS2_PLACEMENT_3D('',#1950,#1951,#1952);
#1950 = CARTESIAN_POINT('',(49.,41.,28.));
#1951 = DIRECTION('',(0.,0.,1.));
#1952 = DIRECTION('',(1.,0.,0.));
#1953 = ORIENTED_EDGE('',*,*,#771,.F.);
#1954 = ORIENTED_EDGE('',*,*,#898,.T.);
#1955 = FACE_BOUND('',#1956,.T.);
#1956 = EDGE_LOOP('',(#1957));
#1957 = ORIENTED_EDGE('',*,*,#1958,.F.);
#1958 = EDGE_CURVE('',#1959,#1959,#1961,.T.);
#1959 = VERTEX_POINT('',#1960);
#1960 = CARTESIAN_POINT('',(49.825,41.,28.));
#1961 = CIRCLE('',#1962,0.825);
#1962 = AXIS2_PLACEMENT_3D('',#1963,#1964,#1965);
#1963 = CARTESIAN_POINT('',(49.,41.,28.));
#1964 = DIRECTION('',(0.,0.,1.));
#1965 = DIRECTION('',(1.,0.,0.));
#1966 = PLANE('',#1967);
#1967 = AXIS2_PLACEMENT_3D('',#1968,#1969,#1970);
#1968 = CARTESIAN_POINT('',(49.,41.,28.));
#1969 = DIRECTION('',(0.,0.,1.));
#1970 = DIRECTION('',(1.,0.,0.));
#1971 = ADVANCED_FACE('',(#1972),#1978,.T.);
#1972 = FACE_BOUND('',#1973,.T.);
#1973 = EDGE_LOOP('',(#1974,#1975,#1976,#1977));
#1974 = ORIENTED_EDGE('',*,*,#1947,.F.);
#1975 = ORIENTED_EDGE('',*,*,#963,.F.);
#1976 = ORIENTED_EDGE('',*,*,#1814,.T.);
#1977 = ORIENTED_EDGE('',*,*,#763,.T.);
#1978 = CYLINDRICAL_SURFACE('',#1979,3.2);
#1979 = AXIS2_PLACEMENT_3D('',#1980,#1981,#1982);
#1980 = CARTESIAN_POINT('',(49.,41.,2.3));
#1981 = DIRECTION('',(0.,0.,1.));
#1982 = DIRECTION('',(1.,0.,0.));
#1983 = ADVANCED_FACE('',(#1984),#2000,.F.);
#1984 = FACE_BOUND('',#1985,.F.);
#1985 = EDGE_LOOP('',(#1986,#1987,#1993,#1994));
#1986 = ORIENTED_EDGE('',*,*,#1045,.T.);
#1987 = ORIENTED_EDGE('',*,*,#1988,.T.);
#1988 = EDGE_CURVE('',#1048,#791,#1989,.T.);
#1989 = LINE('',#1990,#1991);
#1990 = CARTESIAN_POINT('',(0.,27.9,8.05));
#1991 = VECTOR('',#1992,1.);
#1992 = DIRECTION('',(1.,0.,0.));
#1993 = ORIENTED_EDGE('',*,*,#788,.F.);
#1994 = ORIENTED_EDGE('',*,*,#1995,.F.);
#1995 = EDGE_CURVE('',#1046,#789,#1996,.T.);
#1996 = LINE('',#1997,#1998);
#1997 = CARTESIAN_POINT('',(0.,29.9,8.05));
#1998 = VECTOR('',#1999,1.);
#1999 = DIRECTION('',(1.,0.,0.));
#2000 = PLANE('',#2001);
#2001 = AXIS2_PLACEMENT_3D('',#2002,#2003,#2004);
#2002 = CARTESIAN_POINT('',(0.,27.9,8.05));
#2003 = DIRECTION('',(0.,0.,1.));
#2004 = DIRECTION('',(1.,0.,0.));
#2005 = ADVANCED_FACE('',(#2006),#2017,.T.);
#2006 = FACE_BOUND('',#2007,.T.);
#2007 = EDGE_LOOP('',(#2008,#2009,#2010,#2016));
#2008 = ORIENTED_EDGE('',*,*,#1995,.F.);
#2009 = ORIENTED_EDGE('',*,*,#1071,.T.);
#2010 = ORIENTED_EDGE('',*,*,#2011,.T.);
#2011 = EDGE_CURVE('',#1064,#807,#2012,.T.);
#2012 = LINE('',#2013,#2014);
#2013 = CARTESIAN_POINT('',(0.,29.9,9.25));
#2014 = VECTOR('',#2015,1.);
#2015 = DIRECTION('',(1.,0.,0.));
#2016 = ORIENTED_EDGE('',*,*,#814,.F.);
#2017 = PLANE('',#2018);
#2018 = AXIS2_PLACEMENT_3D('',#2019,#2020,#2021);
#2019 = CARTESIAN_POINT('',(0.,29.9,8.05));
#2020 = DIRECTION('',(0.,1.,0.));
#2021 = DIRECTION('',(0.,0.,1.));
#2022 = ADVANCED_FACE('',(#2023),#2034,.T.);
#2023 = FACE_BOUND('',#2024,.T.);
#2024 = EDGE_LOOP('',(#2025,#2026,#2032,#2033));
#2025 = ORIENTED_EDGE('',*,*,#1063,.T.);
#2026 = ORIENTED_EDGE('',*,*,#2027,.T.);
#2027 = EDGE_CURVE('',#1056,#799,#2028,.T.);
#2028 = LINE('',#2029,#2030);
#2029 = CARTESIAN_POINT('',(0.,27.9,9.25));
#2030 = VECTOR('',#2031,1.);
#2031 = DIRECTION('',(1.,0.,0.));
#2032 = ORIENTED_EDGE('',*,*,#806,.F.);
#2033 = ORIENTED_EDGE('',*,*,#2011,.F.);
#2034 = PLANE('',#2035);
#2035 = AXIS2_PLACEMENT_3D('',#2036,#2037,#2038);
#2036 = CARTESIAN_POINT('',(0.,27.9,9.25));
#2037 = DIRECTION('',(0.,0.,1.));
#2038 = DIRECTION('',(1.,0.,0.));
#2039 = ADVANCED_FACE('',(#2040),#2046,.F.);
#2040 = FACE_BOUND('',#2041,.F.);
#2041 = EDGE_LOOP('',(#2042,#2043,#2044,#2045));
#2042 = ORIENTED_EDGE('',*,*,#1988,.F.);
#2043 = ORIENTED_EDGE('',*,*,#1055,.T.);
#2044 = ORIENTED_EDGE('',*,*,#2027,.T.);
#2045 = ORIENTED_EDGE('',*,*,#798,.F.);
#2046 = PLANE('',#2047);
#2047 = AXIS2_PLACEMENT_3D('',#2048,#2049,#2050);
#2048 = CARTESIAN_POINT('',(0.,27.9,8.05));
#2049 = DIRECTION('',(0.,1.,0.));
#2050 = DIRECTION('',(0.,0.,1.));
#2051 = ADVANCED_FACE('',(#2052),#2068,.F.);
#2052 = FACE_BOUND('',#2053,.F.);
#2053 = EDGE_LOOP('',(#2054,#2055,#2061,#2062));
#2054 = ORIENTED_EDGE('',*,*,#1113,.T.);
#2055 = ORIENTED_EDGE('',*,*,#2056,.T.);
#2056 = EDGE_CURVE('',#1116,#825,#2057,.T.);
#2057 = LINE('',#2058,#2059);
#2058 = CARTESIAN_POINT('',(0.,16.1,8.05));
#2059 = VECTOR('',#2060,1.);
#2060 = DIRECTION('',(1.,0.,0.));
#2061 = ORIENTED_EDGE('',*,*,#822,.F.);
#2062 = ORIENTED_EDGE('',*,*,#2063,.F.);
#2063 = EDGE_CURVE('',#1114,#823,#2064,.T.);
#2064 = LINE('',#2065,#2066);
#2065 = CARTESIAN_POINT('',(0.,18.1,8.05));
#2066 = VECTOR('',#2067,1.);
#2067 = DIRECTION('',(1.,0.,0.));
#2068 = PLANE('',#2069);
#2069 = AXIS2_PLACEMENT_3D('',#2070,#2071,#2072);
#2070 = CARTESIAN_POINT('',(0.,16.1,8.05));
#2071 = DIRECTION('',(0.,0.,1.));
#2072 = DIRECTION('',(1.,0.,0.));
#2073 = ADVANCED_FACE('',(#2074),#2085,.T.);
#2074 = FACE_BOUND('',#2075,.T.);
#2075 = EDGE_LOOP('',(#2076,#2077,#2078,#2084));
#2076 = ORIENTED_EDGE('',*,*,#2063,.F.);
#2077 = ORIENTED_EDGE('',*,*,#1139,.T.);
#2078 = ORIENTED_EDGE('',*,*,#2079,.T.);
#2079 = EDGE_CURVE('',#1132,#841,#2080,.T.);
#2080 = LINE('',#2081,#2082);
#2081 = CARTESIAN_POINT('',(0.,18.1,9.25));
#2082 = VECTOR('',#2083,1.);
#2083 = DIRECTION('',(1.,0.,0.));
#2084 = ORIENTED_EDGE('',*,*,#848,.F.);
#2085 = PLANE('',#2086);
#2086 = AXIS2_PLACEMENT_3D('',#2087,#2088,#2089);
#2087 = CARTESIAN_POINT('',(0.,18.1,8.05));
#2088 = DIRECTION('',(0.,1.,0.));
#2089 = DIRECTION('',(0.,0.,1.));
#2090 = ADVANCED_FACE('',(#2091),#2102,.F.);
#2091 = FACE_BOUND('',#2092,.F.);
#2092 = EDGE_LOOP('',(#2093,#2094,#2095,#2101));
#2093 = ORIENTED_EDGE('',*,*,#2056,.F.);
#2094 = ORIENTED_EDGE('',*,*,#1123,.T.);
#2095 = ORIENTED_EDGE('',*,*,#2096,.T.);
#2096 = EDGE_CURVE('',#1124,#833,#2097,.T.);
#2097 = LINE('',#2098,#2099);
#2098 = CARTESIAN_POINT('',(0.,16.1,9.25));
#2099 = VECTOR('',#2100,1.);
#2100 = DIRECTION('',(1.,0.,0.));
#2101 = ORIENTED_EDGE('',*,*,#832,.F.);
#2102 = PLANE('',#2103);
#2103 = AXIS2_PLACEMENT_3D('',#2104,#2105,#2106);
#2104 = CARTESIAN_POINT('',(0.,16.1,8.05));
#2105 = DIRECTION('',(0.,1.,0.));
#2106 = DIRECTION('',(0.,0.,1.));
#2107 = ADVANCED_FACE('',(#2108),#2114,.T.);
#2108 = FACE_BOUND('',#2109,.T.);
#2109 = EDGE_LOOP('',(#2110,#2111,#2112,#2113));
#2110 = ORIENTED_EDGE('',*,*,#1131,.T.);
#2111 = ORIENTED_EDGE('',*,*,#2096,.T.);
#2112 = ORIENTED_EDGE('',*,*,#840,.F.);
#2113 = ORIENTED_EDGE('',*,*,#2079,.F.);
#2114 = PLANE('',#2115);
#2115 = AXIS2_PLACEMENT_3D('',#2116,#2117,#2118);
#2116 = CARTESIAN_POINT('',(0.,16.1,9.25));
#2117 = DIRECTION('',(0.,0.,1.));
#2118 = DIRECTION('',(1.,0.,0.));
#2119 = ADVANCED_FACE('',(#2120,#2141),#2152,.T.);
#2120 = FACE_BOUND('',#2121,.T.);
#2121 = EDGE_LOOP('',(#2122,#2131,#2138,#2139,#2140));
#2122 = ORIENTED_EDGE('',*,*,#2123,.T.);
#2123 = EDGE_CURVE('',#1028,#2124,#2126,.T.);
#2124 = VERTEX_POINT('',#2125);
#2125 = CARTESIAN_POINT('',(8.2,41.,28.));
#2126 = CIRCLE('',#2127,3.2);
#2127 = AXIS2_PLACEMENT_3D('',#2128,#2129,#2130);
#2128 = CARTESIAN_POINT('',(5.,41.,28.));
#2129 = DIRECTION('',(0.,0.,1.));
#2130 = DIRECTION('',(1.,0.,0.));
#2131 = ORIENTED_EDGE('',*,*,#2132,.T.);
#2132 = EDGE_CURVE('',#2124,#932,#2133,.T.);
#2133 = CIRCLE('',#2134,3.2);
#2134 = AXIS2_PLACEMENT_3D('',#2135,#2136,#2137);
#2135 = CARTESIAN_POINT('',(5.,41.,28.));
#2136 = DIRECTION('',(0.,0.,1.));
#2137 = DIRECTION('',(1.,0.,0.));
#2138 = ORIENTED_EDGE('',*,*,#939,.F.);
#2139 = ORIENTED_EDGE('',*,*,#979,.T.);
#2140 = ORIENTED_EDGE('',*,*,#1035,.T.);
#2141 = FACE_BOUND('',#2142,.T.);
#2142 = EDGE_LOOP('',(#2143));
#2143 = ORIENTED_EDGE('',*,*,#2144,.F.);
#2144 = EDGE_CURVE('',#2145,#2145,#2147,.T.);
#2145 = VERTEX_POINT('',#2146);
#2146 = CARTESIAN_POINT('',(5.825,41.,28.));
#2147 = CIRCLE('',#2148,0.825);
#2148 = AXIS2_PLACEMENT_3D('',#2149,#2150,#2151);
#2149 = CARTESIAN_POINT('',(5.,41.,28.));
#2150 = DIRECTION('',(0.,0.,1.));
#2151 = DIRECTION('',(1.,0.,0.));
#2152 = PLANE('',#2153);
#2153 = AXIS2_PLACEMENT_3D('',#2154,#2155,#2156);
#2154 = CARTESIAN_POINT('',(5.,41.,28.));
#2155 = DIRECTION('',(0.,0.,1.));
#2156 = DIRECTION('',(1.,0.,0.));
#2157 = ADVANCED_FACE('',(#2158),#2177,.F.);
#2158 = FACE_BOUND('',#2159,.F.);
#2159 = EDGE_LOOP('',(#2160,#2168,#2169,#2170));
#2160 = ORIENTED_EDGE('',*,*,#2161,.T.);
#2161 = EDGE_CURVE('',#2162,#1763,#2164,.T.);
#2162 = VERTEX_POINT('',#2163);
#2163 = CARTESIAN_POINT('',(5.825,5.,2.4));
#2164 = LINE('',#2165,#2166);
#2165 = CARTESIAN_POINT('',(5.825,5.,2.1));
#2166 = VECTOR('',#2167,1.);
#2167 = DIRECTION('',(0.,0.,1.));
#2168 = ORIENTED_EDGE('',*,*,#1762,.F.);
#2169 = ORIENTED_EDGE('',*,*,#2161,.F.);
#2170 = ORIENTED_EDGE('',*,*,#2171,.T.);
#2171 = EDGE_CURVE('',#2162,#2162,#2172,.T.);
#2172 = CIRCLE('',#2173,0.825);
#2173 = AXIS2_PLACEMENT_3D('',#2174,#2175,#2176);
#2174 = CARTESIAN_POINT('',(5.,5.,2.4));
#2175 = DIRECTION('',(0.,0.,1.));
#2176 = DIRECTION('',(1.,0.,0.));
#2177 = CYLINDRICAL_SURFACE('',#2178,0.825);
#2178 = AXIS2_PLACEMENT_3D('',#2179,#2180,#2181);
#2179 = CARTESIAN_POINT('',(5.,5.,2.1));
#2180 = DIRECTION('',(0.,0.,1.));
#2181 = DIRECTION('',(1.,0.,0.));
#2182 = ADVANCED_FACE('',(#2183),#2208,.T.);
#2183 = FACE_BOUND('',#2184,.T.);
#2184 = EDGE_LOOP('',(#2185,#2193,#2194,#2202));
#2185 = ORIENTED_EDGE('',*,*,#2186,.F.);
#2186 = EDGE_CURVE('',#1834,#2187,#2189,.T.);
#2187 = VERTEX_POINT('',#2188);
#2188 = CARTESIAN_POINT('',(45.,7.7,5.4));
#2189 = LINE('',#2190,#2191);
#2190 = CARTESIAN_POINT('',(45.,7.7,2.3));
#2191 = VECTOR('',#2192,1.);
#2192 = DIRECTION('',(0.,0.,1.));
#2193 = ORIENTED_EDGE('',*,*,#1831,.F.);
#2194 = ORIENTED_EDGE('',*,*,#2195,.T.);
#2195 = EDGE_CURVE('',#1832,#2196,#2198,.T.);
#2196 = VERTEX_POINT('',#2197);
#2197 = CARTESIAN_POINT('',(9.,7.7,5.4));
#2198 = LINE('',#2199,#2200);
#2199 = CARTESIAN_POINT('',(9.,7.7,2.3));
#2200 = VECTOR('',#2201,1.);
#2201 = DIRECTION('',(0.,0.,1.));
#2202 = ORIENTED_EDGE('',*,*,#2203,.T.);
#2203 = EDGE_CURVE('',#2196,#2187,#2204,.T.);
#2204 = LINE('',#2205,#2206);
#2205 = CARTESIAN_POINT('',(9.,7.7,5.4));
#2206 = VECTOR('',#2207,1.);
#2207 = DIRECTION('',(1.,0.,0.));
#2208 = PLANE('',#2209);
#2209 = AXIS2_PLACEMENT_3D('',#2210,#2211,#2212);
#2210 = CARTESIAN_POINT('',(9.,7.7,2.3));
#2211 = DIRECTION('',(0.,1.,0.));
#2212 = DIRECTION('',(0.,0.,1.));
#2213 = ADVANCED_FACE('',(#2214),#2232,.F.);
#2214 = FACE_BOUND('',#2215,.F.);
#2215 = EDGE_LOOP('',(#2216,#2224,#2225,#2226));
#2216 = ORIENTED_EDGE('',*,*,#2217,.F.);
#2217 = EDGE_CURVE('',#1842,#2218,#2220,.T.);
#2218 = VERTEX_POINT('',#2219);
#2219 = CARTESIAN_POINT('',(9.,6.3,5.4));
#2220 = LINE('',#2221,#2222);
#2221 = CARTESIAN_POINT('',(9.,6.3,2.3));
#2222 = VECTOR('',#2223,1.);
#2223 = DIRECTION('',(0.,0.,1.));
#2224 = ORIENTED_EDGE('',*,*,#1841,.F.);
#2225 = ORIENTED_EDGE('',*,*,#2195,.T.);
#2226 = ORIENTED_EDGE('',*,*,#2227,.F.);
#2227 = EDGE_CURVE('',#2218,#2196,#2228,.T.);
#2228 = LINE('',#2229,#2230);
#2229 = CARTESIAN_POINT('',(9.,6.3,5.4));
#2230 = VECTOR('',#2231,1.);
#2231 = DIRECTION('',(0.,1.,0.));
#2232 = PLANE('',#2233);
#2233 = AXIS2_PLACEMENT_3D('',#2234,#2235,#2236);
#2234 = CARTESIAN_POINT('',(9.,6.3,2.3));
#2235 = DIRECTION('',(1.,0.,0.));
#2236 = DIRECTION('',(0.,0.,1.));
#2237 = ADVANCED_FACE('',(#2238),#2256,.T.);
#2238 = FACE_BOUND('',#2239,.T.);
#2239 = EDGE_LOOP('',(#2240,#2248,#2249,#2250));
#2240 = ORIENTED_EDGE('',*,*,#2241,.F.);
#2241 = EDGE_CURVE('',#1850,#2242,#2244,.T.);
#2242 = VERTEX_POINT('',#2243);
#2243 = CARTESIAN_POINT('',(45.,6.3,5.4));
#2244 = LINE('',#2245,#2246);
#2245 = CARTESIAN_POINT('',(45.,6.3,2.3));
#2246 = VECTOR('',#2247,1.);
#2247 = DIRECTION('',(0.,0.,1.));
#2248 = ORIENTED_EDGE('',*,*,#1857,.F.);
#2249 = ORIENTED_EDGE('',*,*,#2186,.T.);
#2250 = ORIENTED_EDGE('',*,*,#2251,.F.);
#2251 = EDGE_CURVE('',#2242,#2187,#2252,.T.);
#2252 = LINE('',#2253,#2254);
#2253 = CARTESIAN_POINT('',(45.,6.3,5.4));
#2254 = VECTOR('',#2255,1.);
#2255 = DIRECTION('',(0.,1.,0.));
#2256 = PLANE('',#2257);
#2257 = AXIS2_PLACEMENT_3D('',#2258,#2259,#2260);
#2258 = CARTESIAN_POINT('',(45.,6.3,2.3));
#2259 = DIRECTION('',(1.,0.,0.));
#2260 = DIRECTION('',(0.,0.,1.));
#2261 = ADVANCED_FACE('',(#2262),#2273,.F.);
#2262 = FACE_BOUND('',#2263,.F.);
#2263 = EDGE_LOOP('',(#2264,#2265,#2266,#2267));
#2264 = ORIENTED_EDGE('',*,*,#2241,.F.);
#2265 = ORIENTED_EDGE('',*,*,#1849,.F.);
#2266 = ORIENTED_EDGE('',*,*,#2217,.T.);
#2267 = ORIENTED_EDGE('',*,*,#2268,.T.);
#2268 = EDGE_CURVE('',#2218,#2242,#2269,.T.);
#2269 = LINE('',#2270,#2271);
#2270 = CARTESIAN_POINT('',(9.,6.3,5.4));
#2271 = VECTOR('',#2272,1.);
#2272 = DIRECTION('',(1.,0.,0.));
#2273 = PLANE('',#2274);
#2274 = AXIS2_PLACEMENT_3D('',#2275,#2276,#2277);
#2275 = CARTESIAN_POINT('',(9.,6.3,2.3));
#2276 = DIRECTION('',(0.,1.,0.));
#2277 = DIRECTION('',(0.,0.,1.));
#2278 = ADVANCED_FACE('',(#2279),#2304,.T.);
#2279 = FACE_BOUND('',#2280,.T.);
#2280 = EDGE_LOOP('',(#2281,#2289,#2290,#2298));
#2281 = ORIENTED_EDGE('',*,*,#2282,.F.);
#2282 = EDGE_CURVE('',#1868,#2283,#2285,.T.);
#2283 = VERTEX_POINT('',#2284);
#2284 = CARTESIAN_POINT('',(45.,39.7,5.4));
#2285 = LINE('',#2286,#2287);
#2286 = CARTESIAN_POINT('',(45.,39.7,2.3));
#2287 = VECTOR('',#2288,1.);
#2288 = DIRECTION('',(0.,0.,1.));
#2289 = ORIENTED_EDGE('',*,*,#1865,.F.);
#2290 = ORIENTED_EDGE('',*,*,#2291,.T.);
#2291 = EDGE_CURVE('',#1866,#2292,#2294,.T.);
#2292 = VERTEX_POINT('',#2293);
#2293 = CARTESIAN_POINT('',(9.,39.7,5.4));
#2294 = LINE('',#2295,#2296);
#2295 = CARTESIAN_POINT('',(9.,39.7,2.3));
#2296 = VECTOR('',#2297,1.);
#2297 = DIRECTION('',(0.,0.,1.));
#2298 = ORIENTED_EDGE('',*,*,#2299,.T.);
#2299 = EDGE_CURVE('',#2292,#2283,#2300,.T.);
#2300 = LINE('',#2301,#2302);
#2301 = CARTESIAN_POINT('',(9.,39.7,5.4));
#2302 = VECTOR('',#2303,1.);
#2303 = DIRECTION('',(1.,0.,0.));
#2304 = PLANE('',#2305);
#2305 = AXIS2_PLACEMENT_3D('',#2306,#2307,#2308);
#2306 = CARTESIAN_POINT('',(9.,39.7,2.3));
#2307 = DIRECTION('',(0.,1.,0.));
#2308 = DIRECTION('',(0.,0.,1.));
#2309 = ADVANCED_FACE('',(#2310),#2328,.T.);
#2310 = FACE_BOUND('',#2311,.T.);
#2311 = EDGE_LOOP('',(#2312,#2320,#2321,#2322));
#2312 = ORIENTED_EDGE('',*,*,#2313,.F.);
#2313 = EDGE_CURVE('',#1884,#2314,#2316,.T.);
#2314 = VERTEX_POINT('',#2315);
#2315 = CARTESIAN_POINT('',(45.,38.3,5.4));
#2316 = LINE('',#2317,#2318);
#2317 = CARTESIAN_POINT('',(45.,38.3,2.3));
#2318 = VECTOR('',#2319,1.);
#2319 = DIRECTION('',(0.,0.,1.));
#2320 = ORIENTED_EDGE('',*,*,#1891,.F.);
#2321 = ORIENTED_EDGE('',*,*,#2282,.T.);
#2322 = ORIENTED_EDGE('',*,*,#2323,.F.);
#2323 = EDGE_CURVE('',#2314,#2283,#2324,.T.);
#2324 = LINE('',#2325,#2326);
#2325 = CARTESIAN_POINT('',(45.,38.3,5.4));
#2326 = VECTOR('',#2327,1.);
#2327 = DIRECTION('',(0.,1.,0.));
#2328 = PLANE('',#2329);
#2329 = AXIS2_PLACEMENT_3D('',#2330,#2331,#2332);
#2330 = CARTESIAN_POINT('',(45.,38.3,2.3));
#2331 = DIRECTION('',(1.,0.,0.));
#2332 = DIRECTION('',(0.,0.,1.));
#2333 = ADVANCED_FACE('',(#2334),#2352,.F.);
#2334 = FACE_BOUND('',#2335,.F.);
#2335 = EDGE_LOOP('',(#2336,#2337,#2338,#2346));
#2336 = ORIENTED_EDGE('',*,*,#2313,.F.);
#2337 = ORIENTED_EDGE('',*,*,#1883,.F.);
#2338 = ORIENTED_EDGE('',*,*,#2339,.T.);
#2339 = EDGE_CURVE('',#1876,#2340,#2342,.T.);
#2340 = VERTEX_POINT('',#2341);
#2341 = CARTESIAN_POINT('',(9.,38.3,5.4));
#2342 = LINE('',#2343,#2344);
#2343 = CARTESIAN_POINT('',(9.,38.3,2.3));
#2344 = VECTOR('',#2345,1.);
#2345 = DIRECTION('',(0.,0.,1.));
#2346 = ORIENTED_EDGE('',*,*,#2347,.T.);
#2347 = EDGE_CURVE('',#2340,#2314,#2348,.T.);
#2348 = LINE('',#2349,#2350);
#2349 = CARTESIAN_POINT('',(9.,38.3,5.4));
#2350 = VECTOR('',#2351,1.);
#2351 = DIRECTION('',(1.,0.,0.));
#2352 = PLANE('',#2353);
#2353 = AXIS2_PLACEMENT_3D('',#2354,#2355,#2356);
#2354 = CARTESIAN_POINT('',(9.,38.3,2.3));
#2355 = DIRECTION('',(0.,1.,0.));
#2356 = DIRECTION('',(0.,0.,1.));
#2357 = ADVANCED_FACE('',(#2358),#2369,.F.);
#2358 = FACE_BOUND('',#2359,.F.);
#2359 = EDGE_LOOP('',(#2360,#2361,#2362,#2363));
#2360 = ORIENTED_EDGE('',*,*,#2339,.F.);
#2361 = ORIENTED_EDGE('',*,*,#1875,.F.);
#2362 = ORIENTED_EDGE('',*,*,#2291,.T.);
#2363 = ORIENTED_EDGE('',*,*,#2364,.F.);
#2364 = EDGE_CURVE('',#2340,#2292,#2365,.T.);
#2365 = LINE('',#2366,#2367);
#2366 = CARTESIAN_POINT('',(9.,38.3,5.4));
#2367 = VECTOR('',#2368,1.);
#2368 = DIRECTION('',(0.,1.,0.));
#2369 = PLANE('',#2370);
#2370 = AXIS2_PLACEMENT_3D('',#2371,#2372,#2373);
#2371 = CARTESIAN_POINT('',(9.,38.3,2.3));
#2372 = DIRECTION('',(1.,0.,0.));
#2373 = DIRECTION('',(0.,0.,1.));
#2374 = ADVANCED_FACE('',(#2375),#2394,.F.);
#2375 = FACE_BOUND('',#2376,.F.);
#2376 = EDGE_LOOP('',(#2377,#2385,#2386,#2387));
#2377 = ORIENTED_EDGE('',*,*,#2378,.T.);
#2378 = EDGE_CURVE('',#2379,#1930,#2381,.T.);
#2379 = VERTEX_POINT('',#2380);
#2380 = CARTESIAN_POINT('',(49.825,5.,2.4));
#2381 = LINE('',#2382,#2383);
#2382 = CARTESIAN_POINT('',(49.825,5.,2.1));
#2383 = VECTOR('',#2384,1.);
#2384 = DIRECTION('',(0.,0.,1.));
#2385 = ORIENTED_EDGE('',*,*,#1929,.F.);
#2386 = ORIENTED_EDGE('',*,*,#2378,.F.);
#2387 = ORIENTED_EDGE('',*,*,#2388,.T.);
#2388 = EDGE_CURVE('',#2379,#2379,#2389,.T.);
#2389 = CIRCLE('',#2390,0.825);
#2390 = AXIS2_PLACEMENT_3D('',#2391,#2392,#2393);
#2391 = CARTESIAN_POINT('',(49.,5.,2.4));
#2392 = DIRECTION('',(0.,0.,1.));
#2393 = DIRECTION('',(1.,0.,0.));
#2394 = CYLINDRICAL_SURFACE('',#2395,0.825);
#2395 = AXIS2_PLACEMENT_3D('',#2396,#2397,#2398);
#2396 = CARTESIAN_POINT('',(49.,5.,2.1));
#2397 = DIRECTION('',(0.,0.,1.));
#2398 = DIRECTION('',(1.,0.,0.));
#2399 = ADVANCED_FACE('',(#2400),#2419,.F.);
#2400 = FACE_BOUND('',#2401,.F.);
#2401 = EDGE_LOOP('',(#2402,#2410,#2411,#2412));
#2402 = ORIENTED_EDGE('',*,*,#2403,.T.);
#2403 = EDGE_CURVE('',#2404,#1959,#2406,.T.);
#2404 = VERTEX_POINT('',#2405);
#2405 = CARTESIAN_POINT('',(49.825,41.,2.4));
#2406 = LINE('',#2407,#2408);
#2407 = CARTESIAN_POINT('',(49.825,41.,2.1));
#2408 = VECTOR('',#2409,1.);
#2409 = DIRECTION('',(0.,0.,1.));
#2410 = ORIENTED_EDGE('',*,*,#1958,.F.);
#2411 = ORIENTED_EDGE('',*,*,#2403,.F.);
#2412 = ORIENTED_EDGE('',*,*,#2413,.T.);
#2413 = EDGE_CURVE('',#2404,#2404,#2414,.T.);
#2414 = CIRCLE('',#2415,0.825);
#2415 = AXIS2_PLACEMENT_3D('',#2416,#2417,#2418);
#2416 = CARTESIAN_POINT('',(49.,41.,2.4));
#2417 = DIRECTION('',(0.,0.,1.));
#2418 = DIRECTION('',(1.,0.,0.));
#2419 = CYLINDRICAL_SURFACE('',#2420,0.825);
#2420 = AXIS2_PLACEMENT_3D('',#2421,#2422,#2423);
#2421 = CARTESIAN_POINT('',(49.,41.,2.1));
#2422 = DIRECTION('',(0.,0.,1.));
#2423 = DIRECTION('',(1.,0.,0.));
#2424 = ADVANCED_FACE('',(#2425),#2444,.F.);
#2425 = FACE_BOUND('',#2426,.F.);
#2426 = EDGE_LOOP('',(#2427,#2435,#2436,#2437));
#2427 = ORIENTED_EDGE('',*,*,#2428,.T.);
#2428 = EDGE_CURVE('',#2429,#2145,#2431,.T.);
#2429 = VERTEX_POINT('',#2430);
#2430 = CARTESIAN_POINT('',(5.825,41.,2.4));
#2431 = LINE('',#2432,#2433);
#2432 = CARTESIAN_POINT('',(5.825,41.,2.1));
#2433 = VECTOR('',#2434,1.);
#2434 = DIRECTION('',(0.,0.,1.));
#2435 = ORIENTED_EDGE('',*,*,#2144,.F.);
#2436 = ORIENTED_EDGE('',*,*,#2428,.F.);
#2437 = ORIENTED_EDGE('',*,*,#2438,.T.);
#2438 = EDGE_CURVE('',#2429,#2429,#2439,.T.);
#2439 = CIRCLE('',#2440,0.825);
#2440 = AXIS2_PLACEMENT_3D('',#2441,#2442,#2443);
#2441 = CARTESIAN_POINT('',(5.,41.,2.4));
#2442 = DIRECTION('',(0.,0.,1.));
#2443 = DIRECTION('',(1.,0.,0.));
#2444 = CYLINDRICAL_SURFACE('',#2445,0.825);
#2445 = AXIS2_PLACEMENT_3D('',#2446,#2447,#2448);
#2446 = CARTESIAN_POINT('',(5.,41.,2.1));
#2447 = DIRECTION('',(0.,0.,1.));
#2448 = DIRECTION('',(1.,0.,0.));
#2449 = ADVANCED_FACE('',(#2450),#2453,.F.);
#2450 = FACE_BOUND('',#2451,.F.);
#2451 = EDGE_LOOP('',(#2452));
#2452 = ORIENTED_EDGE('',*,*,#2171,.F.);
#2453 = PLANE('',#2454);
#2454 = AXIS2_PLACEMENT_3D('',#2455,#2456,#2457);
#2455 = CARTESIAN_POINT('',(27.,23.,2.4));
#2456 = DIRECTION('',(-0.,-0.,-1.));
#2457 = DIRECTION('',(-1.,0.,0.));
#2458 = ADVANCED_FACE('',(#2459),#2465,.T.);
#2459 = FACE_BOUND('',#2460,.T.);
#2460 = EDGE_LOOP('',(#2461,#2462,#2463,#2464));
#2461 = ORIENTED_EDGE('',*,*,#2227,.F.);
#2462 = ORIENTED_EDGE('',*,*,#2268,.T.);
#2463 = ORIENTED_EDGE('',*,*,#2251,.T.);
#2464 = ORIENTED_EDGE('',*,*,#2203,.F.);
#2465 = PLANE('',#2466);
#2466 = AXIS2_PLACEMENT_3D('',#2467,#2468,#2469);
#2467 = CARTESIAN_POINT('',(9.,6.3,5.4));
#2468 = DIRECTION('',(0.,0.,1.));
#2469 = DIRECTION('',(1.,0.,0.));
#2470 = ADVANCED_FACE('',(#2471),#2477,.T.);
#2471 = FACE_BOUND('',#2472,.T.);
#2472 = EDGE_LOOP('',(#2473,#2474,#2475,#2476));
#2473 = ORIENTED_EDGE('',*,*,#2364,.F.);
#2474 = ORIENTED_EDGE('',*,*,#2347,.T.);
#2475 = ORIENTED_EDGE('',*,*,#2323,.T.);
#2476 = ORIENTED_EDGE('',*,*,#2299,.F.);
#2477 = PLANE('',#2478);
#2478 = AXIS2_PLACEMENT_3D('',#2479,#2480,#2481);
#2479 = CARTESIAN_POINT('',(9.,38.3,5.4));
#2480 = DIRECTION('',(0.,0.,1.));
#2481 = DIRECTION('',(1.,0.,0.));
#2482 = ADVANCED_FACE('',(#2483),#2486,.F.);
#2483 = FACE_BOUND('',#2484,.F.);
#2484 = EDGE_LOOP('',(#2485));
#2485 = ORIENTED_EDGE('',*,*,#2388,.F.);
#2486 = PLANE('',#2487);
#2487 = AXIS2_PLACEMENT_3D('',#2488,#2489,#2490);
#2488 = CARTESIAN_POINT('',(27.,23.,2.4));
#2489 = DIRECTION('',(-0.,-0.,-1.));
#2490 = DIRECTION('',(-1.,0.,0.));
#2491 = ADVANCED_FACE('',(#2492),#2495,.F.);
#2492 = FACE_BOUND('',#2493,.F.);
#2493 = EDGE_LOOP('',(#2494));
#2494 = ORIENTED_EDGE('',*,*,#2413,.F.);
#2495 = PLANE('',#2496);
#2496 = AXIS2_PLACEMENT_3D('',#2497,#2498,#2499);
#2497 = CARTESIAN_POINT('',(27.,23.,2.4));
#2498 = DIRECTION('',(-0.,-0.,-1.));
#2499 = DIRECTION('',(-1.,0.,0.));
#2500 = ADVANCED_FACE('',(#2501),#2504,.F.);
#2501 = FACE_BOUND('',#2502,.F.);
#2502 = EDGE_LOOP('',(#2503));
#2503 = ORIENTED_EDGE('',*,*,#2438,.F.);
#2504 = PLANE('',#2505);
#2505 = AXIS2_PLACEMENT_3D('',#2506,#2507,#2508);
#2506 = CARTESIAN_POINT('',(27.,23.,2.4));
#2507 = DIRECTION('',(-0.,-0.,-1.));
#2508 = DIRECTION('',(-1.,0.,0.));
#2509 = ADVANCED_FACE('',(#2510,#2516),#2522,.F.);
#2510 = FACE_BOUND('',#2511,.T.);
#2511 = EDGE_LOOP('',(#2512,#2513,#2514,#2515));
#2512 = ORIENTED_EDGE('',*,*,#32,.T.);
#2513 = ORIENTED_EDGE('',*,*,#115,.T.);
#2514 = ORIENTED_EDGE('',*,*,#458,.F.);
#2515 = ORIENTED_EDGE('',*,*,#326,.F.);
#2516 = FACE_BOUND('',#2517,.F.);
#2517 = EDGE_LOOP('',(#2518,#2519,#2520,#2521));
#2518 = ORIENTED_EDGE('',*,*,#1605,.T.);
#2519 = ORIENTED_EDGE('',*,*,#1629,.F.);
#2520 = ORIENTED_EDGE('',*,*,#1581,.F.);
#2521 = ORIENTED_EDGE('',*,*,#1557,.T.);
#2522 = PLANE('',#2523);
#2523 = AXIS2_PLACEMENT_3D('',#2524,#2525,#2526);
#2524 = CARTESIAN_POINT('',(0.,4.5,0.));
#2525 = DIRECTION('',(1.,0.,0.));
#2526 = DIRECTION('',(0.,0.,1.));
#2527 = ADVANCED_FACE('',(#2528,#2534),#2540,.T.);
#2528 = FACE_BOUND('',#2529,.T.);
#2529 = EDGE_LOOP('',(#2530,#2531,#2532,#2533));
#2530 = ORIENTED_EDGE('',*,*,#475,.F.);
#2531 = ORIENTED_EDGE('',*,*,#360,.T.);
#2532 = ORIENTED_EDGE('',*,*,#507,.T.);
#2533 = ORIENTED_EDGE('',*,*,#81,.F.);
#2534 = FACE_BOUND('',#2535,.T.);
#2535 = EDGE_LOOP('',(#2536,#2537,#2538,#2539));
#2536 = ORIENTED_EDGE('',*,*,#1662,.T.);
#2537 = ORIENTED_EDGE('',*,*,#1710,.T.);
#2538 = ORIENTED_EDGE('',*,*,#1727,.F.);
#2539 = ORIENTED_EDGE('',*,*,#1686,.F.);
#2540 = PLANE('',#2541);
#2541 = AXIS2_PLACEMENT_3D('',#2542,#2543,#2544);
#2542 = CARTESIAN_POINT('',(54.,4.5,0.));
#2543 = DIRECTION('',(1.,0.,0.));
#2544 = DIRECTION('',(0.,0.,1.));
#2545 = ADVANCED_FACE('',(#2546),#2556,.T.);
#2546 = FACE_BOUND('',#2547,.T.);
#2547 = EDGE_LOOP('',(#2548,#2549,#2550,#2551,#2552,#2553,#2554,#2555));
#2548 = ORIENTED_EDGE('',*,*,#1365,.T.);
#2549 = ORIENTED_EDGE('',*,*,#1396,.F.);
#2550 = ORIENTED_EDGE('',*,*,#1413,.F.);
#2551 = ORIENTED_EDGE('',*,*,#1444,.F.);
#2552 = ORIENTED_EDGE('',*,*,#1460,.F.);
#2553 = ORIENTED_EDGE('',*,*,#1485,.T.);
#2554 = ORIENTED_EDGE('',*,*,#1509,.F.);
#2555 = ORIENTED_EDGE('',*,*,#1533,.T.);
#2556 = PLANE('',#2557);
#2557 = AXIS2_PLACEMENT_3D('',#2558,#2559,#2560);
#2558 = CARTESIAN_POINT('',(27.,22.486942675159,-2.));
#2559 = DIRECTION('',(-0.,-0.,-1.));
#2560 = DIRECTION('',(-1.,0.,0.));
#2561 = ADVANCED_FACE('',(#2562),#2570,.T.);
#2562 = FACE_BOUND('',#2563,.T.);
#2563 = EDGE_LOOP('',(#2564,#2565,#2566,#2567,#2568,#2569));
#2564 = ORIENTED_EDGE('',*,*,#1789,.T.);
#2565 = ORIENTED_EDGE('',*,*,#1011,.T.);
#2566 = ORIENTED_EDGE('',*,*,#1750,.F.);
#2567 = ORIENTED_EDGE('',*,*,#1741,.F.);
#2568 = ORIENTED_EDGE('',*,*,#565,.F.);
#2569 = ORIENTED_EDGE('',*,*,#1780,.T.);
#2570 = CYLINDRICAL_SURFACE('',#2571,3.2);
#2571 = AXIS2_PLACEMENT_3D('',#2572,#2573,#2574);
#2572 = CARTESIAN_POINT('',(5.,5.,2.3));
#2573 = DIRECTION('',(0.,0.,1.));
#2574 = DIRECTION('',(1.,0.,0.));
#2575 = ADVANCED_FACE('',(#2576),#2584,.T.);
#2576 = FACE_BOUND('',#2577,.T.);
#2577 = EDGE_LOOP('',(#2578,#2579,#2580,#2581,#2582,#2583));
#2578 = ORIENTED_EDGE('',*,*,#2123,.F.);
#2579 = ORIENTED_EDGE('',*,*,#1027,.F.);
#2580 = ORIENTED_EDGE('',*,*,#1797,.T.);
#2581 = ORIENTED_EDGE('',*,*,#1806,.T.);
#2582 = ORIENTED_EDGE('',*,*,#931,.T.);
#2583 = ORIENTED_EDGE('',*,*,#2132,.F.);
#2584 = CYLINDRICAL_SURFACE('',#2585,3.2);
#2585 = AXIS2_PLACEMENT_3D('',#2586,#2587,#2588);
#2586 = CARTESIAN_POINT('',(5.,41.,2.3));
#2587 = DIRECTION('',(0.,0.,1.));
#2588 = DIRECTION('',(1.,0.,0.));
#2589 = MANIFOLD_SOLID_BREP('',#2590);
#2590 = CLOSED_SHELL('',(#2591,#2633,#2820,#2844,#2937,#2954,#2971,#2988
    ,#3005,#3022,#3034,#3127,#3152,#3245,#3270,#3295,#3320,#3413,#3438,
    #3463,#3488,#3581,#3612,#3636,#3660,#3677,#3736,#3753,#3852,#3876,
    #3892,#3904,#3916,#3940,#3956,#3968,#3980,#4004,#4020,#4032,#4044,
    #4068,#4084));
#2591 = ADVANCED_FACE('',(#2592),#2628,.T.);
#2592 = FACE_BOUND('',#2593,.T.);
#2593 = EDGE_LOOP('',(#2594,#2605,#2613,#2622));
#2594 = ORIENTED_EDGE('',*,*,#2595,.F.);
#2595 = EDGE_CURVE('',#2596,#2598,#2600,.T.);
#2596 = VERTEX_POINT('',#2597);
#2597 = CARTESIAN_POINT('',(0.,4.5,44.));
#2598 = VERTEX_POINT('',#2599);
#2599 = CARTESIAN_POINT('',(4.5,0.,44.));
#2600 = CIRCLE('',#2601,4.5);
#2601 = AXIS2_PLACEMENT_3D('',#2602,#2603,#2604);
#2602 = CARTESIAN_POINT('',(4.5,4.5,44.));
#2603 = DIRECTION('',(0.,0.,1.));
#2604 = DIRECTION('',(1.,0.,0.));
#2605 = ORIENTED_EDGE('',*,*,#2606,.F.);
#2606 = EDGE_CURVE('',#2607,#2596,#2609,.T.);
#2607 = VERTEX_POINT('',#2608);
#2608 = CARTESIAN_POINT('',(0.,4.5,41.));
#2609 = LINE('',#2610,#2611);
#2610 = CARTESIAN_POINT('',(0.,4.5,41.));
#2611 = VECTOR('',#2612,1.);
#2612 = DIRECTION('',(0.,0.,1.));
#2613 = ORIENTED_EDGE('',*,*,#2614,.T.);
#2614 = EDGE_CURVE('',#2607,#2615,#2617,.T.);
#2615 = VERTEX_POINT('',#2616);
#2616 = CARTESIAN_POINT('',(4.5,0.,41.));
#2617 = CIRCLE('',#2618,4.5);
#2618 = AXIS2_PLACEMENT_3D('',#2619,#2620,#2621);
#2619 = CARTESIAN_POINT('',(4.5,4.5,41.));
#2620 = DIRECTION('',(0.,0.,1.));
#2621 = DIRECTION('',(1.,0.,0.));
#2622 = ORIENTED_EDGE('',*,*,#2623,.T.);
#2623 = EDGE_CURVE('',#2615,#2598,#2624,.T.);
#2624 = LINE('',#2625,#2626);
#2625 = CARTESIAN_POINT('',(4.5,0.,41.));
#2626 = VECTOR('',#2627,1.);
#2627 = DIRECTION('',(0.,0.,1.));
#2628 = CYLINDRICAL_SURFACE('',#2629,4.5);
#2629 = AXIS2_PLACEMENT_3D('',#2630,#2631,#2632);
#2630 = CARTESIAN_POINT('',(4.5,4.5,41.));
#2631 = DIRECTION('',(0.,0.,1.));
#2632 = DIRECTION('',(1.,0.,0.));
#2633 = ADVANCED_FACE('',(#2634,#2694,#2705,#2716,#2727,#2738,#2749,
    #2760,#2771,#2782,#2793,#2804),#2815,.T.);
#2634 = FACE_BOUND('',#2635,.T.);
#2635 = EDGE_LOOP('',(#2636,#2637,#2645,#2654,#2662,#2671,#2679,#2688));
#2636 = ORIENTED_EDGE('',*,*,#2595,.T.);
#2637 = ORIENTED_EDGE('',*,*,#2638,.T.);
#2638 = EDGE_CURVE('',#2598,#2639,#2641,.T.);
#2639 = VERTEX_POINT('',#2640);
#2640 = CARTESIAN_POINT('',(49.5,0.,44.));
#2641 = LINE('',#2642,#2643);
#2642 = CARTESIAN_POINT('',(4.5,0.,44.));
#2643 = VECTOR('',#2644,1.);
#2644 = DIRECTION('',(1.,0.,0.));
#2645 = ORIENTED_EDGE('',*,*,#2646,.T.);
#2646 = EDGE_CURVE('',#2639,#2647,#2649,.T.);
#2647 = VERTEX_POINT('',#2648);
#2648 = CARTESIAN_POINT('',(54.,4.5,44.));
#2649 = CIRCLE('',#2650,4.5);
#2650 = AXIS2_PLACEMENT_3D('',#2651,#2652,#2653);
#2651 = CARTESIAN_POINT('',(49.5,4.5,44.));
#2652 = DIRECTION('',(0.,0.,1.));
#2653 = DIRECTION('',(1.,0.,0.));
#2654 = ORIENTED_EDGE('',*,*,#2655,.T.);
#2655 = EDGE_CURVE('',#2647,#2656,#2658,.T.);
#2656 = VERTEX_POINT('',#2657);
#2657 = CARTESIAN_POINT('',(54.,41.5,44.));
#2658 = LINE('',#2659,#2660);
#2659 = CARTESIAN_POINT('',(54.,4.5,44.));
#2660 = VECTOR('',#2661,1.);
#2661 = DIRECTION('',(0.,1.,0.));
#2662 = ORIENTED_EDGE('',*,*,#2663,.T.);
#2663 = EDGE_CURVE('',#2656,#2664,#2666,.T.);
#2664 = VERTEX_POINT('',#2665);
#2665 = CARTESIAN_POINT('',(49.5,46.,44.));
#2666 = CIRCLE('',#2667,4.5);
#2667 = AXIS2_PLACEMENT_3D('',#2668,#2669,#2670);
#2668 = CARTESIAN_POINT('',(49.5,41.5,44.));
#2669 = DIRECTION('',(0.,0.,1.));
#2670 = DIRECTION('',(1.,0.,0.));
#2671 = ORIENTED_EDGE('',*,*,#2672,.F.);
#2672 = EDGE_CURVE('',#2673,#2664,#2675,.T.);
#2673 = VERTEX_POINT('',#2674);
#2674 = CARTESIAN_POINT('',(4.5,46.,44.));
#2675 = LINE('',#2676,#2677);
#2676 = CARTESIAN_POINT('',(4.5,46.,44.));
#2677 = VECTOR('',#2678,1.);
#2678 = DIRECTION('',(1.,0.,0.));
#2679 = ORIENTED_EDGE('',*,*,#2680,.T.);
#2680 = EDGE_CURVE('',#2673,#2681,#2683,.T.);
#2681 = VERTEX_POINT('',#2682);
#2682 = CARTESIAN_POINT('',(0.,41.5,44.));
#2683 = CIRCLE('',#2684,4.5);
#2684 = AXIS2_PLACEMENT_3D('',#2685,#2686,#2687);
#2685 = CARTESIAN_POINT('',(4.5,41.5,44.));
#2686 = DIRECTION('',(0.,0.,1.));
#2687 = DIRECTION('',(1.,0.,0.));
#2688 = ORIENTED_EDGE('',*,*,#2689,.F.);
#2689 = EDGE_CURVE('',#2596,#2681,#2690,.T.);
#2690 = LINE('',#2691,#2692);
#2691 = CARTESIAN_POINT('',(0.,4.5,44.));
#2692 = VECTOR('',#2693,1.);
#2693 = DIRECTION('',(0.,1.,0.));
#2694 = FACE_BOUND('',#2695,.T.);
#2695 = EDGE_LOOP('',(#2696));
#2696 = ORIENTED_EDGE('',*,*,#2697,.F.);
#2697 = EDGE_CURVE('',#2698,#2698,#2700,.T.);
#2698 = VERTEX_POINT('',#2699);
#2699 = CARTESIAN_POINT('',(6.2,5.,44.));
#2700 = CIRCLE('',#2701,1.2);
#2701 = AXIS2_PLACEMENT_3D('',#2702,#2703,#2704);
#2702 = CARTESIAN_POINT('',(5.,5.,44.));
#2703 = DIRECTION('',(0.,0.,1.));
#2704 = DIRECTION('',(1.,0.,0.));
#2705 = FACE_BOUND('',#2706,.T.);
#2706 = EDGE_LOOP('',(#2707));
#2707 = ORIENTED_EDGE('',*,*,#2708,.F.);
#2708 = EDGE_CURVE('',#2709,#2709,#2711,.T.);
#2709 = VERTEX_POINT('',#2710);
#2710 = CARTESIAN_POINT('',(25.4,18.669872981078,44.));
#2711 = CIRCLE('',#2712,0.9);
#2712 = AXIS2_PLACEMENT_3D('',#2713,#2714,#2715);
#2713 = CARTESIAN_POINT('',(24.5,18.669872981078,44.));
#2714 = DIRECTION('',(0.,0.,1.));
#2715 = DIRECTION('',(1.,0.,0.));
#2716 = FACE_BOUND('',#2717,.T.);
#2717 = EDGE_LOOP('',(#2718));
#2718 = ORIENTED_EDGE('',*,*,#2719,.F.);
#2719 = EDGE_CURVE('',#2720,#2720,#2722,.T.);
#2720 = VERTEX_POINT('',#2721);
#2721 = CARTESIAN_POINT('',(50.2,5.,44.));
#2722 = CIRCLE('',#2723,1.2);
#2723 = AXIS2_PLACEMENT_3D('',#2724,#2725,#2726);
#2724 = CARTESIAN_POINT('',(49.,5.,44.));
#2725 = DIRECTION('',(0.,0.,1.));
#2726 = DIRECTION('',(1.,0.,0.));
#2727 = FACE_BOUND('',#2728,.T.);
#2728 = EDGE_LOOP('',(#2729));
#2729 = ORIENTED_EDGE('',*,*,#2730,.F.);
#2730 = EDGE_CURVE('',#2731,#2731,#2733,.T.);
#2731 = VERTEX_POINT('',#2732);
#2732 = CARTESIAN_POINT('',(30.4,18.669872981078,44.));
#2733 = CIRCLE('',#2734,0.9);
#2734 = AXIS2_PLACEMENT_3D('',#2735,#2736,#2737);
#2735 = CARTESIAN_POINT('',(29.5,18.669872981078,44.));
#2736 = DIRECTION('',(0.,0.,1.));
#2737 = DIRECTION('',(1.,0.,0.));
#2738 = FACE_BOUND('',#2739,.T.);
#2739 = EDGE_LOOP('',(#2740));
#2740 = ORIENTED_EDGE('',*,*,#2741,.F.);
#2741 = EDGE_CURVE('',#2742,#2742,#2744,.T.);
#2742 = VERTEX_POINT('',#2743);
#2743 = CARTESIAN_POINT('',(22.9,23.,44.));
#2744 = CIRCLE('',#2745,0.9);
#2745 = AXIS2_PLACEMENT_3D('',#2746,#2747,#2748);
#2746 = CARTESIAN_POINT('',(22.,23.,44.));
#2747 = DIRECTION('',(0.,0.,1.));
#2748 = DIRECTION('',(1.,0.,0.));
#2749 = FACE_BOUND('',#2750,.T.);
#2750 = EDGE_LOOP('',(#2751));
#2751 = ORIENTED_EDGE('',*,*,#2752,.F.);
#2752 = EDGE_CURVE('',#2753,#2753,#2755,.T.);
#2753 = VERTEX_POINT('',#2754);
#2754 = CARTESIAN_POINT('',(25.4,27.330127018922,44.));
#2755 = CIRCLE('',#2756,0.9);
#2756 = AXIS2_PLACEMENT_3D('',#2757,#2758,#2759);
#2757 = CARTESIAN_POINT('',(24.5,27.330127018922,44.));
#2758 = DIRECTION('',(0.,0.,1.));
#2759 = DIRECTION('',(1.,0.,0.));
#2760 = FACE_BOUND('',#2761,.T.);
#2761 = EDGE_LOOP('',(#2762));
#2762 = ORIENTED_EDGE('',*,*,#2763,.F.);
#2763 = EDGE_CURVE('',#2764,#2764,#2766,.T.);
#2764 = VERTEX_POINT('',#2765);
#2765 = CARTESIAN_POINT('',(6.2,41.,44.));
#2766 = CIRCLE('',#2767,1.2);
#2767 = AXIS2_PLACEMENT_3D('',#2768,#2769,#2770);
#2768 = CARTESIAN_POINT('',(5.,41.,44.));
#2769 = DIRECTION('',(0.,0.,1.));
#2770 = DIRECTION('',(1.,0.,0.));
#2771 = FACE_BOUND('',#2772,.T.);
#2772 = EDGE_LOOP('',(#2773));
#2773 = ORIENTED_EDGE('',*,*,#2774,.F.);
#2774 = EDGE_CURVE('',#2775,#2775,#2777,.T.);
#2775 = VERTEX_POINT('',#2776);
#2776 = CARTESIAN_POINT('',(27.9,23.,44.));
#2777 = CIRCLE('',#2778,0.9);
#2778 = AXIS2_PLACEMENT_3D('',#2779,#2780,#2781);
#2779 = CARTESIAN_POINT('',(27.,23.,44.));
#2780 = DIRECTION('',(0.,0.,1.));
#2781 = DIRECTION('',(1.,0.,0.));
#2782 = FACE_BOUND('',#2783,.T.);
#2783 = EDGE_LOOP('',(#2784));
#2784 = ORIENTED_EDGE('',*,*,#2785,.F.);
#2785 = EDGE_CURVE('',#2786,#2786,#2788,.T.);
#2786 = VERTEX_POINT('',#2787);
#2787 = CARTESIAN_POINT('',(32.9,23.,44.));
#2788 = CIRCLE('',#2789,0.9);
#2789 = AXIS2_PLACEMENT_3D('',#2790,#2791,#2792);
#2790 = CARTESIAN_POINT('',(32.,23.,44.));
#2791 = DIRECTION('',(0.,0.,1.));
#2792 = DIRECTION('',(1.,0.,0.));
#2793 = FACE_BOUND('',#2794,.T.);
#2794 = EDGE_LOOP('',(#2795));
#2795 = ORIENTED_EDGE('',*,*,#2796,.F.);
#2796 = EDGE_CURVE('',#2797,#2797,#2799,.T.);
#2797 = VERTEX_POINT('',#2798);
#2798 = CARTESIAN_POINT('',(30.4,27.330127018922,44.));
#2799 = CIRCLE('',#2800,0.9);
#2800 = AXIS2_PLACEMENT_3D('',#2801,#2802,#2803);
#2801 = CARTESIAN_POINT('',(29.5,27.330127018922,44.));
#2802 = DIRECTION('',(0.,0.,1.));
#2803 = DIRECTION('',(1.,0.,0.));
#2804 = FACE_BOUND('',#2805,.T.);
#2805 = EDGE_LOOP('',(#2806));
#2806 = ORIENTED_EDGE('',*,*,#2807,.F.);
#2807 = EDGE_CURVE('',#2808,#2808,#2810,.T.);
#2808 = VERTEX_POINT('',#2809);
#2809 = CARTESIAN_POINT('',(50.2,41.,44.));
#2810 = CIRCLE('',#2811,1.2);
#2811 = AXIS2_PLACEMENT_3D('',#2812,#2813,#2814);
#2812 = CARTESIAN_POINT('',(49.,41.,44.));
#2813 = DIRECTION('',(0.,0.,1.));
#2814 = DIRECTION('',(1.,0.,0.));
#2815 = PLANE('',#2816);
#2816 = AXIS2_PLACEMENT_3D('',#2817,#2818,#2819);
#2817 = CARTESIAN_POINT('',(27.,23.,44.));
#2818 = DIRECTION('',(0.,0.,1.));
#2819 = DIRECTION('',(1.,0.,0.));
#2820 = ADVANCED_FACE('',(#2821),#2839,.F.);
#2821 = FACE_BOUND('',#2822,.F.);
#2822 = EDGE_LOOP('',(#2823,#2831,#2832,#2833));
#2823 = ORIENTED_EDGE('',*,*,#2824,.F.);
#2824 = EDGE_CURVE('',#2615,#2825,#2827,.T.);
#2825 = VERTEX_POINT('',#2826);
#2826 = CARTESIAN_POINT('',(49.5,0.,41.));
#2827 = LINE('',#2828,#2829);
#2828 = CARTESIAN_POINT('',(4.5,0.,41.));
#2829 = VECTOR('',#2830,1.);
#2830 = DIRECTION('',(1.,0.,0.));
#2831 = ORIENTED_EDGE('',*,*,#2623,.T.);
#2832 = ORIENTED_EDGE('',*,*,#2638,.T.);
#2833 = ORIENTED_EDGE('',*,*,#2834,.F.);
#2834 = EDGE_CURVE('',#2825,#2639,#2835,.T.);
#2835 = LINE('',#2836,#2837);
#2836 = CARTESIAN_POINT('',(49.5,0.,41.));
#2837 = VECTOR('',#2838,1.);
#2838 = DIRECTION('',(0.,0.,1.));
#2839 = PLANE('',#2840);
#2840 = AXIS2_PLACEMENT_3D('',#2841,#2842,#2843);
#2841 = CARTESIAN_POINT('',(4.5,0.,41.));
#2842 = DIRECTION('',(0.,1.,0.));
#2843 = DIRECTION('',(0.,0.,1.));
#2844 = ADVANCED_FACE('',(#2845,#2898),#2932,.T.);
#2845 = FACE_BOUND('',#2846,.T.);
#2846 = EDGE_LOOP('',(#2847,#2848,#2856,#2865,#2873,#2882,#2890,#2897));
#2847 = ORIENTED_EDGE('',*,*,#2614,.F.);
#2848 = ORIENTED_EDGE('',*,*,#2849,.T.);
#2849 = EDGE_CURVE('',#2607,#2850,#2852,.T.);
#2850 = VERTEX_POINT('',#2851);
#2851 = CARTESIAN_POINT('',(0.,41.5,41.));
#2852 = LINE('',#2853,#2854);
#2853 = CARTESIAN_POINT('',(0.,4.5,41.));
#2854 = VECTOR('',#2855,1.);
#2855 = DIRECTION('',(0.,1.,0.));
#2856 = ORIENTED_EDGE('',*,*,#2857,.F.);
#2857 = EDGE_CURVE('',#2858,#2850,#2860,.T.);
#2858 = VERTEX_POINT('',#2859);
#2859 = CARTESIAN_POINT('',(4.5,46.,41.));
#2860 = CIRCLE('',#2861,4.5);
#2861 = AXIS2_PLACEMENT_3D('',#2862,#2863,#2864);
#2862 = CARTESIAN_POINT('',(4.5,41.5,41.));
#2863 = DIRECTION('',(0.,0.,1.));
#2864 = DIRECTION('',(1.,0.,0.));
#2865 = ORIENTED_EDGE('',*,*,#2866,.T.);
#2866 = EDGE_CURVE('',#2858,#2867,#2869,.T.);
#2867 = VERTEX_POINT('',#2868);
#2868 = CARTESIAN_POINT('',(49.5,46.,41.));
#2869 = LINE('',#2870,#2871);
#2870 = CARTESIAN_POINT('',(4.5,46.,41.));
#2871 = VECTOR('',#2872,1.);
#2872 = DIRECTION('',(1.,0.,0.));
#2873 = ORIENTED_EDGE('',*,*,#2874,.F.);
#2874 = EDGE_CURVE('',#2875,#2867,#2877,.T.);
#2875 = VERTEX_POINT('',#2876);
#2876 = CARTESIAN_POINT('',(54.,41.5,41.));
#2877 = CIRCLE('',#2878,4.5);
#2878 = AXIS2_PLACEMENT_3D('',#2879,#2880,#2881);
#2879 = CARTESIAN_POINT('',(49.5,41.5,41.));
#2880 = DIRECTION('',(0.,0.,1.));
#2881 = DIRECTION('',(1.,0.,0.));
#2882 = ORIENTED_EDGE('',*,*,#2883,.F.);
#2883 = EDGE_CURVE('',#2884,#2875,#2886,.T.);
#2884 = VERTEX_POINT('',#2885);
#2885 = CARTESIAN_POINT('',(54.,4.5,41.));
#2886 = LINE('',#2887,#2888);
#2887 = CARTESIAN_POINT('',(54.,4.5,41.));
#2888 = VECTOR('',#2889,1.);
#2889 = DIRECTION('',(0.,1.,0.));
#2890 = ORIENTED_EDGE('',*,*,#2891,.F.);
#2891 = EDGE_CURVE('',#2825,#2884,#2892,.T.);
#2892 = CIRCLE('',#2893,4.5);
#2893 = AXIS2_PLACEMENT_3D('',#2894,#2895,#2896);
#2894 = CARTESIAN_POINT('',(49.5,4.5,41.));
#2895 = DIRECTION('',(0.,0.,1.));
#2896 = DIRECTION('',(1.,0.,0.));
#2897 = ORIENTED_EDGE('',*,*,#2824,.F.);
#2898 = FACE_BOUND('',#2899,.T.);
#2899 = EDGE_LOOP('',(#2900,#2910,#2918,#2926));
#2900 = ORIENTED_EDGE('',*,*,#2901,.T.);
#2901 = EDGE_CURVE('',#2902,#2904,#2906,.T.);
#2902 = VERTEX_POINT('',#2903);
#2903 = CARTESIAN_POINT('',(2.75,43.25,41.));
#2904 = VERTEX_POINT('',#2905);
#2905 = CARTESIAN_POINT('',(2.75,2.75,41.));
#2906 = LINE('',#2907,#2908);
#2907 = CARTESIAN_POINT('',(2.75,32.425,41.));
#2908 = VECTOR('',#2909,1.);
#2909 = DIRECTION('',(0.,-1.,0.));
#2910 = ORIENTED_EDGE('',*,*,#2911,.T.);
#2911 = EDGE_CURVE('',#2904,#2912,#2914,.T.);
#2912 = VERTEX_POINT('',#2913);
#2913 = CARTESIAN_POINT('',(51.25,2.75,41.));
#2914 = LINE('',#2915,#2916);
#2915 = CARTESIAN_POINT('',(14.875,2.75,41.));
#2916 = VECTOR('',#2917,1.);
#2917 = DIRECTION('',(1.,0.,0.));
#2918 = ORIENTED_EDGE('',*,*,#2919,.F.);
#2919 = EDGE_CURVE('',#2920,#2912,#2922,.T.);
#2920 = VERTEX_POINT('',#2921);
#2921 = CARTESIAN_POINT('',(51.25,43.25,41.));
#2922 = LINE('',#2923,#2924);
#2923 = CARTESIAN_POINT('',(51.25,12.875,41.));
#2924 = VECTOR('',#2925,1.);
#2925 = DIRECTION('',(0.,-1.,0.));
#2926 = ORIENTED_EDGE('',*,*,#2927,.F.);
#2927 = EDGE_CURVE('',#2902,#2920,#2928,.T.);
#2928 = LINE('',#2929,#2930);
#2929 = CARTESIAN_POINT('',(14.875,43.25,41.));
#2930 = VECTOR('',#2931,1.);
#2931 = DIRECTION('',(1.,0.,0.));
#2932 = PLANE('',#2933);
#2933 = AXIS2_PLACEMENT_3D('',#2934,#2935,#2936);
#2934 = CARTESIAN_POINT('',(27.,23.,41.));
#2935 = DIRECTION('',(-0.,-0.,-1.));
#2936 = DIRECTION('',(-1.,0.,0.));
#2937 = ADVANCED_FACE('',(#2938),#2949,.F.);
#2938 = FACE_BOUND('',#2939,.F.);
#2939 = EDGE_LOOP('',(#2940,#2941,#2942,#2948));
#2940 = ORIENTED_EDGE('',*,*,#2606,.F.);
#2941 = ORIENTED_EDGE('',*,*,#2849,.T.);
#2942 = ORIENTED_EDGE('',*,*,#2943,.T.);
#2943 = EDGE_CURVE('',#2850,#2681,#2944,.T.);
#2944 = LINE('',#2945,#2946);
#2945 = CARTESIAN_POINT('',(0.,41.5,41.));
#2946 = VECTOR('',#2947,1.);
#2947 = DIRECTION('',(0.,0.,1.));
#2948 = ORIENTED_EDGE('',*,*,#2689,.F.);
#2949 = PLANE('',#2950);
#2950 = AXIS2_PLACEMENT_3D('',#2951,#2952,#2953);
#2951 = CARTESIAN_POINT('',(0.,4.5,41.));
#2952 = DIRECTION('',(1.,0.,0.));
#2953 = DIRECTION('',(0.,0.,1.));
#2954 = ADVANCED_FACE('',(#2955),#2966,.T.);
#2955 = FACE_BOUND('',#2956,.T.);
#2956 = EDGE_LOOP('',(#2957,#2958,#2964,#2965));
#2957 = ORIENTED_EDGE('',*,*,#2680,.F.);
#2958 = ORIENTED_EDGE('',*,*,#2959,.F.);
#2959 = EDGE_CURVE('',#2858,#2673,#2960,.T.);
#2960 = LINE('',#2961,#2962);
#2961 = CARTESIAN_POINT('',(4.5,46.,41.));
#2962 = VECTOR('',#2963,1.);
#2963 = DIRECTION('',(0.,0.,1.));
#2964 = ORIENTED_EDGE('',*,*,#2857,.T.);
#2965 = ORIENTED_EDGE('',*,*,#2943,.T.);
#2966 = CYLINDRICAL_SURFACE('',#2967,4.5);
#2967 = AXIS2_PLACEMENT_3D('',#2968,#2969,#2970);
#2968 = CARTESIAN_POINT('',(4.5,41.5,41.));
#2969 = DIRECTION('',(0.,0.,1.));
#2970 = DIRECTION('',(1.,0.,0.));
#2971 = ADVANCED_FACE('',(#2972),#2983,.T.);
#2972 = FACE_BOUND('',#2973,.T.);
#2973 = EDGE_LOOP('',(#2974,#2975,#2976,#2977));
#2974 = ORIENTED_EDGE('',*,*,#2646,.F.);
#2975 = ORIENTED_EDGE('',*,*,#2834,.F.);
#2976 = ORIENTED_EDGE('',*,*,#2891,.T.);
#2977 = ORIENTED_EDGE('',*,*,#2978,.T.);
#2978 = EDGE_CURVE('',#2884,#2647,#2979,.T.);
#2979 = LINE('',#2980,#2981);
#2980 = CARTESIAN_POINT('',(54.,4.5,41.));
#2981 = VECTOR('',#2982,1.);
#2982 = DIRECTION('',(0.,0.,1.));
#2983 = CYLINDRICAL_SURFACE('',#2984,4.5);
#2984 = AXIS2_PLACEMENT_3D('',#2985,#2986,#2987);
#2985 = CARTESIAN_POINT('',(49.5,4.5,41.));
#2986 = DIRECTION('',(0.,0.,1.));
#2987 = DIRECTION('',(1.,0.,0.));
#2988 = ADVANCED_FACE('',(#2989),#3000,.T.);
#2989 = FACE_BOUND('',#2990,.T.);
#2990 = EDGE_LOOP('',(#2991,#2992,#2993,#2994));
#2991 = ORIENTED_EDGE('',*,*,#2866,.F.);
#2992 = ORIENTED_EDGE('',*,*,#2959,.T.);
#2993 = ORIENTED_EDGE('',*,*,#2672,.T.);
#2994 = ORIENTED_EDGE('',*,*,#2995,.F.);
#2995 = EDGE_CURVE('',#2867,#2664,#2996,.T.);
#2996 = LINE('',#2997,#2998);
#2997 = CARTESIAN_POINT('',(49.5,46.,41.));
#2998 = VECTOR('',#2999,1.);
#2999 = DIRECTION('',(0.,0.,1.));
#3000 = PLANE('',#3001);
#3001 = AXIS2_PLACEMENT_3D('',#3002,#3003,#3004);
#3002 = CARTESIAN_POINT('',(4.5,46.,41.));
#3003 = DIRECTION('',(0.,1.,0.));
#3004 = DIRECTION('',(0.,0.,1.));
#3005 = ADVANCED_FACE('',(#3006),#3017,.T.);
#3006 = FACE_BOUND('',#3007,.T.);
#3007 = EDGE_LOOP('',(#3008,#3009,#3010,#3016));
#3008 = ORIENTED_EDGE('',*,*,#2978,.F.);
#3009 = ORIENTED_EDGE('',*,*,#2883,.T.);
#3010 = ORIENTED_EDGE('',*,*,#3011,.T.);
#3011 = EDGE_CURVE('',#2875,#2656,#3012,.T.);
#3012 = LINE('',#3013,#3014);
#3013 = CARTESIAN_POINT('',(54.,41.5,41.));
#3014 = VECTOR('',#3015,1.);
#3015 = DIRECTION('',(0.,0.,1.));
#3016 = ORIENTED_EDGE('',*,*,#2655,.F.);
#3017 = PLANE('',#3018);
#3018 = AXIS2_PLACEMENT_3D('',#3019,#3020,#3021);
#3019 = CARTESIAN_POINT('',(54.,4.5,41.));
#3020 = DIRECTION('',(1.,0.,0.));
#3021 = DIRECTION('',(0.,0.,1.));
#3022 = ADVANCED_FACE('',(#3023),#3029,.T.);
#3023 = FACE_BOUND('',#3024,.T.);
#3024 = EDGE_LOOP('',(#3025,#3026,#3027,#3028));
#3025 = ORIENTED_EDGE('',*,*,#2663,.F.);
#3026 = ORIENTED_EDGE('',*,*,#3011,.F.);
#3027 = ORIENTED_EDGE('',*,*,#2874,.T.);
#3028 = ORIENTED_EDGE('',*,*,#2995,.T.);
#3029 = CYLINDRICAL_SURFACE('',#3030,4.5);
#3030 = AXIS2_PLACEMENT_3D('',#3031,#3032,#3033);
#3031 = CARTESIAN_POINT('',(49.5,41.5,41.));
#3032 = DIRECTION('',(0.,0.,1.));
#3033 = DIRECTION('',(1.,0.,0.));
#3034 = ADVANCED_FACE('',(#3035),#3122,.F.);
#3035 = FACE_BOUND('',#3036,.F.);
#3036 = EDGE_LOOP('',(#3037,#3038,#3046,#3055,#3063,#3072,#3080,#3089,
    #3097,#3106,#3114,#3121));
#3037 = ORIENTED_EDGE('',*,*,#2697,.F.);
#3038 = ORIENTED_EDGE('',*,*,#3039,.F.);
#3039 = EDGE_CURVE('',#3040,#2698,#3042,.T.);
#3040 = VERTEX_POINT('',#3041);
#3041 = CARTESIAN_POINT('',(6.2,5.,41.));
#3042 = LINE('',#3043,#3044);
#3043 = CARTESIAN_POINT('',(6.2,5.,38.9));
#3044 = VECTOR('',#3045,1.);
#3045 = DIRECTION('',(0.,0.,1.));
#3046 = ORIENTED_EDGE('',*,*,#3047,.T.);
#3047 = EDGE_CURVE('',#3040,#3048,#3050,.T.);
#3048 = VERTEX_POINT('',#3049);
#3049 = CARTESIAN_POINT('',(4.15,5.847053717305,41.));
#3050 = CIRCLE('',#3051,1.2);
#3051 = AXIS2_PLACEMENT_3D('',#3052,#3053,#3054);
#3052 = CARTESIAN_POINT('',(5.,5.,41.));
#3053 = DIRECTION('',(0.,0.,1.));
#3054 = DIRECTION('',(1.,0.,0.));
#3055 = ORIENTED_EDGE('',*,*,#3056,.F.);
#3056 = EDGE_CURVE('',#3057,#3048,#3059,.T.);
#3057 = VERTEX_POINT('',#3058);
#3058 = CARTESIAN_POINT('',(4.15,5.847053717305,39.));
#3059 = LINE('',#3060,#3061);
#3060 = CARTESIAN_POINT('',(4.15,5.847053717305,38.9));
#3061 = VECTOR('',#3062,1.);
#3062 = DIRECTION('',(0.,0.,1.));
#3063 = ORIENTED_EDGE('',*,*,#3064,.T.);
#3064 = EDGE_CURVE('',#3057,#3065,#3067,.T.);
#3065 = VERTEX_POINT('',#3066);
#3066 = CARTESIAN_POINT('',(4.15,4.152946282695,39.));
#3067 = CIRCLE('',#3068,1.2);
#3068 = AXIS2_PLACEMENT_3D('',#3069,#3070,#3071);
#3069 = CARTESIAN_POINT('',(5.,5.,39.));
#3070 = DIRECTION('',(0.,0.,1.));
#3071 = DIRECTION('',(1.,0.,0.));
#3072 = ORIENTED_EDGE('',*,*,#3073,.T.);
#3073 = EDGE_CURVE('',#3065,#3074,#3076,.T.);
#3074 = VERTEX_POINT('',#3075);
#3075 = CARTESIAN_POINT('',(4.15,4.152946282695,41.));
#3076 = LINE('',#3077,#3078);
#3077 = CARTESIAN_POINT('',(4.15,4.152946282695,38.9));
#3078 = VECTOR('',#3079,1.);
#3079 = DIRECTION('',(0.,0.,1.));
#3080 = ORIENTED_EDGE('',*,*,#3081,.T.);
#3081 = EDGE_CURVE('',#3074,#3082,#3084,.T.);
#3082 = VERTEX_POINT('',#3083);
#3083 = CARTESIAN_POINT('',(4.152946282695,4.15,41.));
#3084 = CIRCLE('',#3085,1.2);
#3085 = AXIS2_PLACEMENT_3D('',#3086,#3087,#3088);
#3086 = CARTESIAN_POINT('',(5.,5.,41.));
#3087 = DIRECTION('',(0.,0.,1.));
#3088 = DIRECTION('',(1.,0.,0.));
#3089 = ORIENTED_EDGE('',*,*,#3090,.F.);
#3090 = EDGE_CURVE('',#3091,#3082,#3093,.T.);
#3091 = VERTEX_POINT('',#3092);
#3092 = CARTESIAN_POINT('',(4.152946282695,4.15,39.));
#3093 = LINE('',#3094,#3095);
#3094 = CARTESIAN_POINT('',(4.152946282695,4.15,38.9));
#3095 = VECTOR('',#3096,1.);
#3096 = DIRECTION('',(0.,0.,1.));
#3097 = ORIENTED_EDGE('',*,*,#3098,.T.);
#3098 = EDGE_CURVE('',#3091,#3099,#3101,.T.);
#3099 = VERTEX_POINT('',#3100);
#3100 = CARTESIAN_POINT('',(5.847053717305,4.15,39.));
#3101 = CIRCLE('',#3102,1.2);
#3102 = AXIS2_PLACEMENT_3D('',#3103,#3104,#3105);
#3103 = CARTESIAN_POINT('',(5.,5.,39.));
#3104 = DIRECTION('',(0.,0.,1.));
#3105 = DIRECTION('',(1.,0.,0.));
#3106 = ORIENTED_EDGE('',*,*,#3107,.T.);
#3107 = EDGE_CURVE('',#3099,#3108,#3110,.T.);
#3108 = VERTEX_POINT('',#3109);
#3109 = CARTESIAN_POINT('',(5.847053717305,4.15,41.));
#3110 = LINE('',#3111,#3112);
#3111 = CARTESIAN_POINT('',(5.847053717305,4.15,38.9));
#3112 = VECTOR('',#3113,1.);
#3113 = DIRECTION('',(0.,0.,1.));
#3114 = ORIENTED_EDGE('',*,*,#3115,.T.);
#3115 = EDGE_CURVE('',#3108,#3040,#3116,.T.);
#3116 = CIRCLE('',#3117,1.2);
#3117 = AXIS2_PLACEMENT_3D('',#3118,#3119,#3120);
#3118 = CARTESIAN_POINT('',(5.,5.,41.));
#3119 = DIRECTION('',(0.,0.,1.));
#3120 = DIRECTION('',(1.,0.,0.));
#3121 = ORIENTED_EDGE('',*,*,#3039,.T.);
#3122 = CYLINDRICAL_SURFACE('',#3123,1.2);
#3123 = AXIS2_PLACEMENT_3D('',#3124,#3125,#3126);
#3124 = CARTESIAN_POINT('',(5.,5.,38.9));
#3125 = DIRECTION('',(0.,0.,1.));
#3126 = DIRECTION('',(1.,0.,0.));
#3127 = ADVANCED_FACE('',(#3128),#3147,.F.);
#3128 = FACE_BOUND('',#3129,.F.);
#3129 = EDGE_LOOP('',(#3130,#3131,#3139,#3146));
#3130 = ORIENTED_EDGE('',*,*,#2708,.F.);
#3131 = ORIENTED_EDGE('',*,*,#3132,.F.);
#3132 = EDGE_CURVE('',#3133,#2709,#3135,.T.);
#3133 = VERTEX_POINT('',#3134);
#3134 = CARTESIAN_POINT('',(25.4,18.669872981078,41.));
#3135 = LINE('',#3136,#3137);
#3136 = CARTESIAN_POINT('',(25.4,18.669872981078,38.9));
#3137 = VECTOR('',#3138,1.);
#3138 = DIRECTION('',(0.,0.,1.));
#3139 = ORIENTED_EDGE('',*,*,#3140,.T.);
#3140 = EDGE_CURVE('',#3133,#3133,#3141,.T.);
#3141 = CIRCLE('',#3142,0.9);
#3142 = AXIS2_PLACEMENT_3D('',#3143,#3144,#3145);
#3143 = CARTESIAN_POINT('',(24.5,18.669872981078,41.));
#3144 = DIRECTION('',(0.,0.,1.));
#3145 = DIRECTION('',(1.,0.,0.));
#3146 = ORIENTED_EDGE('',*,*,#3132,.T.);
#3147 = CYLINDRICAL_SURFACE('',#3148,0.9);
#3148 = AXIS2_PLACEMENT_3D('',#3149,#3150,#3151);
#3149 = CARTESIAN_POINT('',(24.5,18.669872981078,38.9));
#3150 = DIRECTION('',(0.,0.,1.));
#3151 = DIRECTION('',(1.,0.,0.));
#3152 = ADVANCED_FACE('',(#3153),#3240,.F.);
#3153 = FACE_BOUND('',#3154,.F.);
#3154 = EDGE_LOOP('',(#3155,#3156,#3164,#3173,#3181,#3190,#3198,#3207,
    #3215,#3224,#3232,#3239));
#3155 = ORIENTED_EDGE('',*,*,#2719,.F.);
#3156 = ORIENTED_EDGE('',*,*,#3157,.F.);
#3157 = EDGE_CURVE('',#3158,#2720,#3160,.T.);
#3158 = VERTEX_POINT('',#3159);
#3159 = CARTESIAN_POINT('',(50.2,5.,39.));
#3160 = LINE('',#3161,#3162);
#3161 = CARTESIAN_POINT('',(50.2,5.,38.9));
#3162 = VECTOR('',#3163,1.);
#3163 = DIRECTION('',(0.,0.,1.));
#3164 = ORIENTED_EDGE('',*,*,#3165,.T.);
#3165 = EDGE_CURVE('',#3158,#3166,#3168,.T.);
#3166 = VERTEX_POINT('',#3167);
#3167 = CARTESIAN_POINT('',(49.85,5.847053717305,39.));
#3168 = CIRCLE('',#3169,1.2);
#3169 = AXIS2_PLACEMENT_3D('',#3170,#3171,#3172);
#3170 = CARTESIAN_POINT('',(49.,5.,39.));
#3171 = DIRECTION('',(0.,0.,1.));
#3172 = DIRECTION('',(1.,0.,0.));
#3173 = ORIENTED_EDGE('',*,*,#3174,.T.);
#3174 = EDGE_CURVE('',#3166,#3175,#3177,.T.);
#3175 = VERTEX_POINT('',#3176);
#3176 = CARTESIAN_POINT('',(49.85,5.847053717305,41.));
#3177 = LINE('',#3178,#3179);
#3178 = CARTESIAN_POINT('',(49.85,5.847053717305,38.9));
#3179 = VECTOR('',#3180,1.);
#3180 = DIRECTION('',(0.,0.,1.));
#3181 = ORIENTED_EDGE('',*,*,#3182,.T.);
#3182 = EDGE_CURVE('',#3175,#3183,#3185,.T.);
#3183 = VERTEX_POINT('',#3184);
#3184 = CARTESIAN_POINT('',(48.152946282695,4.15,41.));
#3185 = CIRCLE('',#3186,1.2);
#3186 = AXIS2_PLACEMENT_3D('',#3187,#3188,#3189);
#3187 = CARTESIAN_POINT('',(49.,5.,41.));
#3188 = DIRECTION('',(0.,0.,1.));
#3189 = DIRECTION('',(1.,0.,0.));
#3190 = ORIENTED_EDGE('',*,*,#3191,.F.);
#3191 = EDGE_CURVE('',#3192,#3183,#3194,.T.);
#3192 = VERTEX_POINT('',#3193);
#3193 = CARTESIAN_POINT('',(48.152946282695,4.15,39.));
#3194 = LINE('',#3195,#3196);
#3195 = CARTESIAN_POINT('',(48.152946282695,4.15,38.9));
#3196 = VECTOR('',#3197,1.);
#3197 = DIRECTION('',(0.,0.,1.));
#3198 = ORIENTED_EDGE('',*,*,#3199,.T.);
#3199 = EDGE_CURVE('',#3192,#3200,#3202,.T.);
#3200 = VERTEX_POINT('',#3201);
#3201 = CARTESIAN_POINT('',(49.847053717305,4.15,39.));
#3202 = CIRCLE('',#3203,1.2);
#3203 = AXIS2_PLACEMENT_3D('',#3204,#3205,#3206);
#3204 = CARTESIAN_POINT('',(49.,5.,39.));
#3205 = DIRECTION('',(0.,0.,1.));
#3206 = DIRECTION('',(1.,0.,0.));
#3207 = ORIENTED_EDGE('',*,*,#3208,.T.);
#3208 = EDGE_CURVE('',#3200,#3209,#3211,.T.);
#3209 = VERTEX_POINT('',#3210);
#3210 = CARTESIAN_POINT('',(49.847053717305,4.15,41.));
#3211 = LINE('',#3212,#3213);
#3212 = CARTESIAN_POINT('',(49.847053717305,4.15,38.9));
#3213 = VECTOR('',#3214,1.);
#3214 = DIRECTION('',(0.,0.,1.));
#3215 = ORIENTED_EDGE('',*,*,#3216,.T.);
#3216 = EDGE_CURVE('',#3209,#3217,#3219,.T.);
#3217 = VERTEX_POINT('',#3218);
#3218 = CARTESIAN_POINT('',(49.85,4.152946282695,41.));
#3219 = CIRCLE('',#3220,1.2);
#3220 = AXIS2_PLACEMENT_3D('',#3221,#3222,#3223);
#3221 = CARTESIAN_POINT('',(49.,5.,41.));
#3222 = DIRECTION('',(0.,0.,1.));
#3223 = DIRECTION('',(1.,0.,0.));
#3224 = ORIENTED_EDGE('',*,*,#3225,.F.);
#3225 = EDGE_CURVE('',#3226,#3217,#3228,.T.);
#3226 = VERTEX_POINT('',#3227);
#3227 = CARTESIAN_POINT('',(49.85,4.152946282695,39.));
#3228 = LINE('',#3229,#3230);
#3229 = CARTESIAN_POINT('',(49.85,4.152946282695,38.9));
#3230 = VECTOR('',#3231,1.);
#3231 = DIRECTION('',(0.,0.,1.));
#3232 = ORIENTED_EDGE('',*,*,#3233,.T.);
#3233 = EDGE_CURVE('',#3226,#3158,#3234,.T.);
#3234 = CIRCLE('',#3235,1.2);
#3235 = AXIS2_PLACEMENT_3D('',#3236,#3237,#3238);
#3236 = CARTESIAN_POINT('',(49.,5.,39.));
#3237 = DIRECTION('',(0.,0.,1.));
#3238 = DIRECTION('',(1.,0.,0.));
#3239 = ORIENTED_EDGE('',*,*,#3157,.T.);
#3240 = CYLINDRICAL_SURFACE('',#3241,1.2);
#3241 = AXIS2_PLACEMENT_3D('',#3242,#3243,#3244);
#3242 = CARTESIAN_POINT('',(49.,5.,38.9));
#3243 = DIRECTION('',(0.,0.,1.));
#3244 = DIRECTION('',(1.,0.,0.));
#3245 = ADVANCED_FACE('',(#3246),#3265,.F.);
#3246 = FACE_BOUND('',#3247,.F.);
#3247 = EDGE_LOOP('',(#3248,#3249,#3257,#3264));
#3248 = ORIENTED_EDGE('',*,*,#2730,.F.);
#3249 = ORIENTED_EDGE('',*,*,#3250,.F.);
#3250 = EDGE_CURVE('',#3251,#2731,#3253,.T.);
#3251 = VERTEX_POINT('',#3252);
#3252 = CARTESIAN_POINT('',(30.4,18.669872981078,41.));
#3253 = LINE('',#3254,#3255);
#3254 = CARTESIAN_POINT('',(30.4,18.669872981078,38.9));
#3255 = VECTOR('',#3256,1.);
#3256 = DIRECTION('',(0.,0.,1.));
#3257 = ORIENTED_EDGE('',*,*,#3258,.T.);
#3258 = EDGE_CURVE('',#3251,#3251,#3259,.T.);
#3259 = CIRCLE('',#3260,0.9);
#3260 = AXIS2_PLACEMENT_3D('',#3261,#3262,#3263);
#3261 = CARTESIAN_POINT('',(29.5,18.669872981078,41.));
#3262 = DIRECTION('',(0.,0.,1.));
#3263 = DIRECTION('',(1.,0.,0.));
#3264 = ORIENTED_EDGE('',*,*,#3250,.T.);
#3265 = CYLINDRICAL_SURFACE('',#3266,0.9);
#3266 = AXIS2_PLACEMENT_3D('',#3267,#3268,#3269);
#3267 = CARTESIAN_POINT('',(29.5,18.669872981078,38.9));
#3268 = DIRECTION('',(0.,0.,1.));
#3269 = DIRECTION('',(1.,0.,0.));
#3270 = ADVANCED_FACE('',(#3271),#3290,.F.);
#3271 = FACE_BOUND('',#3272,.F.);
#3272 = EDGE_LOOP('',(#3273,#3274,#3282,#3289));
#3273 = ORIENTED_EDGE('',*,*,#2741,.F.);
#3274 = ORIENTED_EDGE('',*,*,#3275,.F.);
#3275 = EDGE_CURVE('',#3276,#2742,#3278,.T.);
#3276 = VERTEX_POINT('',#3277);
#3277 = CARTESIAN_POINT('',(22.9,23.,41.));
#3278 = LINE('',#3279,#3280);
#3279 = CARTESIAN_POINT('',(22.9,23.,38.9));
#3280 = VECTOR('',#3281,1.);
#3281 = DIRECTION('',(0.,0.,1.));
#3282 = ORIENTED_EDGE('',*,*,#3283,.T.);
#3283 = EDGE_CURVE('',#3276,#3276,#3284,.T.);
#3284 = CIRCLE('',#3285,0.9);
#3285 = AXIS2_PLACEMENT_3D('',#3286,#3287,#3288);
#3286 = CARTESIAN_POINT('',(22.,23.,41.));
#3287 = DIRECTION('',(0.,0.,1.));
#3288 = DIRECTION('',(1.,0.,0.));
#3289 = ORIENTED_EDGE('',*,*,#3275,.T.);
#3290 = CYLINDRICAL_SURFACE('',#3291,0.9);
#3291 = AXIS2_PLACEMENT_3D('',#3292,#3293,#3294);
#3292 = CARTESIAN_POINT('',(22.,23.,38.9));
#3293 = DIRECTION('',(0.,0.,1.));
#3294 = DIRECTION('',(1.,0.,0.));
#3295 = ADVANCED_FACE('',(#3296),#3315,.F.);
#3296 = FACE_BOUND('',#3297,.F.);
#3297 = EDGE_LOOP('',(#3298,#3299,#3307,#3314));
#3298 = ORIENTED_EDGE('',*,*,#2752,.F.);
#3299 = ORIENTED_EDGE('',*,*,#3300,.F.);
#3300 = EDGE_CURVE('',#3301,#2753,#3303,.T.);
#3301 = VERTEX_POINT('',#3302);
#3302 = CARTESIAN_POINT('',(25.4,27.330127018922,41.));
#3303 = LINE('',#3304,#3305);
#3304 = CARTESIAN_POINT('',(25.4,27.330127018922,38.9));
#3305 = VECTOR('',#3306,1.);
#3306 = DIRECTION('',(0.,0.,1.));
#3307 = ORIENTED_EDGE('',*,*,#3308,.T.);
#3308 = EDGE_CURVE('',#3301,#3301,#3309,.T.);
#3309 = CIRCLE('',#3310,0.9);
#3310 = AXIS2_PLACEMENT_3D('',#3311,#3312,#3313);
#3311 = CARTESIAN_POINT('',(24.5,27.330127018922,41.));
#3312 = DIRECTION('',(0.,0.,1.));
#3313 = DIRECTION('',(1.,0.,0.));
#3314 = ORIENTED_EDGE('',*,*,#3300,.T.);
#3315 = CYLINDRICAL_SURFACE('',#3316,0.9);
#3316 = AXIS2_PLACEMENT_3D('',#3317,#3318,#3319);
#3317 = CARTESIAN_POINT('',(24.5,27.330127018922,38.9));
#3318 = DIRECTION('',(0.,0.,1.));
#3319 = DIRECTION('',(1.,0.,0.));
#3320 = ADVANCED_FACE('',(#3321),#3408,.F.);
#3321 = FACE_BOUND('',#3322,.F.);
#3322 = EDGE_LOOP('',(#3323,#3324,#3332,#3341,#3349,#3358,#3366,#3375,
    #3383,#3392,#3400,#3407));
#3323 = ORIENTED_EDGE('',*,*,#2763,.F.);
#3324 = ORIENTED_EDGE('',*,*,#3325,.F.);
#3325 = EDGE_CURVE('',#3326,#2764,#3328,.T.);
#3326 = VERTEX_POINT('',#3327);
#3327 = CARTESIAN_POINT('',(6.2,41.,41.));
#3328 = LINE('',#3329,#3330);
#3329 = CARTESIAN_POINT('',(6.2,41.,38.9));
#3330 = VECTOR('',#3331,1.);
#3331 = DIRECTION('',(0.,0.,1.));
#3332 = ORIENTED_EDGE('',*,*,#3333,.T.);
#3333 = EDGE_CURVE('',#3326,#3334,#3336,.T.);
#3334 = VERTEX_POINT('',#3335);
#3335 = CARTESIAN_POINT('',(5.847053717305,41.85,41.));
#3336 = CIRCLE('',#3337,1.2);
#3337 = AXIS2_PLACEMENT_3D('',#3338,#3339,#3340);
#3338 = CARTESIAN_POINT('',(5.,41.,41.));
#3339 = DIRECTION('',(0.,0.,1.));
#3340 = DIRECTION('',(1.,0.,0.));
#3341 = ORIENTED_EDGE('',*,*,#3342,.F.);
#3342 = EDGE_CURVE('',#3343,#3334,#3345,.T.);
#3343 = VERTEX_POINT('',#3344);
#3344 = CARTESIAN_POINT('',(5.847053717305,41.85,39.));
#3345 = LINE('',#3346,#3347);
#3346 = CARTESIAN_POINT('',(5.847053717305,41.85,38.9));
#3347 = VECTOR('',#3348,1.);
#3348 = DIRECTION('',(0.,0.,1.));
#3349 = ORIENTED_EDGE('',*,*,#3350,.T.);
#3350 = EDGE_CURVE('',#3343,#3351,#3353,.T.);
#3351 = VERTEX_POINT('',#3352);
#3352 = CARTESIAN_POINT('',(4.152946282695,41.85,39.));
#3353 = CIRCLE('',#3354,1.2);
#3354 = AXIS2_PLACEMENT_3D('',#3355,#3356,#3357);
#3355 = CARTESIAN_POINT('',(5.,41.,39.));
#3356 = DIRECTION('',(0.,0.,1.));
#3357 = DIRECTION('',(1.,0.,0.));
#3358 = ORIENTED_EDGE('',*,*,#3359,.T.);
#3359 = EDGE_CURVE('',#3351,#3360,#3362,.T.);
#3360 = VERTEX_POINT('',#3361);
#3361 = CARTESIAN_POINT('',(4.152946282695,41.85,41.));
#3362 = LINE('',#3363,#3364);
#3363 = CARTESIAN_POINT('',(4.152946282695,41.85,38.9));
#3364 = VECTOR('',#3365,1.);
#3365 = DIRECTION('',(0.,0.,1.));
#3366 = ORIENTED_EDGE('',*,*,#3367,.T.);
#3367 = EDGE_CURVE('',#3360,#3368,#3370,.T.);
#3368 = VERTEX_POINT('',#3369);
#3369 = CARTESIAN_POINT('',(4.15,41.847053717305,41.));
#3370 = CIRCLE('',#3371,1.2);
#3371 = AXIS2_PLACEMENT_3D('',#3372,#3373,#3374);
#3372 = CARTESIAN_POINT('',(5.,41.,41.));
#3373 = DIRECTION('',(0.,0.,1.));
#3374 = DIRECTION('',(1.,0.,0.));
#3375 = ORIENTED_EDGE('',*,*,#3376,.F.);
#3376 = EDGE_CURVE('',#3377,#3368,#3379,.T.);
#3377 = VERTEX_POINT('',#3378);
#3378 = CARTESIAN_POINT('',(4.15,41.847053717305,39.));
#3379 = LINE('',#3380,#3381);
#3380 = CARTESIAN_POINT('',(4.15,41.847053717305,38.9));
#3381 = VECTOR('',#3382,1.);
#3382 = DIRECTION('',(0.,0.,1.));
#3383 = ORIENTED_EDGE('',*,*,#3384,.T.);
#3384 = EDGE_CURVE('',#3377,#3385,#3387,.T.);
#3385 = VERTEX_POINT('',#3386);
#3386 = CARTESIAN_POINT('',(4.15,40.152946282695,39.));
#3387 = CIRCLE('',#3388,1.2);
#3388 = AXIS2_PLACEMENT_3D('',#3389,#3390,#3391);
#3389 = CARTESIAN_POINT('',(5.,41.,39.));
#3390 = DIRECTION('',(0.,0.,1.));
#3391 = DIRECTION('',(1.,0.,0.));
#3392 = ORIENTED_EDGE('',*,*,#3393,.T.);
#3393 = EDGE_CURVE('',#3385,#3394,#3396,.T.);
#3394 = VERTEX_POINT('',#3395);
#3395 = CARTESIAN_POINT('',(4.15,40.152946282695,41.));
#3396 = LINE('',#3397,#3398);
#3397 = CARTESIAN_POINT('',(4.15,40.152946282695,38.9));
#3398 = VECTOR('',#3399,1.);
#3399 = DIRECTION('',(0.,0.,1.));
#3400 = ORIENTED_EDGE('',*,*,#3401,.T.);
#3401 = EDGE_CURVE('',#3394,#3326,#3402,.T.);
#3402 = CIRCLE('',#3403,1.2);
#3403 = AXIS2_PLACEMENT_3D('',#3404,#3405,#3406);
#3404 = CARTESIAN_POINT('',(5.,41.,41.));
#3405 = DIRECTION('',(0.,0.,1.));
#3406 = DIRECTION('',(1.,0.,0.));
#3407 = ORIENTED_EDGE('',*,*,#3325,.T.);
#3408 = CYLINDRICAL_SURFACE('',#3409,1.2);
#3409 = AXIS2_PLACEMENT_3D('',#3410,#3411,#3412);
#3410 = CARTESIAN_POINT('',(5.,41.,38.9));
#3411 = DIRECTION('',(0.,0.,1.));
#3412 = DIRECTION('',(1.,0.,0.));
#3413 = ADVANCED_FACE('',(#3414),#3433,.F.);
#3414 = FACE_BOUND('',#3415,.F.);
#3415 = EDGE_LOOP('',(#3416,#3417,#3425,#3432));
#3416 = ORIENTED_EDGE('',*,*,#2774,.F.);
#3417 = ORIENTED_EDGE('',*,*,#3418,.F.);
#3418 = EDGE_CURVE('',#3419,#2775,#3421,.T.);
#3419 = VERTEX_POINT('',#3420);
#3420 = CARTESIAN_POINT('',(27.9,23.,41.));
#3421 = LINE('',#3422,#3423);
#3422 = CARTESIAN_POINT('',(27.9,23.,38.9));
#3423 = VECTOR('',#3424,1.);
#3424 = DIRECTION('',(0.,0.,1.));
#3425 = ORIENTED_EDGE('',*,*,#3426,.T.);
#3426 = EDGE_CURVE('',#3419,#3419,#3427,.T.);
#3427 = CIRCLE('',#3428,0.9);
#3428 = AXIS2_PLACEMENT_3D('',#3429,#3430,#3431);
#3429 = CARTESIAN_POINT('',(27.,23.,41.));
#3430 = DIRECTION('',(0.,0.,1.));
#3431 = DIRECTION('',(1.,0.,0.));
#3432 = ORIENTED_EDGE('',*,*,#3418,.T.);
#3433 = CYLINDRICAL_SURFACE('',#3434,0.9);
#3434 = AXIS2_PLACEMENT_3D('',#3435,#3436,#3437);
#3435 = CARTESIAN_POINT('',(27.,23.,38.9));
#3436 = DIRECTION('',(0.,0.,1.));
#3437 = DIRECTION('',(1.,0.,0.));
#3438 = ADVANCED_FACE('',(#3439),#3458,.F.);
#3439 = FACE_BOUND('',#3440,.F.);
#3440 = EDGE_LOOP('',(#3441,#3442,#3450,#3457));
#3441 = ORIENTED_EDGE('',*,*,#2785,.F.);
#3442 = ORIENTED_EDGE('',*,*,#3443,.F.);
#3443 = EDGE_CURVE('',#3444,#2786,#3446,.T.);
#3444 = VERTEX_POINT('',#3445);
#3445 = CARTESIAN_POINT('',(32.9,23.,41.));
#3446 = LINE('',#3447,#3448);
#3447 = CARTESIAN_POINT('',(32.9,23.,38.9));
#3448 = VECTOR('',#3449,1.);
#3449 = DIRECTION('',(0.,0.,1.));
#3450 = ORIENTED_EDGE('',*,*,#3451,.T.);
#3451 = EDGE_CURVE('',#3444,#3444,#3452,.T.);
#3452 = CIRCLE('',#3453,0.9);
#3453 = AXIS2_PLACEMENT_3D('',#3454,#3455,#3456);
#3454 = CARTESIAN_POINT('',(32.,23.,41.));
#3455 = DIRECTION('',(0.,0.,1.));
#3456 = DIRECTION('',(1.,0.,0.));
#3457 = ORIENTED_EDGE('',*,*,#3443,.T.);
#3458 = CYLINDRICAL_SURFACE('',#3459,0.9);
#3459 = AXIS2_PLACEMENT_3D('',#3460,#3461,#3462);
#3460 = CARTESIAN_POINT('',(32.,23.,38.9));
#3461 = DIRECTION('',(0.,0.,1.));
#3462 = DIRECTION('',(1.,0.,0.));
#3463 = ADVANCED_FACE('',(#3464),#3483,.F.);
#3464 = FACE_BOUND('',#3465,.F.);
#3465 = EDGE_LOOP('',(#3466,#3467,#3475,#3482));
#3466 = ORIENTED_EDGE('',*,*,#2796,.F.);
#3467 = ORIENTED_EDGE('',*,*,#3468,.F.);
#3468 = EDGE_CURVE('',#3469,#2797,#3471,.T.);
#3469 = VERTEX_POINT('',#3470);
#3470 = CARTESIAN_POINT('',(30.4,27.330127018922,41.));
#3471 = LINE('',#3472,#3473);
#3472 = CARTESIAN_POINT('',(30.4,27.330127018922,38.9));
#3473 = VECTOR('',#3474,1.);
#3474 = DIRECTION('',(0.,0.,1.));
#3475 = ORIENTED_EDGE('',*,*,#3476,.T.);
#3476 = EDGE_CURVE('',#3469,#3469,#3477,.T.);
#3477 = CIRCLE('',#3478,0.9);
#3478 = AXIS2_PLACEMENT_3D('',#3479,#3480,#3481);
#3479 = CARTESIAN_POINT('',(29.5,27.330127018922,41.));
#3480 = DIRECTION('',(0.,0.,1.));
#3481 = DIRECTION('',(1.,0.,0.));
#3482 = ORIENTED_EDGE('',*,*,#3468,.T.);
#3483 = CYLINDRICAL_SURFACE('',#3484,0.9);
#3484 = AXIS2_PLACEMENT_3D('',#3485,#3486,#3487);
#3485 = CARTESIAN_POINT('',(29.5,27.330127018922,38.9));
#3486 = DIRECTION('',(0.,0.,1.));
#3487 = DIRECTION('',(1.,0.,0.));
#3488 = ADVANCED_FACE('',(#3489),#3576,.F.);
#3489 = FACE_BOUND('',#3490,.F.);
#3490 = EDGE_LOOP('',(#3491,#3492,#3500,#3509,#3517,#3526,#3534,#3543,
    #3551,#3560,#3568,#3575));
#3491 = ORIENTED_EDGE('',*,*,#2807,.F.);
#3492 = ORIENTED_EDGE('',*,*,#3493,.F.);
#3493 = EDGE_CURVE('',#3494,#2808,#3496,.T.);
#3494 = VERTEX_POINT('',#3495);
#3495 = CARTESIAN_POINT('',(50.2,41.,39.));
#3496 = LINE('',#3497,#3498);
#3497 = CARTESIAN_POINT('',(50.2,41.,38.9));
#3498 = VECTOR('',#3499,1.);
#3499 = DIRECTION('',(0.,0.,1.));
#3500 = ORIENTED_EDGE('',*,*,#3501,.T.);
#3501 = EDGE_CURVE('',#3494,#3502,#3504,.T.);
#3502 = VERTEX_POINT('',#3503);
#3503 = CARTESIAN_POINT('',(49.85,41.847053717305,39.));
#3504 = CIRCLE('',#3505,1.2);
#3505 = AXIS2_PLACEMENT_3D('',#3506,#3507,#3508);
#3506 = CARTESIAN_POINT('',(49.,41.,39.));
#3507 = DIRECTION('',(0.,0.,1.));
#3508 = DIRECTION('',(1.,0.,0.));
#3509 = ORIENTED_EDGE('',*,*,#3510,.T.);
#3510 = EDGE_CURVE('',#3502,#3511,#3513,.T.);
#3511 = VERTEX_POINT('',#3512);
#3512 = CARTESIAN_POINT('',(49.85,41.847053717305,41.));
#3513 = LINE('',#3514,#3515);
#3514 = CARTESIAN_POINT('',(49.85,41.847053717305,38.9));
#3515 = VECTOR('',#3516,1.);
#3516 = DIRECTION('',(0.,0.,1.));
#3517 = ORIENTED_EDGE('',*,*,#3518,.T.);
#3518 = EDGE_CURVE('',#3511,#3519,#3521,.T.);
#3519 = VERTEX_POINT('',#3520);
#3520 = CARTESIAN_POINT('',(49.847053717305,41.85,41.));
#3521 = CIRCLE('',#3522,1.2);
#3522 = AXIS2_PLACEMENT_3D('',#3523,#3524,#3525);
#3523 = CARTESIAN_POINT('',(49.,41.,41.));
#3524 = DIRECTION('',(0.,0.,1.));
#3525 = DIRECTION('',(1.,0.,0.));
#3526 = ORIENTED_EDGE('',*,*,#3527,.F.);
#3527 = EDGE_CURVE('',#3528,#3519,#3530,.T.);
#3528 = VERTEX_POINT('',#3529);
#3529 = CARTESIAN_POINT('',(49.847053717305,41.85,39.));
#3530 = LINE('',#3531,#3532);
#3531 = CARTESIAN_POINT('',(49.847053717305,41.85,38.9));
#3532 = VECTOR('',#3533,1.);
#3533 = DIRECTION('',(0.,0.,1.));
#3534 = ORIENTED_EDGE('',*,*,#3535,.T.);
#3535 = EDGE_CURVE('',#3528,#3536,#3538,.T.);
#3536 = VERTEX_POINT('',#3537);
#3537 = CARTESIAN_POINT('',(48.152946282695,41.85,39.));
#3538 = CIRCLE('',#3539,1.2);
#3539 = AXIS2_PLACEMENT_3D('',#3540,#3541,#3542);
#3540 = CARTESIAN_POINT('',(49.,41.,39.));
#3541 = DIRECTION('',(0.,0.,1.));
#3542 = DIRECTION('',(1.,0.,0.));
#3543 = ORIENTED_EDGE('',*,*,#3544,.T.);
#3544 = EDGE_CURVE('',#3536,#3545,#3547,.T.);
#3545 = VERTEX_POINT('',#3546);
#3546 = CARTESIAN_POINT('',(48.152946282695,41.85,41.));
#3547 = LINE('',#3548,#3549);
#3548 = CARTESIAN_POINT('',(48.152946282695,41.85,38.9));
#3549 = VECTOR('',#3550,1.);
#3550 = DIRECTION('',(0.,0.,1.));
#3551 = ORIENTED_EDGE('',*,*,#3552,.T.);
#3552 = EDGE_CURVE('',#3545,#3553,#3555,.T.);
#3553 = VERTEX_POINT('',#3554);
#3554 = CARTESIAN_POINT('',(49.85,40.152946282695,41.));
#3555 = CIRCLE('',#3556,1.2);
#3556 = AXIS2_PLACEMENT_3D('',#3557,#3558,#3559);
#3557 = CARTESIAN_POINT('',(49.,41.,41.));
#3558 = DIRECTION('',(0.,0.,1.));
#3559 = DIRECTION('',(1.,0.,0.));
#3560 = ORIENTED_EDGE('',*,*,#3561,.F.);
#3561 = EDGE_CURVE('',#3562,#3553,#3564,.T.);
#3562 = VERTEX_POINT('',#3563);
#3563 = CARTESIAN_POINT('',(49.85,40.152946282695,39.));
#3564 = LINE('',#3565,#3566);
#3565 = CARTESIAN_POINT('',(49.85,40.152946282695,38.9));
#3566 = VECTOR('',#3567,1.);
#3567 = DIRECTION('',(0.,0.,1.));
#3568 = ORIENTED_EDGE('',*,*,#3569,.T.);
#3569 = EDGE_CURVE('',#3562,#3494,#3570,.T.);
#3570 = CIRCLE('',#3571,1.2);
#3571 = AXIS2_PLACEMENT_3D('',#3572,#3573,#3574);
#3572 = CARTESIAN_POINT('',(49.,41.,39.));
#3573 = DIRECTION('',(0.,0.,1.));
#3574 = DIRECTION('',(1.,0.,0.));
#3575 = ORIENTED_EDGE('',*,*,#3493,.T.);
#3576 = CYLINDRICAL_SURFACE('',#3577,1.2);
#3577 = AXIS2_PLACEMENT_3D('',#3578,#3579,#3580);
#3578 = CARTESIAN_POINT('',(49.,41.,38.9));
#3579 = DIRECTION('',(0.,0.,1.));
#3580 = DIRECTION('',(1.,0.,0.));
#3581 = ADVANCED_FACE('',(#3582),#3607,.T.);
#3582 = FACE_BOUND('',#3583,.T.);
#3583 = EDGE_LOOP('',(#3584,#3585,#3593,#3601));
#3584 = ORIENTED_EDGE('',*,*,#2901,.F.);
#3585 = ORIENTED_EDGE('',*,*,#3586,.F.);
#3586 = EDGE_CURVE('',#3587,#2902,#3589,.T.);
#3587 = VERTEX_POINT('',#3588);
#3588 = CARTESIAN_POINT('',(2.75,43.25,39.));
#3589 = LINE('',#3590,#3591);
#3590 = CARTESIAN_POINT('',(2.75,43.25,39.));
#3591 = VECTOR('',#3592,1.);
#3592 = DIRECTION('',(0.,0.,1.));
#3593 = ORIENTED_EDGE('',*,*,#3594,.F.);
#3594 = EDGE_CURVE('',#3595,#3587,#3597,.T.);
#3595 = VERTEX_POINT('',#3596);
#3596 = CARTESIAN_POINT('',(2.75,2.75,39.));
#3597 = LINE('',#3598,#3599);
#3598 = CARTESIAN_POINT('',(2.75,41.85,39.));
#3599 = VECTOR('',#3600,1.);
#3600 = DIRECTION('',(0.,1.,0.));
#3601 = ORIENTED_EDGE('',*,*,#3602,.T.);
#3602 = EDGE_CURVE('',#3595,#2904,#3603,.T.);
#3603 = LINE('',#3604,#3605);
#3604 = CARTESIAN_POINT('',(2.75,2.75,39.));
#3605 = VECTOR('',#3606,1.);
#3606 = DIRECTION('',(0.,0.,1.));
#3607 = PLANE('',#3608);
#3608 = AXIS2_PLACEMENT_3D('',#3609,#3610,#3611);
#3609 = CARTESIAN_POINT('',(2.75,23.,40.));
#3610 = DIRECTION('',(-1.,-0.,-0.));
#3611 = DIRECTION('',(0.,0.,-1.));
#3612 = ADVANCED_FACE('',(#3613),#3631,.T.);
#3613 = FACE_BOUND('',#3614,.T.);
#3614 = EDGE_LOOP('',(#3615,#3623,#3629,#3630));
#3615 = ORIENTED_EDGE('',*,*,#3616,.F.);
#3616 = EDGE_CURVE('',#3617,#2920,#3619,.T.);
#3617 = VERTEX_POINT('',#3618);
#3618 = CARTESIAN_POINT('',(51.25,43.25,39.));
#3619 = LINE('',#3620,#3621);
#3620 = CARTESIAN_POINT('',(51.25,43.25,39.));
#3621 = VECTOR('',#3622,1.);
#3622 = DIRECTION('',(0.,0.,1.));
#3623 = ORIENTED_EDGE('',*,*,#3624,.F.);
#3624 = EDGE_CURVE('',#3587,#3617,#3625,.T.);
#3625 = LINE('',#3626,#3627);
#3626 = CARTESIAN_POINT('',(2.75,43.25,39.));
#3627 = VECTOR('',#3628,1.);
#3628 = DIRECTION('',(1.,0.,0.));
#3629 = ORIENTED_EDGE('',*,*,#3586,.T.);
#3630 = ORIENTED_EDGE('',*,*,#2927,.T.);
#3631 = PLANE('',#3632);
#3632 = AXIS2_PLACEMENT_3D('',#3633,#3634,#3635);
#3633 = CARTESIAN_POINT('',(2.75,43.25,39.));
#3634 = DIRECTION('',(0.,1.,0.));
#3635 = DIRECTION('',(0.,0.,1.));
#3636 = ADVANCED_FACE('',(#3637),#3655,.T.);
#3637 = FACE_BOUND('',#3638,.T.);
#3638 = EDGE_LOOP('',(#3639,#3640,#3648,#3654));
#3639 = ORIENTED_EDGE('',*,*,#2919,.T.);
#3640 = ORIENTED_EDGE('',*,*,#3641,.F.);
#3641 = EDGE_CURVE('',#3642,#2912,#3644,.T.);
#3642 = VERTEX_POINT('',#3643);
#3643 = CARTESIAN_POINT('',(51.25,2.75,39.));
#3644 = LINE('',#3645,#3646);
#3645 = CARTESIAN_POINT('',(51.25,2.75,39.));
#3646 = VECTOR('',#3647,1.);
#3647 = DIRECTION('',(0.,0.,1.));
#3648 = ORIENTED_EDGE('',*,*,#3649,.T.);
#3649 = EDGE_CURVE('',#3642,#3617,#3650,.T.);
#3650 = LINE('',#3651,#3652);
#3651 = CARTESIAN_POINT('',(51.25,2.75,39.));
#3652 = VECTOR('',#3653,1.);
#3653 = DIRECTION('',(0.,1.,0.));
#3654 = ORIENTED_EDGE('',*,*,#3616,.T.);
#3655 = PLANE('',#3656);
#3656 = AXIS2_PLACEMENT_3D('',#3657,#3658,#3659);
#3657 = CARTESIAN_POINT('',(51.25,23.,40.));
#3658 = DIRECTION('',(1.,0.,0.));
#3659 = DIRECTION('',(0.,0.,1.));
#3660 = ADVANCED_FACE('',(#3661),#3672,.F.);
#3661 = FACE_BOUND('',#3662,.F.);
#3662 = EDGE_LOOP('',(#3663,#3664,#3670,#3671));
#3663 = ORIENTED_EDGE('',*,*,#3641,.F.);
#3664 = ORIENTED_EDGE('',*,*,#3665,.F.);
#3665 = EDGE_CURVE('',#3595,#3642,#3666,.T.);
#3666 = LINE('',#3667,#3668);
#3667 = CARTESIAN_POINT('',(2.75,2.75,39.));
#3668 = VECTOR('',#3669,1.);
#3669 = DIRECTION('',(1.,0.,0.));
#3670 = ORIENTED_EDGE('',*,*,#3602,.T.);
#3671 = ORIENTED_EDGE('',*,*,#2911,.T.);
#3672 = PLANE('',#3673);
#3673 = AXIS2_PLACEMENT_3D('',#3674,#3675,#3676);
#3674 = CARTESIAN_POINT('',(2.75,2.75,39.));
#3675 = DIRECTION('',(0.,1.,0.));
#3676 = DIRECTION('',(0.,0.,1.));
#3677 = ADVANCED_FACE('',(#3678,#3710,#3713,#3716,#3719,#3722,#3725,
    #3728),#3731,.T.);
#3678 = FACE_BOUND('',#3679,.T.);
#3679 = EDGE_LOOP('',(#3680,#3686,#3687,#3688,#3694,#3695,#3701,#3702,
    #3708,#3709));
#3680 = ORIENTED_EDGE('',*,*,#3681,.F.);
#3681 = EDGE_CURVE('',#3394,#3048,#3682,.T.);
#3682 = LINE('',#3683,#3684);
#3683 = CARTESIAN_POINT('',(4.15,13.575,41.));
#3684 = VECTOR('',#3685,1.);
#3685 = DIRECTION('',(0.,-1.,0.));
#3686 = ORIENTED_EDGE('',*,*,#3401,.T.);
#3687 = ORIENTED_EDGE('',*,*,#3333,.T.);
#3688 = ORIENTED_EDGE('',*,*,#3689,.T.);
#3689 = EDGE_CURVE('',#3334,#3545,#3690,.T.);
#3690 = LINE('',#3691,#3692);
#3691 = CARTESIAN_POINT('',(14.875,41.85,41.));
#3692 = VECTOR('',#3693,1.);
#3693 = DIRECTION('',(1.,0.,0.));
#3694 = ORIENTED_EDGE('',*,*,#3552,.T.);
#3695 = ORIENTED_EDGE('',*,*,#3696,.T.);
#3696 = EDGE_CURVE('',#3553,#3175,#3697,.T.);
#3697 = LINE('',#3698,#3699);
#3698 = CARTESIAN_POINT('',(49.85,13.575,41.));
#3699 = VECTOR('',#3700,1.);
#3700 = DIRECTION('',(0.,-1.,0.));
#3701 = ORIENTED_EDGE('',*,*,#3182,.T.);
#3702 = ORIENTED_EDGE('',*,*,#3703,.F.);
#3703 = EDGE_CURVE('',#3108,#3183,#3704,.T.);
#3704 = LINE('',#3705,#3706);
#3705 = CARTESIAN_POINT('',(14.875,4.15,41.));
#3706 = VECTOR('',#3707,1.);
#3707 = DIRECTION('',(1.,0.,0.));
#3708 = ORIENTED_EDGE('',*,*,#3115,.T.);
#3709 = ORIENTED_EDGE('',*,*,#3047,.T.);
#3710 = FACE_BOUND('',#3711,.T.);
#3711 = EDGE_LOOP('',(#3712));
#3712 = ORIENTED_EDGE('',*,*,#3258,.T.);
#3713 = FACE_BOUND('',#3714,.T.);
#3714 = EDGE_LOOP('',(#3715));
#3715 = ORIENTED_EDGE('',*,*,#3451,.T.);
#3716 = FACE_BOUND('',#3717,.T.);
#3717 = EDGE_LOOP('',(#3718));
#3718 = ORIENTED_EDGE('',*,*,#3140,.T.);
#3719 = FACE_BOUND('',#3720,.T.);
#3720 = EDGE_LOOP('',(#3721));
#3721 = ORIENTED_EDGE('',*,*,#3426,.T.);
#3722 = FACE_BOUND('',#3723,.T.);
#3723 = EDGE_LOOP('',(#3724));
#3724 = ORIENTED_EDGE('',*,*,#3283,.T.);
#3725 = FACE_BOUND('',#3726,.T.);
#3726 = EDGE_LOOP('',(#3727));
#3727 = ORIENTED_EDGE('',*,*,#3476,.T.);
#3728 = FACE_BOUND('',#3729,.T.);
#3729 = EDGE_LOOP('',(#3730));
#3730 = ORIENTED_EDGE('',*,*,#3308,.T.);
#3731 = PLANE('',#3732);
#3732 = AXIS2_PLACEMENT_3D('',#3733,#3734,#3735);
#3733 = CARTESIAN_POINT('',(27.,23.,41.));
#3734 = DIRECTION('',(-0.,-0.,-1.));
#3735 = DIRECTION('',(-1.,0.,0.));
#3736 = ADVANCED_FACE('',(#3737),#3748,.T.);
#3737 = FACE_BOUND('',#3738,.T.);
#3738 = EDGE_LOOP('',(#3739,#3740,#3746,#3747));
#3739 = ORIENTED_EDGE('',*,*,#3191,.F.);
#3740 = ORIENTED_EDGE('',*,*,#3741,.F.);
#3741 = EDGE_CURVE('',#3099,#3192,#3742,.T.);
#3742 = LINE('',#3743,#3744);
#3743 = CARTESIAN_POINT('',(2.75,4.15,39.));
#3744 = VECTOR('',#3745,1.);
#3745 = DIRECTION('',(1.,0.,0.));
#3746 = ORIENTED_EDGE('',*,*,#3107,.T.);
#3747 = ORIENTED_EDGE('',*,*,#3703,.T.);
#3748 = PLANE('',#3749);
#3749 = AXIS2_PLACEMENT_3D('',#3750,#3751,#3752);
#3750 = CARTESIAN_POINT('',(2.75,4.15,39.));
#3751 = DIRECTION('',(0.,1.,0.));
#3752 = DIRECTION('',(0.,0.,1.));
#3753 = ADVANCED_FACE('',(#3754,#3760),#3847,.T.);
#3754 = FACE_BOUND('',#3755,.T.);
#3755 = EDGE_LOOP('',(#3756,#3757,#3758,#3759));
#3756 = ORIENTED_EDGE('',*,*,#3594,.T.);
#3757 = ORIENTED_EDGE('',*,*,#3624,.T.);
#3758 = ORIENTED_EDGE('',*,*,#3649,.F.);
#3759 = ORIENTED_EDGE('',*,*,#3665,.F.);
#3760 = FACE_BOUND('',#3761,.T.);
#3761 = EDGE_LOOP('',(#3762,#3770,#3776,#3777,#3783,#3784,#3792,#3798,
    #3799,#3800,#3801,#3809,#3815,#3816,#3817,#3823,#3824,#3825,#3833,
    #3839,#3840,#3846));
#3762 = ORIENTED_EDGE('',*,*,#3763,.F.);
#3763 = EDGE_CURVE('',#3764,#3351,#3766,.T.);
#3764 = VERTEX_POINT('',#3765);
#3765 = CARTESIAN_POINT('',(4.15,41.85,39.));
#3766 = LINE('',#3767,#3768);
#3767 = CARTESIAN_POINT('',(2.75,41.85,39.));
#3768 = VECTOR('',#3769,1.);
#3769 = DIRECTION('',(1.,0.,0.));
#3770 = ORIENTED_EDGE('',*,*,#3771,.F.);
#3771 = EDGE_CURVE('',#3377,#3764,#3772,.T.);
#3772 = LINE('',#3773,#3774);
#3773 = CARTESIAN_POINT('',(4.15,4.15,39.));
#3774 = VECTOR('',#3775,1.);
#3775 = DIRECTION('',(0.,1.,0.));
#3776 = ORIENTED_EDGE('',*,*,#3384,.T.);
#3777 = ORIENTED_EDGE('',*,*,#3778,.F.);
#3778 = EDGE_CURVE('',#3057,#3385,#3779,.T.);
#3779 = LINE('',#3780,#3781);
#3780 = CARTESIAN_POINT('',(4.15,4.15,39.));
#3781 = VECTOR('',#3782,1.);
#3782 = DIRECTION('',(0.,1.,0.));
#3783 = ORIENTED_EDGE('',*,*,#3064,.T.);
#3784 = ORIENTED_EDGE('',*,*,#3785,.F.);
#3785 = EDGE_CURVE('',#3786,#3065,#3788,.T.);
#3786 = VERTEX_POINT('',#3787);
#3787 = CARTESIAN_POINT('',(4.15,4.15,39.));
#3788 = LINE('',#3789,#3790);
#3789 = CARTESIAN_POINT('',(4.15,4.15,39.));
#3790 = VECTOR('',#3791,1.);
#3791 = DIRECTION('',(0.,1.,0.));
#3792 = ORIENTED_EDGE('',*,*,#3793,.T.);
#3793 = EDGE_CURVE('',#3786,#3091,#3794,.T.);
#3794 = LINE('',#3795,#3796);
#3795 = CARTESIAN_POINT('',(2.75,4.15,39.));
#3796 = VECTOR('',#3797,1.);
#3797 = DIRECTION('',(1.,0.,0.));
#3798 = ORIENTED_EDGE('',*,*,#3098,.T.);
#3799 = ORIENTED_EDGE('',*,*,#3741,.T.);
#3800 = ORIENTED_EDGE('',*,*,#3199,.T.);
#3801 = ORIENTED_EDGE('',*,*,#3802,.T.);
#3802 = EDGE_CURVE('',#3200,#3803,#3805,.T.);
#3803 = VERTEX_POINT('',#3804);
#3804 = CARTESIAN_POINT('',(49.85,4.15,39.));
#3805 = LINE('',#3806,#3807);
#3806 = CARTESIAN_POINT('',(2.75,4.15,39.));
#3807 = VECTOR('',#3808,1.);
#3808 = DIRECTION('',(1.,0.,0.));
#3809 = ORIENTED_EDGE('',*,*,#3810,.T.);
#3810 = EDGE_CURVE('',#3803,#3226,#3811,.T.);
#3811 = LINE('',#3812,#3813);
#3812 = CARTESIAN_POINT('',(49.85,4.15,39.));
#3813 = VECTOR('',#3814,1.);
#3814 = DIRECTION('',(0.,1.,0.));
#3815 = ORIENTED_EDGE('',*,*,#3233,.T.);
#3816 = ORIENTED_EDGE('',*,*,#3165,.T.);
#3817 = ORIENTED_EDGE('',*,*,#3818,.T.);
#3818 = EDGE_CURVE('',#3166,#3562,#3819,.T.);
#3819 = LINE('',#3820,#3821);
#3820 = CARTESIAN_POINT('',(49.85,4.15,39.));
#3821 = VECTOR('',#3822,1.);
#3822 = DIRECTION('',(0.,1.,0.));
#3823 = ORIENTED_EDGE('',*,*,#3569,.T.);
#3824 = ORIENTED_EDGE('',*,*,#3501,.T.);
#3825 = ORIENTED_EDGE('',*,*,#3826,.T.);
#3826 = EDGE_CURVE('',#3502,#3827,#3829,.T.);
#3827 = VERTEX_POINT('',#3828);
#3828 = CARTESIAN_POINT('',(49.85,41.85,39.));
#3829 = LINE('',#3830,#3831);
#3830 = CARTESIAN_POINT('',(49.85,4.15,39.));
#3831 = VECTOR('',#3832,1.);
#3832 = DIRECTION('',(0.,1.,0.));
#3833 = ORIENTED_EDGE('',*,*,#3834,.F.);
#3834 = EDGE_CURVE('',#3528,#3827,#3835,.T.);
#3835 = LINE('',#3836,#3837);
#3836 = CARTESIAN_POINT('',(2.75,41.85,39.));
#3837 = VECTOR('',#3838,1.);
#3838 = DIRECTION('',(1.,0.,0.));
#3839 = ORIENTED_EDGE('',*,*,#3535,.T.);
#3840 = ORIENTED_EDGE('',*,*,#3841,.F.);
#3841 = EDGE_CURVE('',#3343,#3536,#3842,.T.);
#3842 = LINE('',#3843,#3844);
#3843 = CARTESIAN_POINT('',(2.75,41.85,39.));
#3844 = VECTOR('',#3845,1.);
#3845 = DIRECTION('',(1.,0.,0.));
#3846 = ORIENTED_EDGE('',*,*,#3350,.T.);
#3847 = PLANE('',#3848);
#3848 = AXIS2_PLACEMENT_3D('',#3849,#3850,#3851);
#3849 = CARTESIAN_POINT('',(27.,23.,39.));
#3850 = DIRECTION('',(-0.,-0.,-1.));
#3851 = DIRECTION('',(-1.,0.,0.));
#3852 = ADVANCED_FACE('',(#3853),#3871,.T.);
#3853 = FACE_BOUND('',#3854,.T.);
#3854 = EDGE_LOOP('',(#3855,#3856,#3857,#3865));
#3855 = ORIENTED_EDGE('',*,*,#3090,.F.);
#3856 = ORIENTED_EDGE('',*,*,#3793,.F.);
#3857 = ORIENTED_EDGE('',*,*,#3858,.T.);
#3858 = EDGE_CURVE('',#3786,#3859,#3861,.T.);
#3859 = VERTEX_POINT('',#3860);
#3860 = CARTESIAN_POINT('',(4.15,4.15,41.));
#3861 = LINE('',#3862,#3863);
#3862 = CARTESIAN_POINT('',(4.15,4.15,39.));
#3863 = VECTOR('',#3864,1.);
#3864 = DIRECTION('',(0.,0.,1.));
#3865 = ORIENTED_EDGE('',*,*,#3866,.T.);
#3866 = EDGE_CURVE('',#3859,#3082,#3867,.T.);
#3867 = LINE('',#3868,#3869);
#3868 = CARTESIAN_POINT('',(14.875,4.15,41.));
#3869 = VECTOR('',#3870,1.);
#3870 = DIRECTION('',(1.,0.,0.));
#3871 = PLANE('',#3872);
#3872 = AXIS2_PLACEMENT_3D('',#3873,#3874,#3875);
#3873 = CARTESIAN_POINT('',(2.75,4.15,39.));
#3874 = DIRECTION('',(0.,1.,0.));
#3875 = DIRECTION('',(0.,0.,1.));
#3876 = ADVANCED_FACE('',(#3877),#3887,.T.);
#3877 = FACE_BOUND('',#3878,.T.);
#3878 = EDGE_LOOP('',(#3879,#3885,#3886));
#3879 = ORIENTED_EDGE('',*,*,#3880,.F.);
#3880 = EDGE_CURVE('',#3074,#3859,#3881,.T.);
#3881 = LINE('',#3882,#3883);
#3882 = CARTESIAN_POINT('',(4.15,13.575,41.));
#3883 = VECTOR('',#3884,1.);
#3884 = DIRECTION('',(0.,-1.,0.));
#3885 = ORIENTED_EDGE('',*,*,#3081,.T.);
#3886 = ORIENTED_EDGE('',*,*,#3866,.F.);
#3887 = PLANE('',#3888);
#3888 = AXIS2_PLACEMENT_3D('',#3889,#3890,#3891);
#3889 = CARTESIAN_POINT('',(27.,23.,41.));
#3890 = DIRECTION('',(-0.,-0.,-1.));
#3891 = DIRECTION('',(-1.,0.,0.));
#3892 = ADVANCED_FACE('',(#3893),#3899,.T.);
#3893 = FACE_BOUND('',#3894,.T.);
#3894 = EDGE_LOOP('',(#3895,#3896,#3897,#3898));
#3895 = ORIENTED_EDGE('',*,*,#3858,.F.);
#3896 = ORIENTED_EDGE('',*,*,#3785,.T.);
#3897 = ORIENTED_EDGE('',*,*,#3073,.T.);
#3898 = ORIENTED_EDGE('',*,*,#3880,.T.);
#3899 = PLANE('',#3900);
#3900 = AXIS2_PLACEMENT_3D('',#3901,#3902,#3903);
#3901 = CARTESIAN_POINT('',(4.15,4.15,39.));
#3902 = DIRECTION('',(1.,0.,0.));
#3903 = DIRECTION('',(0.,0.,1.));
#3904 = ADVANCED_FACE('',(#3905),#3911,.T.);
#3905 = FACE_BOUND('',#3906,.T.);
#3906 = EDGE_LOOP('',(#3907,#3908,#3909,#3910));
#3907 = ORIENTED_EDGE('',*,*,#3056,.F.);
#3908 = ORIENTED_EDGE('',*,*,#3778,.T.);
#3909 = ORIENTED_EDGE('',*,*,#3393,.T.);
#3910 = ORIENTED_EDGE('',*,*,#3681,.T.);
#3911 = PLANE('',#3912);
#3912 = AXIS2_PLACEMENT_3D('',#3913,#3914,#3915);
#3913 = CARTESIAN_POINT('',(4.15,4.15,39.));
#3914 = DIRECTION('',(1.,0.,0.));
#3915 = DIRECTION('',(0.,0.,1.));
#3916 = ADVANCED_FACE('',(#3917),#3935,.F.);
#3917 = FACE_BOUND('',#3918,.F.);
#3918 = EDGE_LOOP('',(#3919,#3927,#3928,#3929));
#3919 = ORIENTED_EDGE('',*,*,#3920,.F.);
#3920 = EDGE_CURVE('',#3803,#3921,#3923,.T.);
#3921 = VERTEX_POINT('',#3922);
#3922 = CARTESIAN_POINT('',(49.85,4.15,41.));
#3923 = LINE('',#3924,#3925);
#3924 = CARTESIAN_POINT('',(49.85,4.15,39.));
#3925 = VECTOR('',#3926,1.);
#3926 = DIRECTION('',(0.,0.,1.));
#3927 = ORIENTED_EDGE('',*,*,#3810,.T.);
#3928 = ORIENTED_EDGE('',*,*,#3225,.T.);
#3929 = ORIENTED_EDGE('',*,*,#3930,.T.);
#3930 = EDGE_CURVE('',#3217,#3921,#3931,.T.);
#3931 = LINE('',#3932,#3933);
#3932 = CARTESIAN_POINT('',(49.85,13.575,41.));
#3933 = VECTOR('',#3934,1.);
#3934 = DIRECTION('',(0.,-1.,0.));
#3935 = PLANE('',#3936);
#3936 = AXIS2_PLACEMENT_3D('',#3937,#3938,#3939);
#3937 = CARTESIAN_POINT('',(49.85,4.15,39.));
#3938 = DIRECTION('',(1.,0.,0.));
#3939 = DIRECTION('',(0.,0.,1.));
#3940 = ADVANCED_FACE('',(#3941),#3951,.T.);
#3941 = FACE_BOUND('',#3942,.T.);
#3942 = EDGE_LOOP('',(#3943,#3944,#3945));
#3943 = ORIENTED_EDGE('',*,*,#3216,.T.);
#3944 = ORIENTED_EDGE('',*,*,#3930,.T.);
#3945 = ORIENTED_EDGE('',*,*,#3946,.F.);
#3946 = EDGE_CURVE('',#3209,#3921,#3947,.T.);
#3947 = LINE('',#3948,#3949);
#3948 = CARTESIAN_POINT('',(14.875,4.15,41.));
#3949 = VECTOR('',#3950,1.);
#3950 = DIRECTION('',(1.,0.,0.));
#3951 = PLANE('',#3952);
#3952 = AXIS2_PLACEMENT_3D('',#3953,#3954,#3955);
#3953 = CARTESIAN_POINT('',(27.,23.,41.));
#3954 = DIRECTION('',(-0.,-0.,-1.));
#3955 = DIRECTION('',(-1.,0.,0.));
#3956 = ADVANCED_FACE('',(#3957),#3963,.T.);
#3957 = FACE_BOUND('',#3958,.T.);
#3958 = EDGE_LOOP('',(#3959,#3960,#3961,#3962));
#3959 = ORIENTED_EDGE('',*,*,#3920,.F.);
#3960 = ORIENTED_EDGE('',*,*,#3802,.F.);
#3961 = ORIENTED_EDGE('',*,*,#3208,.T.);
#3962 = ORIENTED_EDGE('',*,*,#3946,.T.);
#3963 = PLANE('',#3964);
#3964 = AXIS2_PLACEMENT_3D('',#3965,#3966,#3967);
#3965 = CARTESIAN_POINT('',(2.75,4.15,39.));
#3966 = DIRECTION('',(0.,1.,0.));
#3967 = DIRECTION('',(0.,0.,1.));
#3968 = ADVANCED_FACE('',(#3969),#3975,.F.);
#3969 = FACE_BOUND('',#3970,.F.);
#3970 = EDGE_LOOP('',(#3971,#3972,#3973,#3974));
#3971 = ORIENTED_EDGE('',*,*,#3174,.F.);
#3972 = ORIENTED_EDGE('',*,*,#3818,.T.);
#3973 = ORIENTED_EDGE('',*,*,#3561,.T.);
#3974 = ORIENTED_EDGE('',*,*,#3696,.T.);
#3975 = PLANE('',#3976);
#3976 = AXIS2_PLACEMENT_3D('',#3977,#3978,#3979);
#3977 = CARTESIAN_POINT('',(49.85,4.15,39.));
#3978 = DIRECTION('',(1.,0.,0.));
#3979 = DIRECTION('',(0.,0.,1.));
#3980 = ADVANCED_FACE('',(#3981),#3999,.T.);
#3981 = FACE_BOUND('',#3982,.T.);
#3982 = EDGE_LOOP('',(#3983,#3984,#3985,#3993));
#3983 = ORIENTED_EDGE('',*,*,#3376,.F.);
#3984 = ORIENTED_EDGE('',*,*,#3771,.T.);
#3985 = ORIENTED_EDGE('',*,*,#3986,.T.);
#3986 = EDGE_CURVE('',#3764,#3987,#3989,.T.);
#3987 = VERTEX_POINT('',#3988);
#3988 = CARTESIAN_POINT('',(4.15,41.85,41.));
#3989 = LINE('',#3990,#3991);
#3990 = CARTESIAN_POINT('',(4.15,41.85,39.));
#3991 = VECTOR('',#3992,1.);
#3992 = DIRECTION('',(0.,0.,1.));
#3993 = ORIENTED_EDGE('',*,*,#3994,.T.);
#3994 = EDGE_CURVE('',#3987,#3368,#3995,.T.);
#3995 = LINE('',#3996,#3997);
#3996 = CARTESIAN_POINT('',(4.15,13.575,41.));
#3997 = VECTOR('',#3998,1.);
#3998 = DIRECTION('',(0.,-1.,0.));
#3999 = PLANE('',#4000);
#4000 = AXIS2_PLACEMENT_3D('',#4001,#4002,#4003);
#4001 = CARTESIAN_POINT('',(4.15,4.15,39.));
#4002 = DIRECTION('',(1.,0.,0.));
#4003 = DIRECTION('',(0.,0.,1.));
#4004 = ADVANCED_FACE('',(#4005),#4015,.T.);
#4005 = FACE_BOUND('',#4006,.T.);
#4006 = EDGE_LOOP('',(#4007,#4008,#4014));
#4007 = ORIENTED_EDGE('',*,*,#3994,.F.);
#4008 = ORIENTED_EDGE('',*,*,#4009,.T.);
#4009 = EDGE_CURVE('',#3987,#3360,#4010,.T.);
#4010 = LINE('',#4011,#4012);
#4011 = CARTESIAN_POINT('',(14.875,41.85,41.));
#4012 = VECTOR('',#4013,1.);
#4013 = DIRECTION('',(1.,0.,0.));
#4014 = ORIENTED_EDGE('',*,*,#3367,.T.);
#4015 = PLANE('',#4016);
#4016 = AXIS2_PLACEMENT_3D('',#4017,#4018,#4019);
#4017 = CARTESIAN_POINT('',(27.,23.,41.));
#4018 = DIRECTION('',(-0.,-0.,-1.));
#4019 = DIRECTION('',(-1.,0.,0.));
#4020 = ADVANCED_FACE('',(#4021),#4027,.F.);
#4021 = FACE_BOUND('',#4022,.F.);
#4022 = EDGE_LOOP('',(#4023,#4024,#4025,#4026));
#4023 = ORIENTED_EDGE('',*,*,#3359,.F.);
#4024 = ORIENTED_EDGE('',*,*,#3763,.F.);
#4025 = ORIENTED_EDGE('',*,*,#3986,.T.);
#4026 = ORIENTED_EDGE('',*,*,#4009,.T.);
#4027 = PLANE('',#4028);
#4028 = AXIS2_PLACEMENT_3D('',#4029,#4030,#4031);
#4029 = CARTESIAN_POINT('',(2.75,41.85,39.));
#4030 = DIRECTION('',(0.,1.,0.));
#4031 = DIRECTION('',(0.,0.,1.));
#4032 = ADVANCED_FACE('',(#4033),#4039,.F.);
#4033 = FACE_BOUND('',#4034,.F.);
#4034 = EDGE_LOOP('',(#4035,#4036,#4037,#4038));
#4035 = ORIENTED_EDGE('',*,*,#3544,.F.);
#4036 = ORIENTED_EDGE('',*,*,#3841,.F.);
#4037 = ORIENTED_EDGE('',*,*,#3342,.T.);
#4038 = ORIENTED_EDGE('',*,*,#3689,.T.);
#4039 = PLANE('',#4040);
#4040 = AXIS2_PLACEMENT_3D('',#4041,#4042,#4043);
#4041 = CARTESIAN_POINT('',(2.75,41.85,39.));
#4042 = DIRECTION('',(0.,1.,0.));
#4043 = DIRECTION('',(0.,0.,1.));
#4044 = ADVANCED_FACE('',(#4045),#4063,.F.);
#4045 = FACE_BOUND('',#4046,.F.);
#4046 = EDGE_LOOP('',(#4047,#4055,#4056,#4057));
#4047 = ORIENTED_EDGE('',*,*,#4048,.F.);
#4048 = EDGE_CURVE('',#3827,#4049,#4051,.T.);
#4049 = VERTEX_POINT('',#4050);
#4050 = CARTESIAN_POINT('',(49.85,41.85,41.));
#4051 = LINE('',#4052,#4053);
#4052 = CARTESIAN_POINT('',(49.85,41.85,39.));
#4053 = VECTOR('',#4054,1.);
#4054 = DIRECTION('',(0.,0.,1.));
#4055 = ORIENTED_EDGE('',*,*,#3834,.F.);
#4056 = ORIENTED_EDGE('',*,*,#3527,.T.);
#4057 = ORIENTED_EDGE('',*,*,#4058,.T.);
#4058 = EDGE_CURVE('',#3519,#4049,#4059,.T.);
#4059 = LINE('',#4060,#4061);
#4060 = CARTESIAN_POINT('',(14.875,41.85,41.));
#4061 = VECTOR('',#4062,1.);
#4062 = DIRECTION('',(1.,0.,0.));
#4063 = PLANE('',#4064);
#4064 = AXIS2_PLACEMENT_3D('',#4065,#4066,#4067);
#4065 = CARTESIAN_POINT('',(2.75,41.85,39.));
#4066 = DIRECTION('',(0.,1.,0.));
#4067 = DIRECTION('',(0.,0.,1.));
#4068 = ADVANCED_FACE('',(#4069),#4079,.T.);
#4069 = FACE_BOUND('',#4070,.T.);
#4070 = EDGE_LOOP('',(#4071,#4072,#4073));
#4071 = ORIENTED_EDGE('',*,*,#3518,.T.);
#4072 = ORIENTED_EDGE('',*,*,#4058,.T.);
#4073 = ORIENTED_EDGE('',*,*,#4074,.T.);
#4074 = EDGE_CURVE('',#4049,#3511,#4075,.T.);
#4075 = LINE('',#4076,#4077);
#4076 = CARTESIAN_POINT('',(49.85,13.575,41.));
#4077 = VECTOR('',#4078,1.);
#4078 = DIRECTION('',(0.,-1.,0.));
#4079 = PLANE('',#4080);
#4080 = AXIS2_PLACEMENT_3D('',#4081,#4082,#4083);
#4081 = CARTESIAN_POINT('',(27.,23.,41.));
#4082 = DIRECTION('',(-0.,-0.,-1.));
#4083 = DIRECTION('',(-1.,0.,0.));
#4084 = ADVANCED_FACE('',(#4085),#4091,.F.);
#4085 = FACE_BOUND('',#4086,.F.);
#4086 = EDGE_LOOP('',(#4087,#4088,#4089,#4090));
#4087 = ORIENTED_EDGE('',*,*,#3510,.F.);
#4088 = ORIENTED_EDGE('',*,*,#3826,.T.);
#4089 = ORIENTED_EDGE('',*,*,#4048,.T.);
#4090 = ORIENTED_EDGE('',*,*,#4074,.T.);
#4091 = PLANE('',#4092);
#4092 = AXIS2_PLACEMENT_3D('',#4093,#4094,#4095);
#4093 = CARTESIAN_POINT('',(49.85,4.15,39.));
#4094 = DIRECTION('',(1.,0.,0.));
#4095 = DIRECTION('',(0.,0.,1.));
#4096 = MANIFOLD_SOLID_BREP('',#4097);
#4097 = CLOSED_SHELL('',(#4098,#4138,#4178,#4200,#4222,#4234));
#4098 = ADVANCED_FACE('',(#4099),#4133,.F.);
#4099 = FACE_BOUND('',#4100,.F.);
#4100 = EDGE_LOOP('',(#4101,#4111,#4119,#4127));
#4101 = ORIENTED_EDGE('',*,*,#4102,.F.);
#4102 = EDGE_CURVE('',#4103,#4105,#4107,.T.);
#4103 = VERTEX_POINT('',#4104);
#4104 = CARTESIAN_POINT('',(9.,8.5,2.8));
#4105 = VERTEX_POINT('',#4106);
#4106 = CARTESIAN_POINT('',(9.,8.5,7.55));
#4107 = LINE('',#4108,#4109);
#4108 = CARTESIAN_POINT('',(9.,8.5,2.8));
#4109 = VECTOR('',#4110,1.);
#4110 = DIRECTION('',(0.,0.,1.));
#4111 = ORIENTED_EDGE('',*,*,#4112,.T.);
#4112 = EDGE_CURVE('',#4103,#4113,#4115,.T.);
#4113 = VERTEX_POINT('',#4114);
#4114 = CARTESIAN_POINT('',(9.,37.5,2.8));
#4115 = LINE('',#4116,#4117);
#4116 = CARTESIAN_POINT('',(9.,8.5,2.8));
#4117 = VECTOR('',#4118,1.);
#4118 = DIRECTION('',(0.,1.,0.));
#4119 = ORIENTED_EDGE('',*,*,#4120,.T.);
#4120 = EDGE_CURVE('',#4113,#4121,#4123,.T.);
#4121 = VERTEX_POINT('',#4122);
#4122 = CARTESIAN_POINT('',(9.,37.5,7.55));
#4123 = LINE('',#4124,#4125);
#4124 = CARTESIAN_POINT('',(9.,37.5,2.8));
#4125 = VECTOR('',#4126,1.);
#4126 = DIRECTION('',(0.,0.,1.));
#4127 = ORIENTED_EDGE('',*,*,#4128,.F.);
#4128 = EDGE_CURVE('',#4105,#4121,#4129,.T.);
#4129 = LINE('',#4130,#4131);
#4130 = CARTESIAN_POINT('',(9.,8.5,7.55));
#4131 = VECTOR('',#4132,1.);
#4132 = DIRECTION('',(0.,1.,0.));
#4133 = PLANE('',#4134);
#4134 = AXIS2_PLACEMENT_3D('',#4135,#4136,#4137);
#4135 = CARTESIAN_POINT('',(9.,8.5,2.8));
#4136 = DIRECTION('',(1.,0.,0.));
#4137 = DIRECTION('',(0.,0.,1.));
#4138 = ADVANCED_FACE('',(#4139),#4173,.T.);
#4139 = FACE_BOUND('',#4140,.T.);
#4140 = EDGE_LOOP('',(#4141,#4151,#4159,#4167));
#4141 = ORIENTED_EDGE('',*,*,#4142,.F.);
#4142 = EDGE_CURVE('',#4143,#4145,#4147,.T.);
#4143 = VERTEX_POINT('',#4144);
#4144 = CARTESIAN_POINT('',(45.,8.5,2.8));
#4145 = VERTEX_POINT('',#4146);
#4146 = CARTESIAN_POINT('',(45.,8.5,7.55));
#4147 = LINE('',#4148,#4149);
#4148 = CARTESIAN_POINT('',(45.,8.5,2.8));
#4149 = VECTOR('',#4150,1.);
#4150 = DIRECTION('',(0.,0.,1.));
#4151 = ORIENTED_EDGE('',*,*,#4152,.T.);
#4152 = EDGE_CURVE('',#4143,#4153,#4155,.T.);
#4153 = VERTEX_POINT('',#4154);
#4154 = CARTESIAN_POINT('',(45.,37.5,2.8));
#4155 = LINE('',#4156,#4157);
#4156 = CARTESIAN_POINT('',(45.,8.5,2.8));
#4157 = VECTOR('',#4158,1.);
#4158 = DIRECTION('',(0.,1.,0.));
#4159 = ORIENTED_EDGE('',*,*,#4160,.T.);
#4160 = EDGE_CURVE('',#4153,#4161,#4163,.T.);
#4161 = VERTEX_POINT('',#4162);
#4162 = CARTESIAN_POINT('',(45.,37.5,7.55));
#4163 = LINE('',#4164,#4165);
#4164 = CARTESIAN_POINT('',(45.,37.5,2.8));
#4165 = VECTOR('',#4166,1.);
#4166 = DIRECTION('',(0.,0.,1.));
#4167 = ORIENTED_EDGE('',*,*,#4168,.F.);
#4168 = EDGE_CURVE('',#4145,#4161,#4169,.T.);
#4169 = LINE('',#4170,#4171);
#4170 = CARTESIAN_POINT('',(45.,8.5,7.55));
#4171 = VECTOR('',#4172,1.);
#4172 = DIRECTION('',(0.,1.,0.));
#4173 = PLANE('',#4174);
#4174 = AXIS2_PLACEMENT_3D('',#4175,#4176,#4177);
#4175 = CARTESIAN_POINT('',(45.,8.5,2.8));
#4176 = DIRECTION('',(1.,0.,0.));
#4177 = DIRECTION('',(0.,0.,1.));
#4178 = ADVANCED_FACE('',(#4179),#4195,.F.);
#4179 = FACE_BOUND('',#4180,.F.);
#4180 = EDGE_LOOP('',(#4181,#4187,#4188,#4194));
#4181 = ORIENTED_EDGE('',*,*,#4182,.F.);
#4182 = EDGE_CURVE('',#4103,#4143,#4183,.T.);
#4183 = LINE('',#4184,#4185);
#4184 = CARTESIAN_POINT('',(9.,8.5,2.8));
#4185 = VECTOR('',#4186,1.);
#4186 = DIRECTION('',(1.,0.,0.));
#4187 = ORIENTED_EDGE('',*,*,#4102,.T.);
#4188 = ORIENTED_EDGE('',*,*,#4189,.T.);
#4189 = EDGE_CURVE('',#4105,#4145,#4190,.T.);
#4190 = LINE('',#4191,#4192);
#4191 = CARTESIAN_POINT('',(9.,8.5,7.55));
#4192 = VECTOR('',#4193,1.);
#4193 = DIRECTION('',(1.,0.,0.));
#4194 = ORIENTED_EDGE('',*,*,#4142,.F.);
#4195 = PLANE('',#4196);
#4196 = AXIS2_PLACEMENT_3D('',#4197,#4198,#4199);
#4197 = CARTESIAN_POINT('',(9.,8.5,2.8));
#4198 = DIRECTION('',(0.,1.,0.));
#4199 = DIRECTION('',(0.,0.,1.));
#4200 = ADVANCED_FACE('',(#4201),#4217,.T.);
#4201 = FACE_BOUND('',#4202,.T.);
#4202 = EDGE_LOOP('',(#4203,#4209,#4210,#4216));
#4203 = ORIENTED_EDGE('',*,*,#4204,.F.);
#4204 = EDGE_CURVE('',#4113,#4153,#4205,.T.);
#4205 = LINE('',#4206,#4207);
#4206 = CARTESIAN_POINT('',(9.,37.5,2.8));
#4207 = VECTOR('',#4208,1.);
#4208 = DIRECTION('',(1.,0.,0.));
#4209 = ORIENTED_EDGE('',*,*,#4120,.T.);
#4210 = ORIENTED_EDGE('',*,*,#4211,.T.);
#4211 = EDGE_CURVE('',#4121,#4161,#4212,.T.);
#4212 = LINE('',#4213,#4214);
#4213 = CARTESIAN_POINT('',(9.,37.5,7.55));
#4214 = VECTOR('',#4215,1.);
#4215 = DIRECTION('',(1.,0.,0.));
#4216 = ORIENTED_EDGE('',*,*,#4160,.F.);
#4217 = PLANE('',#4218);
#4218 = AXIS2_PLACEMENT_3D('',#4219,#4220,#4221);
#4219 = CARTESIAN_POINT('',(9.,37.5,2.8));
#4220 = DIRECTION('',(0.,1.,0.));
#4221 = DIRECTION('',(0.,0.,1.));
#4222 = ADVANCED_FACE('',(#4223),#4229,.F.);
#4223 = FACE_BOUND('',#4224,.F.);
#4224 = EDGE_LOOP('',(#4225,#4226,#4227,#4228));
#4225 = ORIENTED_EDGE('',*,*,#4112,.F.);
#4226 = ORIENTED_EDGE('',*,*,#4182,.T.);
#4227 = ORIENTED_EDGE('',*,*,#4152,.T.);
#4228 = ORIENTED_EDGE('',*,*,#4204,.F.);
#4229 = PLANE('',#4230);
#4230 = AXIS2_PLACEMENT_3D('',#4231,#4232,#4233);
#4231 = CARTESIAN_POINT('',(9.,8.5,2.8));
#4232 = DIRECTION('',(0.,0.,1.));
#4233 = DIRECTION('',(1.,0.,0.));
#4234 = ADVANCED_FACE('',(#4235),#4241,.T.);
#4235 = FACE_BOUND('',#4236,.T.);
#4236 = EDGE_LOOP('',(#4237,#4238,#4239,#4240));
#4237 = ORIENTED_EDGE('',*,*,#4128,.F.);
#4238 = ORIENTED_EDGE('',*,*,#4189,.T.);
#4239 = ORIENTED_EDGE('',*,*,#4168,.T.);
#4240 = ORIENTED_EDGE('',*,*,#4211,.F.);
#4241 = PLANE('',#4242);
#4242 = AXIS2_PLACEMENT_3D('',#4243,#4244,#4245);
#4243 = CARTESIAN_POINT('',(9.,8.5,7.55));
#4244 = DIRECTION('',(0.,0.,1.));
#4245 = DIRECTION('',(1.,0.,0.));
#4246 = MANIFOLD_SOLID_BREP('',#4247);
#4247 = CLOSED_SHELL('',(#4248,#4288,#4328,#4350,#4372,#4384));
#4248 = ADVANCED_FACE('',(#4249),#4283,.F.);
#4249 = FACE_BOUND('',#4250,.F.);
#4250 = EDGE_LOOP('',(#4251,#4261,#4269,#4277));
#4251 = ORIENTED_EDGE('',*,*,#4252,.F.);
#4252 = EDGE_CURVE('',#4253,#4255,#4257,.T.);
#4253 = VERTEX_POINT('',#4254);
#4254 = CARTESIAN_POINT('',(16.5,14.1,9.45));
#4255 = VERTEX_POINT('',#4256);
#4256 = CARTESIAN_POINT('',(16.5,14.1,24.45));
#4257 = LINE('',#4258,#4259);
#4258 = CARTESIAN_POINT('',(16.5,14.1,9.45));
#4259 = VECTOR('',#4260,1.);
#4260 = DIRECTION('',(0.,0.,1.));
#4261 = ORIENTED_EDGE('',*,*,#4262,.T.);
#4262 = EDGE_CURVE('',#4253,#4263,#4265,.T.);
#4263 = VERTEX_POINT('',#4264);
#4264 = CARTESIAN_POINT('',(16.5,31.9,9.45));
#4265 = LINE('',#4266,#4267);
#4266 = CARTESIAN_POINT('',(16.5,14.1,9.45));
#4267 = VECTOR('',#4268,1.);
#4268 = DIRECTION('',(0.,1.,0.));
#4269 = ORIENTED_EDGE('',*,*,#4270,.T.);
#4270 = EDGE_CURVE('',#4263,#4271,#4273,.T.);
#4271 = VERTEX_POINT('',#4272);
#4272 = CARTESIAN_POINT('',(16.5,31.9,24.45));
#4273 = LINE('',#4274,#4275);
#4274 = CARTESIAN_POINT('',(16.5,31.9,9.45));
#4275 = VECTOR('',#4276,1.);
#4276 = DIRECTION('',(0.,0.,1.));
#4277 = ORIENTED_EDGE('',*,*,#4278,.F.);
#4278 = EDGE_CURVE('',#4255,#4271,#4279,.T.);
#4279 = LINE('',#4280,#4281);
#4280 = CARTESIAN_POINT('',(16.5,14.1,24.45));
#4281 = VECTOR('',#4282,1.);
#4282 = DIRECTION('',(0.,1.,0.));
#4283 = PLANE('',#4284);
#4284 = AXIS2_PLACEMENT_3D('',#4285,#4286,#4287);
#4285 = CARTESIAN_POINT('',(16.5,14.1,9.45));
#4286 = DIRECTION('',(1.,0.,0.));
#4287 = DIRECTION('',(0.,0.,1.));
#4288 = ADVANCED_FACE('',(#4289),#4323,.T.);
#4289 = FACE_BOUND('',#4290,.T.);
#4290 = EDGE_LOOP('',(#4291,#4301,#4309,#4317));
#4291 = ORIENTED_EDGE('',*,*,#4292,.F.);
#4292 = EDGE_CURVE('',#4293,#4295,#4297,.T.);
#4293 = VERTEX_POINT('',#4294);
#4294 = CARTESIAN_POINT('',(37.5,14.1,9.45));
#4295 = VERTEX_POINT('',#4296);
#4296 = CARTESIAN_POINT('',(37.5,14.1,24.45));
#4297 = LINE('',#4298,#4299);
#4298 = CARTESIAN_POINT('',(37.5,14.1,9.45));
#4299 = VECTOR('',#4300,1.);
#4300 = DIRECTION('',(0.,0.,1.));
#4301 = ORIENTED_EDGE('',*,*,#4302,.T.);
#4302 = EDGE_CURVE('',#4293,#4303,#4305,.T.);
#4303 = VERTEX_POINT('',#4304);
#4304 = CARTESIAN_POINT('',(37.5,31.9,9.45));
#4305 = LINE('',#4306,#4307);
#4306 = CARTESIAN_POINT('',(37.5,14.1,9.45));
#4307 = VECTOR('',#4308,1.);
#4308 = DIRECTION('',(0.,1.,0.));
#4309 = ORIENTED_EDGE('',*,*,#4310,.T.);
#4310 = EDGE_CURVE('',#4303,#4311,#4313,.T.);
#4311 = VERTEX_POINT('',#4312);
#4312 = CARTESIAN_POINT('',(37.5,31.9,24.45));
#4313 = LINE('',#4314,#4315);
#4314 = CARTESIAN_POINT('',(37.5,31.9,9.45));
#4315 = VECTOR('',#4316,1.);
#4316 = DIRECTION('',(0.,0.,1.));
#4317 = ORIENTED_EDGE('',*,*,#4318,.F.);
#4318 = EDGE_CURVE('',#4295,#4311,#4319,.T.);
#4319 = LINE('',#4320,#4321);
#4320 = CARTESIAN_POINT('',(37.5,14.1,24.45));
#4321 = VECTOR('',#4322,1.);
#4322 = DIRECTION('',(0.,1.,0.));
#4323 = PLANE('',#4324);
#4324 = AXIS2_PLACEMENT_3D('',#4325,#4326,#4327);
#4325 = CARTESIAN_POINT('',(37.5,14.1,9.45));
#4326 = DIRECTION('',(1.,0.,0.));
#4327 = DIRECTION('',(0.,0.,1.));
#4328 = ADVANCED_FACE('',(#4329),#4345,.F.);
#4329 = FACE_BOUND('',#4330,.F.);
#4330 = EDGE_LOOP('',(#4331,#4337,#4338,#4344));
#4331 = ORIENTED_EDGE('',*,*,#4332,.F.);
#4332 = EDGE_CURVE('',#4253,#4293,#4333,.T.);
#4333 = LINE('',#4334,#4335);
#4334 = CARTESIAN_POINT('',(16.5,14.1,9.45));
#4335 = VECTOR('',#4336,1.);
#4336 = DIRECTION('',(1.,0.,0.));
#4337 = ORIENTED_EDGE('',*,*,#4252,.T.);
#4338 = ORIENTED_EDGE('',*,*,#4339,.T.);
#4339 = EDGE_CURVE('',#4255,#4295,#4340,.T.);
#4340 = LINE('',#4341,#4342);
#4341 = CARTESIAN_POINT('',(16.5,14.1,24.45));
#4342 = VECTOR('',#4343,1.);
#4343 = DIRECTION('',(1.,0.,0.));
#4344 = ORIENTED_EDGE('',*,*,#4292,.F.);
#4345 = PLANE('',#4346);
#4346 = AXIS2_PLACEMENT_3D('',#4347,#4348,#4349);
#4347 = CARTESIAN_POINT('',(16.5,14.1,9.45));
#4348 = DIRECTION('',(0.,1.,0.));
#4349 = DIRECTION('',(0.,0.,1.));
#4350 = ADVANCED_FACE('',(#4351),#4367,.T.);
#4351 = FACE_BOUND('',#4352,.T.);
#4352 = EDGE_LOOP('',(#4353,#4359,#4360,#4366));
#4353 = ORIENTED_EDGE('',*,*,#4354,.F.);
#4354 = EDGE_CURVE('',#4263,#4303,#4355,.T.);
#4355 = LINE('',#4356,#4357);
#4356 = CARTESIAN_POINT('',(16.5,31.9,9.45));
#4357 = VECTOR('',#4358,1.);
#4358 = DIRECTION('',(1.,0.,0.));
#4359 = ORIENTED_EDGE('',*,*,#4270,.T.);
#4360 = ORIENTED_EDGE('',*,*,#4361,.T.);
#4361 = EDGE_CURVE('',#4271,#4311,#4362,.T.);
#4362 = LINE('',#4363,#4364);
#4363 = CARTESIAN_POINT('',(16.5,31.9,24.45));
#4364 = VECTOR('',#4365,1.);
#4365 = DIRECTION('',(1.,0.,0.));
#4366 = ORIENTED_EDGE('',*,*,#4310,.F.);
#4367 = PLANE('',#4368);
#4368 = AXIS2_PLACEMENT_3D('',#4369,#4370,#4371);
#4369 = CARTESIAN_POINT('',(16.5,31.9,9.45));
#4370 = DIRECTION('',(0.,1.,0.));
#4371 = DIRECTION('',(0.,0.,1.));
#4372 = ADVANCED_FACE('',(#4373),#4379,.F.);
#4373 = FACE_BOUND('',#4374,.F.);
#4374 = EDGE_LOOP('',(#4375,#4376,#4377,#4378));
#4375 = ORIENTED_EDGE('',*,*,#4262,.F.);
#4376 = ORIENTED_EDGE('',*,*,#4332,.T.);
#4377 = ORIENTED_EDGE('',*,*,#4302,.T.);
#4378 = ORIENTED_EDGE('',*,*,#4354,.F.);
#4379 = PLANE('',#4380);
#4380 = AXIS2_PLACEMENT_3D('',#4381,#4382,#4383);
#4381 = CARTESIAN_POINT('',(16.5,14.1,9.45));
#4382 = DIRECTION('',(0.,0.,1.));
#4383 = DIRECTION('',(1.,0.,0.));
#4384 = ADVANCED_FACE('',(#4385),#4391,.T.);
#4385 = FACE_BOUND('',#4386,.T.);
#4386 = EDGE_LOOP('',(#4387,#4388,#4389,#4390));
#4387 = ORIENTED_EDGE('',*,*,#4278,.F.);
#4388 = ORIENTED_EDGE('',*,*,#4339,.T.);
#4389 = ORIENTED_EDGE('',*,*,#4318,.T.);
#4390 = ORIENTED_EDGE('',*,*,#4361,.F.);
#4391 = PLANE('',#4392);
#4392 = AXIS2_PLACEMENT_3D('',#4393,#4394,#4395);
#4393 = CARTESIAN_POINT('',(16.5,14.1,24.45));
#4394 = DIRECTION('',(0.,0.,1.));
#4395 = DIRECTION('',(1.,0.,0.));
#4396 = MANIFOLD_SOLID_BREP('',#4397);
#4397 = CLOSED_SHELL('',(#4398,#4438,#4478,#4500,#4522,#4534));
#4398 = ADVANCED_FACE('',(#4399),#4433,.F.);
#4399 = FACE_BOUND('',#4400,.F.);
#4400 = EDGE_LOOP('',(#4401,#4411,#4419,#4427));
#4401 = ORIENTED_EDGE('',*,*,#4402,.F.);
#4402 = EDGE_CURVE('',#4403,#4405,#4407,.T.);
#4403 = VERTEX_POINT('',#4404);
#4404 = CARTESIAN_POINT('',(18.,14.,24.8));
#4405 = VERTEX_POINT('',#4406);
#4406 = CARTESIAN_POINT('',(18.,14.,28.8));
#4407 = LINE('',#4408,#4409);
#4408 = CARTESIAN_POINT('',(18.,14.,24.8));
#4409 = VECTOR('',#4410,1.);
#4410 = DIRECTION('',(0.,0.,1.));
#4411 = ORIENTED_EDGE('',*,*,#4412,.T.);
#4412 = EDGE_CURVE('',#4403,#4413,#4415,.T.);
#4413 = VERTEX_POINT('',#4414);
#4414 = CARTESIAN_POINT('',(18.,32.,24.8));
#4415 = LINE('',#4416,#4417);
#4416 = CARTESIAN_POINT('',(18.,14.,24.8));
#4417 = VECTOR('',#4418,1.);
#4418 = DIRECTION('',(0.,1.,0.));
#4419 = ORIENTED_EDGE('',*,*,#4420,.T.);
#4420 = EDGE_CURVE('',#4413,#4421,#4423,.T.);
#4421 = VERTEX_POINT('',#4422);
#4422 = CARTESIAN_POINT('',(18.,32.,28.8));
#4423 = LINE('',#4424,#4425);
#4424 = CARTESIAN_POINT('',(18.,32.,24.8));
#4425 = VECTOR('',#4426,1.);
#4426 = DIRECTION('',(0.,0.,1.));
#4427 = ORIENTED_EDGE('',*,*,#4428,.F.);
#4428 = EDGE_CURVE('',#4405,#4421,#4429,.T.);
#4429 = LINE('',#4430,#4431);
#4430 = CARTESIAN_POINT('',(18.,14.,28.8));
#4431 = VECTOR('',#4432,1.);
#4432 = DIRECTION('',(0.,1.,0.));
#4433 = PLANE('',#4434);
#4434 = AXIS2_PLACEMENT_3D('',#4435,#4436,#4437);
#4435 = CARTESIAN_POINT('',(18.,14.,24.8));
#4436 = DIRECTION('',(1.,0.,0.));
#4437 = DIRECTION('',(0.,0.,1.));
#4438 = ADVANCED_FACE('',(#4439),#4473,.T.);
#4439 = FACE_BOUND('',#4440,.T.);
#4440 = EDGE_LOOP('',(#4441,#4451,#4459,#4467));
#4441 = ORIENTED_EDGE('',*,*,#4442,.F.);
#4442 = EDGE_CURVE('',#4443,#4445,#4447,.T.);
#4443 = VERTEX_POINT('',#4444);
#4444 = CARTESIAN_POINT('',(36.,14.,24.8));
#4445 = VERTEX_POINT('',#4446);
#4446 = CARTESIAN_POINT('',(36.,14.,28.8));
#4447 = LINE('',#4448,#4449);
#4448 = CARTESIAN_POINT('',(36.,14.,24.8));
#4449 = VECTOR('',#4450,1.);
#4450 = DIRECTION('',(0.,0.,1.));
#4451 = ORIENTED_EDGE('',*,*,#4452,.T.);
#4452 = EDGE_CURVE('',#4443,#4453,#4455,.T.);
#4453 = VERTEX_POINT('',#4454);
#4454 = CARTESIAN_POINT('',(36.,32.,24.8));
#4455 = LINE('',#4456,#4457);
#4456 = CARTESIAN_POINT('',(36.,14.,24.8));
#4457 = VECTOR('',#4458,1.);
#4458 = DIRECTION('',(0.,1.,0.));
#4459 = ORIENTED_EDGE('',*,*,#4460,.T.);
#4460 = EDGE_CURVE('',#4453,#4461,#4463,.T.);
#4461 = VERTEX_POINT('',#4462);
#4462 = CARTESIAN_POINT('',(36.,32.,28.8));
#4463 = LINE('',#4464,#4465);
#4464 = CARTESIAN_POINT('',(36.,32.,24.8));
#4465 = VECTOR('',#4466,1.);
#4466 = DIRECTION('',(0.,0.,1.));
#4467 = ORIENTED_EDGE('',*,*,#4468,.F.);
#4468 = EDGE_CURVE('',#4445,#4461,#4469,.T.);
#4469 = LINE('',#4470,#4471);
#4470 = CARTESIAN_POINT('',(36.,14.,28.8));
#4471 = VECTOR('',#4472,1.);
#4472 = DIRECTION('',(0.,1.,0.));
#4473 = PLANE('',#4474);
#4474 = AXIS2_PLACEMENT_3D('',#4475,#4476,#4477);
#4475 = CARTESIAN_POINT('',(36.,14.,24.8));
#4476 = DIRECTION('',(1.,0.,0.));
#4477 = DIRECTION('',(0.,0.,1.));
#4478 = ADVANCED_FACE('',(#4479),#4495,.F.);
#4479 = FACE_BOUND('',#4480,.F.);
#4480 = EDGE_LOOP('',(#4481,#4487,#4488,#4494));
#4481 = ORIENTED_EDGE('',*,*,#4482,.F.);
#4482 = EDGE_CURVE('',#4403,#4443,#4483,.T.);
#4483 = LINE('',#4484,#4485);
#4484 = CARTESIAN_POINT('',(18.,14.,24.8));
#4485 = VECTOR('',#4486,1.);
#4486 = DIRECTION('',(1.,0.,0.));
#4487 = ORIENTED_EDGE('',*,*,#4402,.T.);
#4488 = ORIENTED_EDGE('',*,*,#4489,.T.);
#4489 = EDGE_CURVE('',#4405,#4445,#4490,.T.);
#4490 = LINE('',#4491,#4492);
#4491 = CARTESIAN_POINT('',(18.,14.,28.8));
#4492 = VECTOR('',#4493,1.);
#4493 = DIRECTION('',(1.,0.,0.));
#4494 = ORIENTED_EDGE('',*,*,#4442,.F.);
#4495 = PLANE('',#4496);
#4496 = AXIS2_PLACEMENT_3D('',#4497,#4498,#4499);
#4497 = CARTESIAN_POINT('',(18.,14.,24.8));
#4498 = DIRECTION('',(0.,1.,0.));
#4499 = DIRECTION('',(0.,0.,1.));
#4500 = ADVANCED_FACE('',(#4501),#4517,.T.);
#4501 = FACE_BOUND('',#4502,.T.);
#4502 = EDGE_LOOP('',(#4503,#4509,#4510,#4516));
#4503 = ORIENTED_EDGE('',*,*,#4504,.F.);
#4504 = EDGE_CURVE('',#4413,#4453,#4505,.T.);
#4505 = LINE('',#4506,#4507);
#4506 = CARTESIAN_POINT('',(18.,32.,24.8));
#4507 = VECTOR('',#4508,1.);
#4508 = DIRECTION('',(1.,0.,0.));
#4509 = ORIENTED_EDGE('',*,*,#4420,.T.);
#4510 = ORIENTED_EDGE('',*,*,#4511,.T.);
#4511 = EDGE_CURVE('',#4421,#4461,#4512,.T.);
#4512 = LINE('',#4513,#4514);
#4513 = CARTESIAN_POINT('',(18.,32.,28.8));
#4514 = VECTOR('',#4515,1.);
#4515 = DIRECTION('',(1.,0.,0.));
#4516 = ORIENTED_EDGE('',*,*,#4460,.F.);
#4517 = PLANE('',#4518);
#4518 = AXIS2_PLACEMENT_3D('',#4519,#4520,#4521);
#4519 = CARTESIAN_POINT('',(18.,32.,24.8));
#4520 = DIRECTION('',(0.,1.,0.));
#4521 = DIRECTION('',(0.,0.,1.));
#4522 = ADVANCED_FACE('',(#4523),#4529,.F.);
#4523 = FACE_BOUND('',#4524,.F.);
#4524 = EDGE_LOOP('',(#4525,#4526,#4527,#4528));
#4525 = ORIENTED_EDGE('',*,*,#4412,.F.);
#4526 = ORIENTED_EDGE('',*,*,#4482,.T.);
#4527 = ORIENTED_EDGE('',*,*,#4452,.T.);
#4528 = ORIENTED_EDGE('',*,*,#4504,.F.);
#4529 = PLANE('',#4530);
#4530 = AXIS2_PLACEMENT_3D('',#4531,#4532,#4533);
#4531 = CARTESIAN_POINT('',(18.,14.,24.8));
#4532 = DIRECTION('',(0.,0.,1.));
#4533 = DIRECTION('',(1.,0.,0.));
#4534 = ADVANCED_FACE('',(#4535),#4541,.T.);
#4535 = FACE_BOUND('',#4536,.T.);
#4536 = EDGE_LOOP('',(#4537,#4538,#4539,#4540));
#4537 = ORIENTED_EDGE('',*,*,#4428,.F.);
#4538 = ORIENTED_EDGE('',*,*,#4489,.T.);
#4539 = ORIENTED_EDGE('',*,*,#4468,.T.);
#4540 = ORIENTED_EDGE('',*,*,#4511,.F.);
#4541 = PLANE('',#4542);
#4542 = AXIS2_PLACEMENT_3D('',#4543,#4544,#4545);
#4543 = CARTESIAN_POINT('',(18.,14.,28.8));
#4544 = DIRECTION('',(0.,0.,1.));
#4545 = DIRECTION('',(1.,0.,0.));
#4546 = MANIFOLD_SOLID_BREP('',#4547);
#4547 = CLOSED_SHELL('',(#4548,#4590,#4756,#4780,#4839,#4890,#4907,#5075
    ,#5099,#5274,#5299,#5357,#5382,#5406,#5431,#5489,#5507,#5524,#5541,
    #5592,#5604,#5626,#5643,#5660,#5672,#5689,#5706,#5723,#5740,#5757,
    #5774,#5791,#5808,#5825,#5842,#5859,#5876,#5893,#5910,#5927,#5944,
    #5956,#6060,#6082,#6099,#6116,#6128,#6153,#6178,#6203,#6228,#6253,
    #6278,#6303,#6328,#6348,#6357,#6377,#6386,#6406,#6415,#6424,#6444,
    #6469,#6494,#6519,#6544,#6553,#6562,#6571));
#4548 = ADVANCED_FACE('',(#4549),#4585,.T.);
#4549 = FACE_BOUND('',#4550,.T.);
#4550 = EDGE_LOOP('',(#4551,#4562,#4570,#4579));
#4551 = ORIENTED_EDGE('',*,*,#4552,.F.);
#4552 = EDGE_CURVE('',#4553,#4555,#4557,.T.);
#4553 = VERTEX_POINT('',#4554);
#4554 = CARTESIAN_POINT('',(76.,6.,34.));
#4555 = VERTEX_POINT('',#4556);
#4556 = CARTESIAN_POINT('',(82.,0.,34.));
#4557 = CIRCLE('',#4558,6.);
#4558 = AXIS2_PLACEMENT_3D('',#4559,#4560,#4561);
#4559 = CARTESIAN_POINT('',(82.,6.,34.));
#4560 = DIRECTION('',(0.,0.,1.));
#4561 = DIRECTION('',(1.,0.,0.));
#4562 = ORIENTED_EDGE('',*,*,#4563,.F.);
#4563 = EDGE_CURVE('',#4564,#4553,#4566,.T.);
#4564 = VERTEX_POINT('',#4565);
#4565 = CARTESIAN_POINT('',(76.,6.,0.));
#4566 = LINE('',#4567,#4568);
#4567 = CARTESIAN_POINT('',(76.,6.,0.));
#4568 = VECTOR('',#4569,1.);
#4569 = DIRECTION('',(0.,0.,1.));
#4570 = ORIENTED_EDGE('',*,*,#4571,.T.);
#4571 = EDGE_CURVE('',#4564,#4572,#4574,.T.);
#4572 = VERTEX_POINT('',#4573);
#4573 = CARTESIAN_POINT('',(82.,0.,0.));
#4574 = CIRCLE('',#4575,6.);
#4575 = AXIS2_PLACEMENT_3D('',#4576,#4577,#4578);
#4576 = CARTESIAN_POINT('',(82.,6.,0.));
#4577 = DIRECTION('',(0.,0.,1.));
#4578 = DIRECTION('',(1.,0.,0.));
#4579 = ORIENTED_EDGE('',*,*,#4580,.T.);
#4580 = EDGE_CURVE('',#4572,#4555,#4581,.T.);
#4581 = LINE('',#4582,#4583);
#4582 = CARTESIAN_POINT('',(82.,0.,0.));
#4583 = VECTOR('',#4584,1.);
#4584 = DIRECTION('',(0.,0.,1.));
#4585 = CYLINDRICAL_SURFACE('',#4586,6.);
#4586 = AXIS2_PLACEMENT_3D('',#4587,#4588,#4589);
#4587 = CARTESIAN_POINT('',(82.,6.,0.));
#4588 = DIRECTION('',(0.,0.,1.));
#4589 = DIRECTION('',(1.,0.,0.));
#4590 = ADVANCED_FACE('',(#4591),#4751,.T.);
#4591 = FACE_BOUND('',#4592,.T.);
#4592 = EDGE_LOOP('',(#4593,#4601,#4602,#4610,#4619,#4627,#4636,#4644,
    #4652,#4660,#4669,#4677,#4686,#4694,#4703,#4711,#4720,#4728,#4736,
    #4744));
#4593 = ORIENTED_EDGE('',*,*,#4594,.F.);
#4594 = EDGE_CURVE('',#4553,#4595,#4597,.T.);
#4595 = VERTEX_POINT('',#4596);
#4596 = CARTESIAN_POINT('',(76.,80.,34.));
#4597 = LINE('',#4598,#4599);
#4598 = CARTESIAN_POINT('',(76.,6.,34.));
#4599 = VECTOR('',#4600,1.);
#4600 = DIRECTION('',(0.,1.,0.));
#4601 = ORIENTED_EDGE('',*,*,#4552,.T.);
#4602 = ORIENTED_EDGE('',*,*,#4603,.T.);
#4603 = EDGE_CURVE('',#4555,#4604,#4606,.T.);
#4604 = VERTEX_POINT('',#4605);
#4605 = CARTESIAN_POINT('',(182.,0.,34.));
#4606 = LINE('',#4607,#4608);
#4607 = CARTESIAN_POINT('',(82.,0.,34.));
#4608 = VECTOR('',#4609,1.);
#4609 = DIRECTION('',(1.,0.,0.));
#4610 = ORIENTED_EDGE('',*,*,#4611,.T.);
#4611 = EDGE_CURVE('',#4604,#4612,#4614,.T.);
#4612 = VERTEX_POINT('',#4613);
#4613 = CARTESIAN_POINT('',(188.,6.,34.));
#4614 = CIRCLE('',#4615,6.);
#4615 = AXIS2_PLACEMENT_3D('',#4616,#4617,#4618);
#4616 = CARTESIAN_POINT('',(182.,6.,34.));
#4617 = DIRECTION('',(0.,0.,1.));
#4618 = DIRECTION('',(1.,0.,0.));
#4619 = ORIENTED_EDGE('',*,*,#4620,.T.);
#4620 = EDGE_CURVE('',#4612,#4621,#4623,.T.);
#4621 = VERTEX_POINT('',#4622);
#4622 = CARTESIAN_POINT('',(188.,80.,34.));
#4623 = LINE('',#4624,#4625);
#4624 = CARTESIAN_POINT('',(188.,6.,34.));
#4625 = VECTOR('',#4626,1.);
#4626 = DIRECTION('',(0.,1.,0.));
#4627 = ORIENTED_EDGE('',*,*,#4628,.T.);
#4628 = EDGE_CURVE('',#4621,#4629,#4631,.T.);
#4629 = VERTEX_POINT('',#4630);
#4630 = CARTESIAN_POINT('',(182.,86.,34.));
#4631 = CIRCLE('',#4632,6.);
#4632 = AXIS2_PLACEMENT_3D('',#4633,#4634,#4635);
#4633 = CARTESIAN_POINT('',(182.,80.,34.));
#4634 = DIRECTION('',(0.,0.,1.));
#4635 = DIRECTION('',(1.,0.,0.));
#4636 = ORIENTED_EDGE('',*,*,#4637,.F.);
#4637 = EDGE_CURVE('',#4638,#4629,#4640,.T.);
#4638 = VERTEX_POINT('',#4639);
#4639 = CARTESIAN_POINT('',(108.,86.,34.));
#4640 = LINE('',#4641,#4642);
#4641 = CARTESIAN_POINT('',(82.,86.,34.));
#4642 = VECTOR('',#4643,1.);
#4643 = DIRECTION('',(1.,0.,0.));
#4644 = ORIENTED_EDGE('',*,*,#4645,.F.);
#4645 = EDGE_CURVE('',#4646,#4638,#4648,.T.);
#4646 = VERTEX_POINT('',#4647);
#4647 = CARTESIAN_POINT('',(108.,83.6,34.));
#4648 = LINE('',#4649,#4650);
#4649 = CARTESIAN_POINT('',(108.,63.05,34.));
#4650 = VECTOR('',#4651,1.);
#4651 = DIRECTION('',(0.,1.,0.));
#4652 = ORIENTED_EDGE('',*,*,#4653,.F.);
#4653 = EDGE_CURVE('',#4654,#4646,#4656,.T.);
#4654 = VERTEX_POINT('',#4655);
#4655 = CARTESIAN_POINT('',(182.,83.6,34.));
#4656 = LINE('',#4657,#4658);
#4657 = CARTESIAN_POINT('',(107.,83.6,34.));
#4658 = VECTOR('',#4659,1.);
#4659 = DIRECTION('',(-1.,0.,0.));
#4660 = ORIENTED_EDGE('',*,*,#4661,.F.);
#4661 = EDGE_CURVE('',#4662,#4654,#4664,.T.);
#4662 = VERTEX_POINT('',#4663);
#4663 = CARTESIAN_POINT('',(185.6,80.,34.));
#4664 = CIRCLE('',#4665,3.6);
#4665 = AXIS2_PLACEMENT_3D('',#4666,#4667,#4668);
#4666 = CARTESIAN_POINT('',(182.,80.,34.));
#4667 = DIRECTION('',(0.,0.,1.));
#4668 = DIRECTION('',(1.,0.,0.));
#4669 = ORIENTED_EDGE('',*,*,#4670,.F.);
#4670 = EDGE_CURVE('',#4671,#4662,#4673,.T.);
#4671 = VERTEX_POINT('',#4672);
#4672 = CARTESIAN_POINT('',(185.6,6.,34.));
#4673 = LINE('',#4674,#4675);
#4674 = CARTESIAN_POINT('',(185.6,24.5,34.));
#4675 = VECTOR('',#4676,1.);
#4676 = DIRECTION('',(0.,1.,0.));
#4677 = ORIENTED_EDGE('',*,*,#4678,.F.);
#4678 = EDGE_CURVE('',#4679,#4671,#4681,.T.);
#4679 = VERTEX_POINT('',#4680);
#4680 = CARTESIAN_POINT('',(182.,2.4,34.));
#4681 = CIRCLE('',#4682,3.6);
#4682 = AXIS2_PLACEMENT_3D('',#4683,#4684,#4685);
#4683 = CARTESIAN_POINT('',(182.,6.,34.));
#4684 = DIRECTION('',(0.,0.,1.));
#4685 = DIRECTION('',(1.,0.,0.));
#4686 = ORIENTED_EDGE('',*,*,#4687,.T.);
#4687 = EDGE_CURVE('',#4679,#4688,#4690,.T.);
#4688 = VERTEX_POINT('',#4689);
#4689 = CARTESIAN_POINT('',(82.,2.4,34.));
#4690 = LINE('',#4691,#4692);
#4691 = CARTESIAN_POINT('',(107.,2.4,34.));
#4692 = VECTOR('',#4693,1.);
#4693 = DIRECTION('',(-1.,0.,0.));
#4694 = ORIENTED_EDGE('',*,*,#4695,.F.);
#4695 = EDGE_CURVE('',#4696,#4688,#4698,.T.);
#4696 = VERTEX_POINT('',#4697);
#4697 = CARTESIAN_POINT('',(78.4,6.,34.));
#4698 = CIRCLE('',#4699,3.6);
#4699 = AXIS2_PLACEMENT_3D('',#4700,#4701,#4702);
#4700 = CARTESIAN_POINT('',(82.,6.,34.));
#4701 = DIRECTION('',(0.,0.,1.));
#4702 = DIRECTION('',(1.,0.,0.));
#4703 = ORIENTED_EDGE('',*,*,#4704,.T.);
#4704 = EDGE_CURVE('',#4696,#4705,#4707,.T.);
#4705 = VERTEX_POINT('',#4706);
#4706 = CARTESIAN_POINT('',(78.4,80.,34.));
#4707 = LINE('',#4708,#4709);
#4708 = CARTESIAN_POINT('',(78.4,24.5,34.));
#4709 = VECTOR('',#4710,1.);
#4710 = DIRECTION('',(0.,1.,0.));
#4711 = ORIENTED_EDGE('',*,*,#4712,.F.);
#4712 = EDGE_CURVE('',#4713,#4705,#4715,.T.);
#4713 = VERTEX_POINT('',#4714);
#4714 = CARTESIAN_POINT('',(82.,83.6,34.));
#4715 = CIRCLE('',#4716,3.6);
#4716 = AXIS2_PLACEMENT_3D('',#4717,#4718,#4719);
#4717 = CARTESIAN_POINT('',(82.,80.,34.));
#4718 = DIRECTION('',(0.,0.,1.));
#4719 = DIRECTION('',(1.,0.,0.));
#4720 = ORIENTED_EDGE('',*,*,#4721,.F.);
#4721 = EDGE_CURVE('',#4722,#4713,#4724,.T.);
#4722 = VERTEX_POINT('',#4723);
#4723 = CARTESIAN_POINT('',(86.,83.6,34.));
#4724 = LINE('',#4725,#4726);
#4725 = CARTESIAN_POINT('',(107.,83.6,34.));
#4726 = VECTOR('',#4727,1.);
#4727 = DIRECTION('',(-1.,0.,0.));
#4728 = ORIENTED_EDGE('',*,*,#4729,.T.);
#4729 = EDGE_CURVE('',#4722,#4730,#4732,.T.);
#4730 = VERTEX_POINT('',#4731);
#4731 = CARTESIAN_POINT('',(86.,86.,34.));
#4732 = LINE('',#4733,#4734);
#4733 = CARTESIAN_POINT('',(86.,63.05,34.));
#4734 = VECTOR('',#4735,1.);
#4735 = DIRECTION('',(0.,1.,0.));
#4736 = ORIENTED_EDGE('',*,*,#4737,.F.);
#4737 = EDGE_CURVE('',#4738,#4730,#4740,.T.);
#4738 = VERTEX_POINT('',#4739);
#4739 = CARTESIAN_POINT('',(82.,86.,34.));
#4740 = LINE('',#4741,#4742);
#4741 = CARTESIAN_POINT('',(82.,86.,34.));
#4742 = VECTOR('',#4743,1.);
#4743 = DIRECTION('',(1.,0.,0.));
#4744 = ORIENTED_EDGE('',*,*,#4745,.T.);
#4745 = EDGE_CURVE('',#4738,#4595,#4746,.T.);
#4746 = CIRCLE('',#4747,6.);
#4747 = AXIS2_PLACEMENT_3D('',#4748,#4749,#4750);
#4748 = CARTESIAN_POINT('',(82.,80.,34.));
#4749 = DIRECTION('',(0.,0.,1.));
#4750 = DIRECTION('',(1.,0.,0.));
#4751 = PLANE('',#4752);
#4752 = AXIS2_PLACEMENT_3D('',#4753,#4754,#4755);
#4753 = CARTESIAN_POINT('',(132.,43.,34.));
#4754 = DIRECTION('',(0.,0.,1.));
#4755 = DIRECTION('',(1.,0.,0.));
#4756 = ADVANCED_FACE('',(#4757),#4775,.F.);
#4757 = FACE_BOUND('',#4758,.F.);
#4758 = EDGE_LOOP('',(#4759,#4767,#4768,#4769));
#4759 = ORIENTED_EDGE('',*,*,#4760,.F.);
#4760 = EDGE_CURVE('',#4572,#4761,#4763,.T.);
#4761 = VERTEX_POINT('',#4762);
#4762 = CARTESIAN_POINT('',(182.,0.,0.));
#4763 = LINE('',#4764,#4765);
#4764 = CARTESIAN_POINT('',(82.,0.,0.));
#4765 = VECTOR('',#4766,1.);
#4766 = DIRECTION('',(1.,0.,0.));
#4767 = ORIENTED_EDGE('',*,*,#4580,.T.);
#4768 = ORIENTED_EDGE('',*,*,#4603,.T.);
#4769 = ORIENTED_EDGE('',*,*,#4770,.F.);
#4770 = EDGE_CURVE('',#4761,#4604,#4771,.T.);
#4771 = LINE('',#4772,#4773);
#4772 = CARTESIAN_POINT('',(182.,0.,0.));
#4773 = VECTOR('',#4774,1.);
#4774 = DIRECTION('',(0.,0.,1.));
#4775 = PLANE('',#4776);
#4776 = AXIS2_PLACEMENT_3D('',#4777,#4778,#4779);
#4777 = CARTESIAN_POINT('',(82.,0.,0.));
#4778 = DIRECTION('',(0.,1.,0.));
#4779 = DIRECTION('',(0.,0.,1.));
#4780 = ADVANCED_FACE('',(#4781),#4834,.T.);
#4781 = FACE_BOUND('',#4782,.T.);
#4782 = EDGE_LOOP('',(#4783,#4784,#4792,#4801,#4809,#4818,#4826,#4833));
#4783 = ORIENTED_EDGE('',*,*,#4571,.F.);
#4784 = ORIENTED_EDGE('',*,*,#4785,.T.);
#4785 = EDGE_CURVE('',#4564,#4786,#4788,.T.);
#4786 = VERTEX_POINT('',#4787);
#4787 = CARTESIAN_POINT('',(76.,80.,0.));
#4788 = LINE('',#4789,#4790);
#4789 = CARTESIAN_POINT('',(76.,6.,0.));
#4790 = VECTOR('',#4791,1.);
#4791 = DIRECTION('',(0.,1.,0.));
#4792 = ORIENTED_EDGE('',*,*,#4793,.F.);
#4793 = EDGE_CURVE('',#4794,#4786,#4796,.T.);
#4794 = VERTEX_POINT('',#4795);
#4795 = CARTESIAN_POINT('',(82.,86.,0.));
#4796 = CIRCLE('',#4797,6.);
#4797 = AXIS2_PLACEMENT_3D('',#4798,#4799,#4800);
#4798 = CARTESIAN_POINT('',(82.,80.,0.));
#4799 = DIRECTION('',(0.,0.,1.));
#4800 = DIRECTION('',(1.,0.,0.));
#4801 = ORIENTED_EDGE('',*,*,#4802,.T.);
#4802 = EDGE_CURVE('',#4794,#4803,#4805,.T.);
#4803 = VERTEX_POINT('',#4804);
#4804 = CARTESIAN_POINT('',(182.,86.,0.));
#4805 = LINE('',#4806,#4807);
#4806 = CARTESIAN_POINT('',(82.,86.,0.));
#4807 = VECTOR('',#4808,1.);
#4808 = DIRECTION('',(1.,0.,0.));
#4809 = ORIENTED_EDGE('',*,*,#4810,.F.);
#4810 = EDGE_CURVE('',#4811,#4803,#4813,.T.);
#4811 = VERTEX_POINT('',#4812);
#4812 = CARTESIAN_POINT('',(188.,80.,0.));
#4813 = CIRCLE('',#4814,6.);
#4814 = AXIS2_PLACEMENT_3D('',#4815,#4816,#4817);
#4815 = CARTESIAN_POINT('',(182.,80.,0.));
#4816 = DIRECTION('',(0.,0.,1.));
#4817 = DIRECTION('',(1.,0.,0.));
#4818 = ORIENTED_EDGE('',*,*,#4819,.F.);
#4819 = EDGE_CURVE('',#4820,#4811,#4822,.T.);
#4820 = VERTEX_POINT('',#4821);
#4821 = CARTESIAN_POINT('',(188.,6.,0.));
#4822 = LINE('',#4823,#4824);
#4823 = CARTESIAN_POINT('',(188.,6.,0.));
#4824 = VECTOR('',#4825,1.);
#4825 = DIRECTION('',(0.,1.,0.));
#4826 = ORIENTED_EDGE('',*,*,#4827,.F.);
#4827 = EDGE_CURVE('',#4761,#4820,#4828,.T.);
#4828 = CIRCLE('',#4829,6.);
#4829 = AXIS2_PLACEMENT_3D('',#4830,#4831,#4832);
#4830 = CARTESIAN_POINT('',(182.,6.,0.));
#4831 = DIRECTION('',(0.,0.,1.));
#4832 = DIRECTION('',(1.,0.,0.));
#4833 = ORIENTED_EDGE('',*,*,#4760,.F.);
#4834 = PLANE('',#4835);
#4835 = AXIS2_PLACEMENT_3D('',#4836,#4837,#4838);
#4836 = CARTESIAN_POINT('',(132.,43.,0.));
#4837 = DIRECTION('',(-0.,-0.,-1.));
#4838 = DIRECTION('',(-1.,0.,0.));
#4839 = ADVANCED_FACE('',(#4840,#4851),#4885,.F.);
#4840 = FACE_BOUND('',#4841,.F.);
#4841 = EDGE_LOOP('',(#4842,#4843,#4844,#4850));
#4842 = ORIENTED_EDGE('',*,*,#4563,.F.);
#4843 = ORIENTED_EDGE('',*,*,#4785,.T.);
#4844 = ORIENTED_EDGE('',*,*,#4845,.T.);
#4845 = EDGE_CURVE('',#4786,#4595,#4846,.T.);
#4846 = LINE('',#4847,#4848);
#4847 = CARTESIAN_POINT('',(76.,80.,0.));
#4848 = VECTOR('',#4849,1.);
#4849 = DIRECTION('',(0.,0.,1.));
#4850 = ORIENTED_EDGE('',*,*,#4594,.F.);
#4851 = FACE_BOUND('',#4852,.F.);
#4852 = EDGE_LOOP('',(#4853,#4863,#4871,#4879));
#4853 = ORIENTED_EDGE('',*,*,#4854,.T.);
#4854 = EDGE_CURVE('',#4855,#4857,#4859,.T.);
#4855 = VERTEX_POINT('',#4856);
#4856 = CARTESIAN_POINT('',(76.,72.,8.));
#4857 = VERTEX_POINT('',#4858);
#4858 = CARTESIAN_POINT('',(76.,62.,8.));
#4859 = LINE('',#4860,#4861);
#4860 = CARTESIAN_POINT('',(76.,34.,8.));
#4861 = VECTOR('',#4862,1.);
#4862 = DIRECTION('',(0.,-1.,0.));
#4863 = ORIENTED_EDGE('',*,*,#4864,.T.);
#4864 = EDGE_CURVE('',#4857,#4865,#4867,.T.);
#4865 = VERTEX_POINT('',#4866);
#4866 = CARTESIAN_POINT('',(76.,62.,15.));
#4867 = LINE('',#4868,#4869);
#4868 = CARTESIAN_POINT('',(76.,62.,4.));
#4869 = VECTOR('',#4870,1.);
#4870 = DIRECTION('',(0.,0.,1.));
#4871 = ORIENTED_EDGE('',*,*,#4872,.F.);
#4872 = EDGE_CURVE('',#4873,#4865,#4875,.T.);
#4873 = VERTEX_POINT('',#4874);
#4874 = CARTESIAN_POINT('',(76.,72.,15.));
#4875 = LINE('',#4876,#4877);
#4876 = CARTESIAN_POINT('',(76.,34.,15.));
#4877 = VECTOR('',#4878,1.);
#4878 = DIRECTION('',(0.,-1.,0.));
#4879 = ORIENTED_EDGE('',*,*,#4880,.F.);
#4880 = EDGE_CURVE('',#4855,#4873,#4881,.T.);
#4881 = LINE('',#4882,#4883);
#4882 = CARTESIAN_POINT('',(76.,72.,4.));
#4883 = VECTOR('',#4884,1.);
#4884 = DIRECTION('',(0.,0.,1.));
#4885 = PLANE('',#4886);
#4886 = AXIS2_PLACEMENT_3D('',#4887,#4888,#4889);
#4887 = CARTESIAN_POINT('',(76.,6.,0.));
#4888 = DIRECTION('',(1.,0.,0.));
#4889 = DIRECTION('',(0.,0.,1.));
#4890 = ADVANCED_FACE('',(#4891),#4902,.T.);
#4891 = FACE_BOUND('',#4892,.T.);
#4892 = EDGE_LOOP('',(#4893,#4894,#4900,#4901));
#4893 = ORIENTED_EDGE('',*,*,#4745,.F.);
#4894 = ORIENTED_EDGE('',*,*,#4895,.F.);
#4895 = EDGE_CURVE('',#4794,#4738,#4896,.T.);
#4896 = LINE('',#4897,#4898);
#4897 = CARTESIAN_POINT('',(82.,86.,0.));
#4898 = VECTOR('',#4899,1.);
#4899 = DIRECTION('',(0.,0.,1.));
#4900 = ORIENTED_EDGE('',*,*,#4793,.T.);
#4901 = ORIENTED_EDGE('',*,*,#4845,.T.);
#4902 = CYLINDRICAL_SURFACE('',#4903,6.);
#4903 = AXIS2_PLACEMENT_3D('',#4904,#4905,#4906);
#4904 = CARTESIAN_POINT('',(82.,80.,0.));
#4905 = DIRECTION('',(0.,0.,1.));
#4906 = DIRECTION('',(1.,0.,0.));
#4907 = ADVANCED_FACE('',(#4908),#5070,.T.);
#4908 = FACE_BOUND('',#4909,.T.);
#4909 = EDGE_LOOP('',(#4910,#4911,#4912,#4913,#4921,#4929,#4937,#4945,
    #4953,#4961,#4969,#4977,#4985,#4993,#5001,#5009,#5017,#5025,#5033,
    #5041,#5049,#5057,#5063,#5064));
#4910 = ORIENTED_EDGE('',*,*,#4802,.F.);
#4911 = ORIENTED_EDGE('',*,*,#4895,.T.);
#4912 = ORIENTED_EDGE('',*,*,#4737,.T.);
#4913 = ORIENTED_EDGE('',*,*,#4914,.T.);
#4914 = EDGE_CURVE('',#4730,#4915,#4917,.T.);
#4915 = VERTEX_POINT('',#4916);
#4916 = CARTESIAN_POINT('',(86.,86.,17.));
#4917 = LINE('',#4918,#4919);
#4918 = CARTESIAN_POINT('',(86.,86.,8.5));
#4919 = VECTOR('',#4920,1.);
#4920 = DIRECTION('',(0.,0.,-1.));
#4921 = ORIENTED_EDGE('',*,*,#4922,.T.);
#4922 = EDGE_CURVE('',#4915,#4923,#4925,.T.);
#4923 = VERTEX_POINT('',#4924);
#4924 = CARTESIAN_POINT('',(88.,86.,17.));
#4925 = LINE('',#4926,#4927);
#4926 = CARTESIAN_POINT('',(84.,86.,17.));
#4927 = VECTOR('',#4928,1.);
#4928 = DIRECTION('',(1.,0.,0.));
#4929 = ORIENTED_EDGE('',*,*,#4930,.F.);
#4930 = EDGE_CURVE('',#4931,#4923,#4933,.T.);
#4931 = VERTEX_POINT('',#4932);
#4932 = CARTESIAN_POINT('',(88.,86.,34.));
#4933 = LINE('',#4934,#4935);
#4934 = CARTESIAN_POINT('',(88.,86.,8.5));
#4935 = VECTOR('',#4936,1.);
#4936 = DIRECTION('',(0.,0.,-1.));
#4937 = ORIENTED_EDGE('',*,*,#4938,.T.);
#4938 = EDGE_CURVE('',#4931,#4939,#4941,.T.);
#4939 = VERTEX_POINT('',#4940);
#4940 = CARTESIAN_POINT('',(91.,86.,34.));
#4941 = LINE('',#4942,#4943);
#4942 = CARTESIAN_POINT('',(82.,86.,34.));
#4943 = VECTOR('',#4944,1.);
#4944 = DIRECTION('',(1.,0.,0.));
#4945 = ORIENTED_EDGE('',*,*,#4946,.T.);
#4946 = EDGE_CURVE('',#4939,#4947,#4949,.T.);
#4947 = VERTEX_POINT('',#4948);
#4948 = CARTESIAN_POINT('',(91.,86.,17.));
#4949 = LINE('',#4950,#4951);
#4950 = CARTESIAN_POINT('',(91.,86.,8.5));
#4951 = VECTOR('',#4952,1.);
#4952 = DIRECTION('',(0.,0.,-1.));
#4953 = ORIENTED_EDGE('',*,*,#4954,.T.);
#4954 = EDGE_CURVE('',#4947,#4955,#4957,.T.);
#4955 = VERTEX_POINT('',#4956);
#4956 = CARTESIAN_POINT('',(93.,86.,17.));
#4957 = LINE('',#4958,#4959);
#4958 = CARTESIAN_POINT('',(86.5,86.,17.));
#4959 = VECTOR('',#4960,1.);
#4960 = DIRECTION('',(1.,0.,0.));
#4961 = ORIENTED_EDGE('',*,*,#4962,.F.);
#4962 = EDGE_CURVE('',#4963,#4955,#4965,.T.);
#4963 = VERTEX_POINT('',#4964);
#4964 = CARTESIAN_POINT('',(93.,86.,34.));
#4965 = LINE('',#4966,#4967);
#4966 = CARTESIAN_POINT('',(93.,86.,8.5));
#4967 = VECTOR('',#4968,1.);
#4968 = DIRECTION('',(0.,0.,-1.));
#4969 = ORIENTED_EDGE('',*,*,#4970,.T.);
#4970 = EDGE_CURVE('',#4963,#4971,#4973,.T.);
#4971 = VERTEX_POINT('',#4972);
#4972 = CARTESIAN_POINT('',(96.,86.,34.));
#4973 = LINE('',#4974,#4975);
#4974 = CARTESIAN_POINT('',(82.,86.,34.));
#4975 = VECTOR('',#4976,1.);
#4976 = DIRECTION('',(1.,0.,0.));
#4977 = ORIENTED_EDGE('',*,*,#4978,.T.);
#4978 = EDGE_CURVE('',#4971,#4979,#4981,.T.);
#4979 = VERTEX_POINT('',#4980);
#4980 = CARTESIAN_POINT('',(96.,86.,17.));
#4981 = LINE('',#4982,#4983);
#4982 = CARTESIAN_POINT('',(96.,86.,8.5));
#4983 = VECTOR('',#4984,1.);
#4984 = DIRECTION('',(0.,0.,-1.));
#4985 = ORIENTED_EDGE('',*,*,#4986,.T.);
#4986 = EDGE_CURVE('',#4979,#4987,#4989,.T.);
#4987 = VERTEX_POINT('',#4988);
#4988 = CARTESIAN_POINT('',(98.,86.,17.));
#4989 = LINE('',#4990,#4991);
#4990 = CARTESIAN_POINT('',(89.,86.,17.));
#4991 = VECTOR('',#4992,1.);
#4992 = DIRECTION('',(1.,0.,0.));
#4993 = ORIENTED_EDGE('',*,*,#4994,.F.);
#4994 = EDGE_CURVE('',#4995,#4987,#4997,.T.);
#4995 = VERTEX_POINT('',#4996);
#4996 = CARTESIAN_POINT('',(98.,86.,34.));
#4997 = LINE('',#4998,#4999);
#4998 = CARTESIAN_POINT('',(98.,86.,8.5));
#4999 = VECTOR('',#5000,1.);
#5000 = DIRECTION('',(0.,0.,-1.));
#5001 = ORIENTED_EDGE('',*,*,#5002,.T.);
#5002 = EDGE_CURVE('',#4995,#5003,#5005,.T.);
#5003 = VERTEX_POINT('',#5004);
#5004 = CARTESIAN_POINT('',(101.,86.,34.));
#5005 = LINE('',#5006,#5007);
#5006 = CARTESIAN_POINT('',(82.,86.,34.));
#5007 = VECTOR('',#5008,1.);
#5008 = DIRECTION('',(1.,0.,0.));
#5009 = ORIENTED_EDGE('',*,*,#5010,.T.);
#5010 = EDGE_CURVE('',#5003,#5011,#5013,.T.);
#5011 = VERTEX_POINT('',#5012);
#5012 = CARTESIAN_POINT('',(101.,86.,17.));
#5013 = LINE('',#5014,#5015);
#5014 = CARTESIAN_POINT('',(101.,86.,8.5));
#5015 = VECTOR('',#5016,1.);
#5016 = DIRECTION('',(0.,0.,-1.));
#5017 = ORIENTED_EDGE('',*,*,#5018,.T.);
#5018 = EDGE_CURVE('',#5011,#5019,#5021,.T.);
#5019 = VERTEX_POINT('',#5020);
#5020 = CARTESIAN_POINT('',(103.,86.,17.));
#5021 = LINE('',#5022,#5023);
#5022 = CARTESIAN_POINT('',(91.5,86.,17.));
#5023 = VECTOR('',#5024,1.);
#5024 = DIRECTION('',(1.,0.,0.));
#5025 = ORIENTED_EDGE('',*,*,#5026,.F.);
#5026 = EDGE_CURVE('',#5027,#5019,#5029,.T.);
#5027 = VERTEX_POINT('',#5028);
#5028 = CARTESIAN_POINT('',(103.,86.,34.));
#5029 = LINE('',#5030,#5031);
#5030 = CARTESIAN_POINT('',(103.,86.,8.5));
#5031 = VECTOR('',#5032,1.);
#5032 = DIRECTION('',(0.,0.,-1.));
#5033 = ORIENTED_EDGE('',*,*,#5034,.T.);
#5034 = EDGE_CURVE('',#5027,#5035,#5037,.T.);
#5035 = VERTEX_POINT('',#5036);
#5036 = CARTESIAN_POINT('',(106.,86.,34.));
#5037 = LINE('',#5038,#5039);
#5038 = CARTESIAN_POINT('',(82.,86.,34.));
#5039 = VECTOR('',#5040,1.);
#5040 = DIRECTION('',(1.,0.,0.));
#5041 = ORIENTED_EDGE('',*,*,#5042,.T.);
#5042 = EDGE_CURVE('',#5035,#5043,#5045,.T.);
#5043 = VERTEX_POINT('',#5044);
#5044 = CARTESIAN_POINT('',(106.,86.,17.));
#5045 = LINE('',#5046,#5047);
#5046 = CARTESIAN_POINT('',(106.,86.,8.5));
#5047 = VECTOR('',#5048,1.);
#5048 = DIRECTION('',(0.,0.,-1.));
#5049 = ORIENTED_EDGE('',*,*,#5050,.T.);
#5050 = EDGE_CURVE('',#5043,#5051,#5053,.T.);
#5051 = VERTEX_POINT('',#5052);
#5052 = CARTESIAN_POINT('',(108.,86.,17.));
#5053 = LINE('',#5054,#5055);
#5054 = CARTESIAN_POINT('',(94.,86.,17.));
#5055 = VECTOR('',#5056,1.);
#5056 = DIRECTION('',(1.,0.,0.));
#5057 = ORIENTED_EDGE('',*,*,#5058,.F.);
#5058 = EDGE_CURVE('',#4638,#5051,#5059,.T.);
#5059 = LINE('',#5060,#5061);
#5060 = CARTESIAN_POINT('',(108.,86.,8.5));
#5061 = VECTOR('',#5062,1.);
#5062 = DIRECTION('',(0.,0.,-1.));
#5063 = ORIENTED_EDGE('',*,*,#4637,.T.);
#5064 = ORIENTED_EDGE('',*,*,#5065,.F.);
#5065 = EDGE_CURVE('',#4803,#4629,#5066,.T.);
#5066 = LINE('',#5067,#5068);
#5067 = CARTESIAN_POINT('',(182.,86.,0.));
#5068 = VECTOR('',#5069,1.);
#5069 = DIRECTION('',(0.,0.,1.));
#5070 = PLANE('',#5071);
#5071 = AXIS2_PLACEMENT_3D('',#5072,#5073,#5074);
#5072 = CARTESIAN_POINT('',(82.,86.,0.));
#5073 = DIRECTION('',(0.,1.,0.));
#5074 = DIRECTION('',(0.,0.,1.));
#5075 = ADVANCED_FACE('',(#5076),#5094,.T.);
#5076 = FACE_BOUND('',#5077,.T.);
#5077 = EDGE_LOOP('',(#5078,#5086,#5092,#5093));
#5078 = ORIENTED_EDGE('',*,*,#5079,.T.);
#5079 = EDGE_CURVE('',#4722,#5080,#5082,.T.);
#5080 = VERTEX_POINT('',#5081);
#5081 = CARTESIAN_POINT('',(86.,83.6,17.));
#5082 = LINE('',#5083,#5084);
#5083 = CARTESIAN_POINT('',(86.,83.6,9.7));
#5084 = VECTOR('',#5085,1.);
#5085 = DIRECTION('',(0.,0.,-1.));
#5086 = ORIENTED_EDGE('',*,*,#5087,.T.);
#5087 = EDGE_CURVE('',#5080,#4915,#5088,.T.);
#5088 = LINE('',#5089,#5090);
#5089 = CARTESIAN_POINT('',(86.,83.1,17.));
#5090 = VECTOR('',#5091,1.);
#5091 = DIRECTION('',(0.,1.,0.));
#5092 = ORIENTED_EDGE('',*,*,#4914,.F.);
#5093 = ORIENTED_EDGE('',*,*,#4729,.F.);
#5094 = PLANE('',#5095);
#5095 = AXIS2_PLACEMENT_3D('',#5096,#5097,#5098);
#5096 = CARTESIAN_POINT('',(86.,83.1,17.));
#5097 = DIRECTION('',(1.,0.,0.));
#5098 = DIRECTION('',(0.,0.,1.));
#5099 = ADVANCED_FACE('',(#5100),#5269,.F.);
#5100 = FACE_BOUND('',#5101,.F.);
#5101 = EDGE_LOOP('',(#5102,#5112,#5118,#5119,#5120,#5128,#5136,#5144,
    #5152,#5160,#5168,#5176,#5184,#5192,#5200,#5208,#5216,#5224,#5232,
    #5240,#5248,#5256,#5262,#5263));
#5102 = ORIENTED_EDGE('',*,*,#5103,.F.);
#5103 = EDGE_CURVE('',#5104,#5106,#5108,.T.);
#5104 = VERTEX_POINT('',#5105);
#5105 = CARTESIAN_POINT('',(82.,83.6,2.4));
#5106 = VERTEX_POINT('',#5107);
#5107 = CARTESIAN_POINT('',(182.,83.6,2.4));
#5108 = LINE('',#5109,#5110);
#5109 = CARTESIAN_POINT('',(82.,83.6,2.4));
#5110 = VECTOR('',#5111,1.);
#5111 = DIRECTION('',(1.,0.,0.));
#5112 = ORIENTED_EDGE('',*,*,#5113,.T.);
#5113 = EDGE_CURVE('',#5104,#4713,#5114,.T.);
#5114 = LINE('',#5115,#5116);
#5115 = CARTESIAN_POINT('',(82.,83.6,2.4));
#5116 = VECTOR('',#5117,1.);
#5117 = DIRECTION('',(0.,0.,1.));
#5118 = ORIENTED_EDGE('',*,*,#4721,.F.);
#5119 = ORIENTED_EDGE('',*,*,#5079,.T.);
#5120 = ORIENTED_EDGE('',*,*,#5121,.T.);
#5121 = EDGE_CURVE('',#5080,#5122,#5124,.T.);
#5122 = VERTEX_POINT('',#5123);
#5123 = CARTESIAN_POINT('',(88.,83.6,17.));
#5124 = LINE('',#5125,#5126);
#5125 = CARTESIAN_POINT('',(84.,83.6,17.));
#5126 = VECTOR('',#5127,1.);
#5127 = DIRECTION('',(1.,0.,0.));
#5128 = ORIENTED_EDGE('',*,*,#5129,.F.);
#5129 = EDGE_CURVE('',#5130,#5122,#5132,.T.);
#5130 = VERTEX_POINT('',#5131);
#5131 = CARTESIAN_POINT('',(88.,83.6,34.));
#5132 = LINE('',#5133,#5134);
#5133 = CARTESIAN_POINT('',(88.,83.6,9.7));
#5134 = VECTOR('',#5135,1.);
#5135 = DIRECTION('',(0.,0.,-1.));
#5136 = ORIENTED_EDGE('',*,*,#5137,.F.);
#5137 = EDGE_CURVE('',#5138,#5130,#5140,.T.);
#5138 = VERTEX_POINT('',#5139);
#5139 = CARTESIAN_POINT('',(91.,83.6,34.));
#5140 = LINE('',#5141,#5142);
#5141 = CARTESIAN_POINT('',(107.,83.6,34.));
#5142 = VECTOR('',#5143,1.);
#5143 = DIRECTION('',(-1.,0.,0.));
#5144 = ORIENTED_EDGE('',*,*,#5145,.T.);
#5145 = EDGE_CURVE('',#5138,#5146,#5148,.T.);
#5146 = VERTEX_POINT('',#5147);
#5147 = CARTESIAN_POINT('',(91.,83.6,17.));
#5148 = LINE('',#5149,#5150);
#5149 = CARTESIAN_POINT('',(91.,83.6,9.7));
#5150 = VECTOR('',#5151,1.);
#5151 = DIRECTION('',(0.,0.,-1.));
#5152 = ORIENTED_EDGE('',*,*,#5153,.T.);
#5153 = EDGE_CURVE('',#5146,#5154,#5156,.T.);
#5154 = VERTEX_POINT('',#5155);
#5155 = CARTESIAN_POINT('',(93.,83.6,17.));
#5156 = LINE('',#5157,#5158);
#5157 = CARTESIAN_POINT('',(86.5,83.6,17.));
#5158 = VECTOR('',#5159,1.);
#5159 = DIRECTION('',(1.,0.,0.));
#5160 = ORIENTED_EDGE('',*,*,#5161,.F.);
#5161 = EDGE_CURVE('',#5162,#5154,#5164,.T.);
#5162 = VERTEX_POINT('',#5163);
#5163 = CARTESIAN_POINT('',(93.,83.6,34.));
#5164 = LINE('',#5165,#5166);
#5165 = CARTESIAN_POINT('',(93.,83.6,9.7));
#5166 = VECTOR('',#5167,1.);
#5167 = DIRECTION('',(0.,0.,-1.));
#5168 = ORIENTED_EDGE('',*,*,#5169,.F.);
#5169 = EDGE_CURVE('',#5170,#5162,#5172,.T.);
#5170 = VERTEX_POINT('',#5171);
#5171 = CARTESIAN_POINT('',(96.,83.6,34.));
#5172 = LINE('',#5173,#5174);
#5173 = CARTESIAN_POINT('',(107.,83.6,34.));
#5174 = VECTOR('',#5175,1.);
#5175 = DIRECTION('',(-1.,0.,0.));
#5176 = ORIENTED_EDGE('',*,*,#5177,.T.);
#5177 = EDGE_CURVE('',#5170,#5178,#5180,.T.);
#5178 = VERTEX_POINT('',#5179);
#5179 = CARTESIAN_POINT('',(96.,83.6,17.));
#5180 = LINE('',#5181,#5182);
#5181 = CARTESIAN_POINT('',(96.,83.6,9.7));
#5182 = VECTOR('',#5183,1.);
#5183 = DIRECTION('',(0.,0.,-1.));
#5184 = ORIENTED_EDGE('',*,*,#5185,.T.);
#5185 = EDGE_CURVE('',#5178,#5186,#5188,.T.);
#5186 = VERTEX_POINT('',#5187);
#5187 = CARTESIAN_POINT('',(98.,83.6,17.));
#5188 = LINE('',#5189,#5190);
#5189 = CARTESIAN_POINT('',(89.,83.6,17.));
#5190 = VECTOR('',#5191,1.);
#5191 = DIRECTION('',(1.,0.,0.));
#5192 = ORIENTED_EDGE('',*,*,#5193,.F.);
#5193 = EDGE_CURVE('',#5194,#5186,#5196,.T.);
#5194 = VERTEX_POINT('',#5195);
#5195 = CARTESIAN_POINT('',(98.,83.6,34.));
#5196 = LINE('',#5197,#5198);
#5197 = CARTESIAN_POINT('',(98.,83.6,9.7));
#5198 = VECTOR('',#5199,1.);
#5199 = DIRECTION('',(0.,0.,-1.));
#5200 = ORIENTED_EDGE('',*,*,#5201,.F.);
#5201 = EDGE_CURVE('',#5202,#5194,#5204,.T.);
#5202 = VERTEX_POINT('',#5203);
#5203 = CARTESIAN_POINT('',(101.,83.6,34.));
#5204 = LINE('',#5205,#5206);
#5205 = CARTESIAN_POINT('',(107.,83.6,34.));
#5206 = VECTOR('',#5207,1.);
#5207 = DIRECTION('',(-1.,0.,0.));
#5208 = ORIENTED_EDGE('',*,*,#5209,.T.);
#5209 = EDGE_CURVE('',#5202,#5210,#5212,.T.);
#5210 = VERTEX_POINT('',#5211);
#5211 = CARTESIAN_POINT('',(101.,83.6,17.));
#5212 = LINE('',#5213,#5214);
#5213 = CARTESIAN_POINT('',(101.,83.6,9.7));
#5214 = VECTOR('',#5215,1.);
#5215 = DIRECTION('',(0.,0.,-1.));
#5216 = ORIENTED_EDGE('',*,*,#5217,.T.);
#5217 = EDGE_CURVE('',#5210,#5218,#5220,.T.);
#5218 = VERTEX_POINT('',#5219);
#5219 = CARTESIAN_POINT('',(103.,83.6,17.));
#5220 = LINE('',#5221,#5222);
#5221 = CARTESIAN_POINT('',(91.5,83.6,17.));
#5222 = VECTOR('',#5223,1.);
#5223 = DIRECTION('',(1.,0.,0.));
#5224 = ORIENTED_EDGE('',*,*,#5225,.F.);
#5225 = EDGE_CURVE('',#5226,#5218,#5228,.T.);
#5226 = VERTEX_POINT('',#5227);
#5227 = CARTESIAN_POINT('',(103.,83.6,34.));
#5228 = LINE('',#5229,#5230);
#5229 = CARTESIAN_POINT('',(103.,83.6,9.7));
#5230 = VECTOR('',#5231,1.);
#5231 = DIRECTION('',(0.,0.,-1.));
#5232 = ORIENTED_EDGE('',*,*,#5233,.F.);
#5233 = EDGE_CURVE('',#5234,#5226,#5236,.T.);
#5234 = VERTEX_POINT('',#5235);
#5235 = CARTESIAN_POINT('',(106.,83.6,34.));
#5236 = LINE('',#5237,#5238);
#5237 = CARTESIAN_POINT('',(107.,83.6,34.));
#5238 = VECTOR('',#5239,1.);
#5239 = DIRECTION('',(-1.,0.,0.));
#5240 = ORIENTED_EDGE('',*,*,#5241,.T.);
#5241 = EDGE_CURVE('',#5234,#5242,#5244,.T.);
#5242 = VERTEX_POINT('',#5243);
#5243 = CARTESIAN_POINT('',(106.,83.6,17.));
#5244 = LINE('',#5245,#5246);
#5245 = CARTESIAN_POINT('',(106.,83.6,9.7));
#5246 = VECTOR('',#5247,1.);
#5247 = DIRECTION('',(0.,0.,-1.));
#5248 = ORIENTED_EDGE('',*,*,#5249,.T.);
#5249 = EDGE_CURVE('',#5242,#5250,#5252,.T.);
#5250 = VERTEX_POINT('',#5251);
#5251 = CARTESIAN_POINT('',(108.,83.6,17.));
#5252 = LINE('',#5253,#5254);
#5253 = CARTESIAN_POINT('',(94.,83.6,17.));
#5254 = VECTOR('',#5255,1.);
#5255 = DIRECTION('',(1.,0.,0.));
#5256 = ORIENTED_EDGE('',*,*,#5257,.F.);
#5257 = EDGE_CURVE('',#4646,#5250,#5258,.T.);
#5258 = LINE('',#5259,#5260);
#5259 = CARTESIAN_POINT('',(108.,83.6,9.7));
#5260 = VECTOR('',#5261,1.);
#5261 = DIRECTION('',(0.,0.,-1.));
#5262 = ORIENTED_EDGE('',*,*,#4653,.F.);
#5263 = ORIENTED_EDGE('',*,*,#5264,.F.);
#5264 = EDGE_CURVE('',#5106,#4654,#5265,.T.);
#5265 = LINE('',#5266,#5267);
#5266 = CARTESIAN_POINT('',(182.,83.6,2.4));
#5267 = VECTOR('',#5268,1.);
#5268 = DIRECTION('',(0.,0.,1.));
#5269 = PLANE('',#5270);
#5270 = AXIS2_PLACEMENT_3D('',#5271,#5272,#5273);
#5271 = CARTESIAN_POINT('',(82.,83.6,2.4));
#5272 = DIRECTION('',(0.,1.,0.));
#5273 = DIRECTION('',(0.,0.,1.));
#5274 = ADVANCED_FACE('',(#5275),#5294,.F.);
#5275 = FACE_BOUND('',#5276,.F.);
#5276 = EDGE_LOOP('',(#5277,#5278,#5279,#5288));
#5277 = ORIENTED_EDGE('',*,*,#4712,.F.);
#5278 = ORIENTED_EDGE('',*,*,#5113,.F.);
#5279 = ORIENTED_EDGE('',*,*,#5280,.T.);
#5280 = EDGE_CURVE('',#5104,#5281,#5283,.T.);
#5281 = VERTEX_POINT('',#5282);
#5282 = CARTESIAN_POINT('',(78.4,80.,2.4));
#5283 = CIRCLE('',#5284,3.6);
#5284 = AXIS2_PLACEMENT_3D('',#5285,#5286,#5287);
#5285 = CARTESIAN_POINT('',(82.,80.,2.4));
#5286 = DIRECTION('',(0.,0.,1.));
#5287 = DIRECTION('',(1.,0.,0.));
#5288 = ORIENTED_EDGE('',*,*,#5289,.T.);
#5289 = EDGE_CURVE('',#5281,#4705,#5290,.T.);
#5290 = LINE('',#5291,#5292);
#5291 = CARTESIAN_POINT('',(78.4,80.,2.4));
#5292 = VECTOR('',#5293,1.);
#5293 = DIRECTION('',(0.,0.,1.));
#5294 = CYLINDRICAL_SURFACE('',#5295,3.6);
#5295 = AXIS2_PLACEMENT_3D('',#5296,#5297,#5298);
#5296 = CARTESIAN_POINT('',(82.,80.,2.4));
#5297 = DIRECTION('',(0.,0.,1.));
#5298 = DIRECTION('',(1.,0.,0.));
#5299 = ADVANCED_FACE('',(#5300,#5318),#5352,.T.);
#5300 = FACE_BOUND('',#5301,.T.);
#5301 = EDGE_LOOP('',(#5302,#5310,#5316,#5317));
#5302 = ORIENTED_EDGE('',*,*,#5303,.F.);
#5303 = EDGE_CURVE('',#5304,#4696,#5306,.T.);
#5304 = VERTEX_POINT('',#5305);
#5305 = CARTESIAN_POINT('',(78.4,6.,2.4));
#5306 = LINE('',#5307,#5308);
#5307 = CARTESIAN_POINT('',(78.4,6.,2.4));
#5308 = VECTOR('',#5309,1.);
#5309 = DIRECTION('',(0.,0.,1.));
#5310 = ORIENTED_EDGE('',*,*,#5311,.T.);
#5311 = EDGE_CURVE('',#5304,#5281,#5312,.T.);
#5312 = LINE('',#5313,#5314);
#5313 = CARTESIAN_POINT('',(78.4,6.,2.4));
#5314 = VECTOR('',#5315,1.);
#5315 = DIRECTION('',(0.,1.,0.));
#5316 = ORIENTED_EDGE('',*,*,#5289,.T.);
#5317 = ORIENTED_EDGE('',*,*,#4704,.F.);
#5318 = FACE_BOUND('',#5319,.T.);
#5319 = EDGE_LOOP('',(#5320,#5330,#5338,#5346));
#5320 = ORIENTED_EDGE('',*,*,#5321,.T.);
#5321 = EDGE_CURVE('',#5322,#5324,#5326,.T.);
#5322 = VERTEX_POINT('',#5323);
#5323 = CARTESIAN_POINT('',(78.4,72.,8.));
#5324 = VERTEX_POINT('',#5325);
#5325 = CARTESIAN_POINT('',(78.4,62.,8.));
#5326 = LINE('',#5327,#5328);
#5327 = CARTESIAN_POINT('',(78.4,34.,8.));
#5328 = VECTOR('',#5329,1.);
#5329 = DIRECTION('',(0.,-1.,0.));
#5330 = ORIENTED_EDGE('',*,*,#5331,.T.);
#5331 = EDGE_CURVE('',#5324,#5332,#5334,.T.);
#5332 = VERTEX_POINT('',#5333);
#5333 = CARTESIAN_POINT('',(78.4,62.,15.));
#5334 = LINE('',#5335,#5336);
#5335 = CARTESIAN_POINT('',(78.4,62.,5.2));
#5336 = VECTOR('',#5337,1.);
#5337 = DIRECTION('',(0.,0.,1.));
#5338 = ORIENTED_EDGE('',*,*,#5339,.F.);
#5339 = EDGE_CURVE('',#5340,#5332,#5342,.T.);
#5340 = VERTEX_POINT('',#5341);
#5341 = CARTESIAN_POINT('',(78.4,72.,15.));
#5342 = LINE('',#5343,#5344);
#5343 = CARTESIAN_POINT('',(78.4,34.,15.));
#5344 = VECTOR('',#5345,1.);
#5345 = DIRECTION('',(0.,-1.,0.));
#5346 = ORIENTED_EDGE('',*,*,#5347,.F.);
#5347 = EDGE_CURVE('',#5322,#5340,#5348,.T.);
#5348 = LINE('',#5349,#5350);
#5349 = CARTESIAN_POINT('',(78.4,72.,5.2));
#5350 = VECTOR('',#5351,1.);
#5351 = DIRECTION('',(0.,0.,1.));
#5352 = PLANE('',#5353);
#5353 = AXIS2_PLACEMENT_3D('',#5354,#5355,#5356);
#5354 = CARTESIAN_POINT('',(78.4,6.,2.4));
#5355 = DIRECTION('',(1.,0.,0.));
#5356 = DIRECTION('',(0.,0.,1.));
#5357 = ADVANCED_FACE('',(#5358),#5377,.F.);
#5358 = FACE_BOUND('',#5359,.F.);
#5359 = EDGE_LOOP('',(#5360,#5361,#5362,#5371));
#5360 = ORIENTED_EDGE('',*,*,#4695,.F.);
#5361 = ORIENTED_EDGE('',*,*,#5303,.F.);
#5362 = ORIENTED_EDGE('',*,*,#5363,.T.);
#5363 = EDGE_CURVE('',#5304,#5364,#5366,.T.);
#5364 = VERTEX_POINT('',#5365);
#5365 = CARTESIAN_POINT('',(82.,2.4,2.4));
#5366 = CIRCLE('',#5367,3.6);
#5367 = AXIS2_PLACEMENT_3D('',#5368,#5369,#5370);
#5368 = CARTESIAN_POINT('',(82.,6.,2.4));
#5369 = DIRECTION('',(0.,0.,1.));
#5370 = DIRECTION('',(1.,0.,0.));
#5371 = ORIENTED_EDGE('',*,*,#5372,.T.);
#5372 = EDGE_CURVE('',#5364,#4688,#5373,.T.);
#5373 = LINE('',#5374,#5375);
#5374 = CARTESIAN_POINT('',(82.,2.4,2.4));
#5375 = VECTOR('',#5376,1.);
#5376 = DIRECTION('',(0.,0.,1.));
#5377 = CYLINDRICAL_SURFACE('',#5378,3.6);
#5378 = AXIS2_PLACEMENT_3D('',#5379,#5380,#5381);
#5379 = CARTESIAN_POINT('',(82.,6.,2.4));
#5380 = DIRECTION('',(0.,0.,1.));
#5381 = DIRECTION('',(1.,0.,0.));
#5382 = ADVANCED_FACE('',(#5383),#5401,.T.);
#5383 = FACE_BOUND('',#5384,.T.);
#5384 = EDGE_LOOP('',(#5385,#5393,#5394,#5395));
#5385 = ORIENTED_EDGE('',*,*,#5386,.F.);
#5386 = EDGE_CURVE('',#5364,#5387,#5389,.T.);
#5387 = VERTEX_POINT('',#5388);
#5388 = CARTESIAN_POINT('',(182.,2.4,2.4));
#5389 = LINE('',#5390,#5391);
#5390 = CARTESIAN_POINT('',(82.,2.4,2.4));
#5391 = VECTOR('',#5392,1.);
#5392 = DIRECTION('',(1.,0.,0.));
#5393 = ORIENTED_EDGE('',*,*,#5372,.T.);
#5394 = ORIENTED_EDGE('',*,*,#4687,.F.);
#5395 = ORIENTED_EDGE('',*,*,#5396,.F.);
#5396 = EDGE_CURVE('',#5387,#4679,#5397,.T.);
#5397 = LINE('',#5398,#5399);
#5398 = CARTESIAN_POINT('',(182.,2.4,2.4));
#5399 = VECTOR('',#5400,1.);
#5400 = DIRECTION('',(0.,0.,1.));
#5401 = PLANE('',#5402);
#5402 = AXIS2_PLACEMENT_3D('',#5403,#5404,#5405);
#5403 = CARTESIAN_POINT('',(82.,2.4,2.4));
#5404 = DIRECTION('',(0.,1.,0.));
#5405 = DIRECTION('',(0.,0.,1.));
#5406 = ADVANCED_FACE('',(#5407),#5426,.F.);
#5407 = FACE_BOUND('',#5408,.F.);
#5408 = EDGE_LOOP('',(#5409,#5410,#5411,#5420));
#5409 = ORIENTED_EDGE('',*,*,#4678,.F.);
#5410 = ORIENTED_EDGE('',*,*,#5396,.F.);
#5411 = ORIENTED_EDGE('',*,*,#5412,.T.);
#5412 = EDGE_CURVE('',#5387,#5413,#5415,.T.);
#5413 = VERTEX_POINT('',#5414);
#5414 = CARTESIAN_POINT('',(185.6,6.,2.4));
#5415 = CIRCLE('',#5416,3.6);
#5416 = AXIS2_PLACEMENT_3D('',#5417,#5418,#5419);
#5417 = CARTESIAN_POINT('',(182.,6.,2.4));
#5418 = DIRECTION('',(0.,0.,1.));
#5419 = DIRECTION('',(1.,0.,0.));
#5420 = ORIENTED_EDGE('',*,*,#5421,.T.);
#5421 = EDGE_CURVE('',#5413,#4671,#5422,.T.);
#5422 = LINE('',#5423,#5424);
#5423 = CARTESIAN_POINT('',(185.6,6.,2.4));
#5424 = VECTOR('',#5425,1.);
#5425 = DIRECTION('',(0.,0.,1.));
#5426 = CYLINDRICAL_SURFACE('',#5427,3.6);
#5427 = AXIS2_PLACEMENT_3D('',#5428,#5429,#5430);
#5428 = CARTESIAN_POINT('',(182.,6.,2.4));
#5429 = DIRECTION('',(0.,0.,1.));
#5430 = DIRECTION('',(1.,0.,0.));
#5431 = ADVANCED_FACE('',(#5432,#5450),#5484,.F.);
#5432 = FACE_BOUND('',#5433,.F.);
#5433 = EDGE_LOOP('',(#5434,#5435,#5443,#5449));
#5434 = ORIENTED_EDGE('',*,*,#5421,.F.);
#5435 = ORIENTED_EDGE('',*,*,#5436,.T.);
#5436 = EDGE_CURVE('',#5413,#5437,#5439,.T.);
#5437 = VERTEX_POINT('',#5438);
#5438 = CARTESIAN_POINT('',(185.6,80.,2.4));
#5439 = LINE('',#5440,#5441);
#5440 = CARTESIAN_POINT('',(185.6,6.,2.4));
#5441 = VECTOR('',#5442,1.);
#5442 = DIRECTION('',(0.,1.,0.));
#5443 = ORIENTED_EDGE('',*,*,#5444,.T.);
#5444 = EDGE_CURVE('',#5437,#4662,#5445,.T.);
#5445 = LINE('',#5446,#5447);
#5446 = CARTESIAN_POINT('',(185.6,80.,2.4));
#5447 = VECTOR('',#5448,1.);
#5448 = DIRECTION('',(0.,0.,1.));
#5449 = ORIENTED_EDGE('',*,*,#4670,.F.);
#5450 = FACE_BOUND('',#5451,.F.);
#5451 = EDGE_LOOP('',(#5452,#5462,#5470,#5478));
#5452 = ORIENTED_EDGE('',*,*,#5453,.T.);
#5453 = EDGE_CURVE('',#5454,#5456,#5458,.T.);
#5454 = VERTEX_POINT('',#5455);
#5455 = CARTESIAN_POINT('',(185.6,30.,12.));
#5456 = VERTEX_POINT('',#5457);
#5457 = CARTESIAN_POINT('',(185.6,14.,12.));
#5458 = LINE('',#5459,#5460);
#5459 = CARTESIAN_POINT('',(185.6,10.,12.));
#5460 = VECTOR('',#5461,1.);
#5461 = DIRECTION('',(0.,-1.,0.));
#5462 = ORIENTED_EDGE('',*,*,#5463,.T.);
#5463 = EDGE_CURVE('',#5456,#5464,#5466,.T.);
#5464 = VERTEX_POINT('',#5465);
#5465 = CARTESIAN_POINT('',(185.6,14.,22.));
#5466 = LINE('',#5467,#5468);
#5467 = CARTESIAN_POINT('',(185.6,14.,7.2));
#5468 = VECTOR('',#5469,1.);
#5469 = DIRECTION('',(0.,0.,1.));
#5470 = ORIENTED_EDGE('',*,*,#5471,.F.);
#5471 = EDGE_CURVE('',#5472,#5464,#5474,.T.);
#5472 = VERTEX_POINT('',#5473);
#5473 = CARTESIAN_POINT('',(185.6,30.,22.));
#5474 = LINE('',#5475,#5476);
#5475 = CARTESIAN_POINT('',(185.6,10.,22.));
#5476 = VECTOR('',#5477,1.);
#5477 = DIRECTION('',(0.,-1.,0.));
#5478 = ORIENTED_EDGE('',*,*,#5479,.F.);
#5479 = EDGE_CURVE('',#5454,#5472,#5480,.T.);
#5480 = LINE('',#5481,#5482);
#5481 = CARTESIAN_POINT('',(185.6,30.,7.2));
#5482 = VECTOR('',#5483,1.);
#5483 = DIRECTION('',(0.,0.,1.));
#5484 = PLANE('',#5485);
#5485 = AXIS2_PLACEMENT_3D('',#5486,#5487,#5488);
#5486 = CARTESIAN_POINT('',(185.6,6.,2.4));
#5487 = DIRECTION('',(1.,0.,0.));
#5488 = DIRECTION('',(0.,0.,1.));
#5489 = ADVANCED_FACE('',(#5490),#5502,.F.);
#5490 = FACE_BOUND('',#5491,.F.);
#5491 = EDGE_LOOP('',(#5492,#5493,#5494,#5501));
#5492 = ORIENTED_EDGE('',*,*,#4661,.F.);
#5493 = ORIENTED_EDGE('',*,*,#5444,.F.);
#5494 = ORIENTED_EDGE('',*,*,#5495,.T.);
#5495 = EDGE_CURVE('',#5437,#5106,#5496,.T.);
#5496 = CIRCLE('',#5497,3.6);
#5497 = AXIS2_PLACEMENT_3D('',#5498,#5499,#5500);
#5498 = CARTESIAN_POINT('',(182.,80.,2.4));
#5499 = DIRECTION('',(0.,0.,1.));
#5500 = DIRECTION('',(1.,0.,0.));
#5501 = ORIENTED_EDGE('',*,*,#5264,.T.);
#5502 = CYLINDRICAL_SURFACE('',#5503,3.6);
#5503 = AXIS2_PLACEMENT_3D('',#5504,#5505,#5506);
#5504 = CARTESIAN_POINT('',(182.,80.,2.4));
#5505 = DIRECTION('',(0.,0.,1.));
#5506 = DIRECTION('',(1.,0.,0.));
#5507 = ADVANCED_FACE('',(#5508),#5519,.F.);
#5508 = FACE_BOUND('',#5509,.F.);
#5509 = EDGE_LOOP('',(#5510,#5511,#5517,#5518));
#5510 = ORIENTED_EDGE('',*,*,#5257,.T.);
#5511 = ORIENTED_EDGE('',*,*,#5512,.T.);
#5512 = EDGE_CURVE('',#5250,#5051,#5513,.T.);
#5513 = LINE('',#5514,#5515);
#5514 = CARTESIAN_POINT('',(108.,83.1,17.));
#5515 = VECTOR('',#5516,1.);
#5516 = DIRECTION('',(0.,1.,0.));
#5517 = ORIENTED_EDGE('',*,*,#5058,.F.);
#5518 = ORIENTED_EDGE('',*,*,#4645,.F.);
#5519 = PLANE('',#5520);
#5520 = AXIS2_PLACEMENT_3D('',#5521,#5522,#5523);
#5521 = CARTESIAN_POINT('',(108.,83.1,17.));
#5522 = DIRECTION('',(1.,0.,0.));
#5523 = DIRECTION('',(0.,0.,1.));
#5524 = ADVANCED_FACE('',(#5525),#5536,.T.);
#5525 = FACE_BOUND('',#5526,.T.);
#5526 = EDGE_LOOP('',(#5527,#5528,#5534,#5535));
#5527 = ORIENTED_EDGE('',*,*,#4628,.F.);
#5528 = ORIENTED_EDGE('',*,*,#5529,.F.);
#5529 = EDGE_CURVE('',#4811,#4621,#5530,.T.);
#5530 = LINE('',#5531,#5532);
#5531 = CARTESIAN_POINT('',(188.,80.,0.));
#5532 = VECTOR('',#5533,1.);
#5533 = DIRECTION('',(0.,0.,1.));
#5534 = ORIENTED_EDGE('',*,*,#4810,.T.);
#5535 = ORIENTED_EDGE('',*,*,#5065,.T.);
#5536 = CYLINDRICAL_SURFACE('',#5537,6.);
#5537 = AXIS2_PLACEMENT_3D('',#5538,#5539,#5540);
#5538 = CARTESIAN_POINT('',(182.,80.,0.));
#5539 = DIRECTION('',(0.,0.,1.));
#5540 = DIRECTION('',(1.,0.,0.));
#5541 = ADVANCED_FACE('',(#5542,#5553),#5587,.T.);
#5542 = FACE_BOUND('',#5543,.T.);
#5543 = EDGE_LOOP('',(#5544,#5550,#5551,#5552));
#5544 = ORIENTED_EDGE('',*,*,#5545,.F.);
#5545 = EDGE_CURVE('',#4820,#4612,#5546,.T.);
#5546 = LINE('',#5547,#5548);
#5547 = CARTESIAN_POINT('',(188.,6.,0.));
#5548 = VECTOR('',#5549,1.);
#5549 = DIRECTION('',(0.,0.,1.));
#5550 = ORIENTED_EDGE('',*,*,#4819,.T.);
#5551 = ORIENTED_EDGE('',*,*,#5529,.T.);
#5552 = ORIENTED_EDGE('',*,*,#4620,.F.);
#5553 = FACE_BOUND('',#5554,.T.);
#5554 = EDGE_LOOP('',(#5555,#5565,#5573,#5581));
#5555 = ORIENTED_EDGE('',*,*,#5556,.T.);
#5556 = EDGE_CURVE('',#5557,#5559,#5561,.T.);
#5557 = VERTEX_POINT('',#5558);
#5558 = CARTESIAN_POINT('',(188.,30.,12.));
#5559 = VERTEX_POINT('',#5560);
#5560 = CARTESIAN_POINT('',(188.,14.,12.));
#5561 = LINE('',#5562,#5563);
#5562 = CARTESIAN_POINT('',(188.,10.,12.));
#5563 = VECTOR('',#5564,1.);
#5564 = DIRECTION('',(0.,-1.,0.));
#5565 = ORIENTED_EDGE('',*,*,#5566,.T.);
#5566 = EDGE_CURVE('',#5559,#5567,#5569,.T.);
#5567 = VERTEX_POINT('',#5568);
#5568 = CARTESIAN_POINT('',(188.,14.,22.));
#5569 = LINE('',#5570,#5571);
#5570 = CARTESIAN_POINT('',(188.,14.,6.));
#5571 = VECTOR('',#5572,1.);
#5572 = DIRECTION('',(0.,0.,1.));
#5573 = ORIENTED_EDGE('',*,*,#5574,.F.);
#5574 = EDGE_CURVE('',#5575,#5567,#5577,.T.);
#5575 = VERTEX_POINT('',#5576);
#5576 = CARTESIAN_POINT('',(188.,30.,22.));
#5577 = LINE('',#5578,#5579);
#5578 = CARTESIAN_POINT('',(188.,10.,22.));
#5579 = VECTOR('',#5580,1.);
#5580 = DIRECTION('',(0.,-1.,0.));
#5581 = ORIENTED_EDGE('',*,*,#5582,.F.);
#5582 = EDGE_CURVE('',#5557,#5575,#5583,.T.);
#5583 = LINE('',#5584,#5585);
#5584 = CARTESIAN_POINT('',(188.,30.,6.));
#5585 = VECTOR('',#5586,1.);
#5586 = DIRECTION('',(0.,0.,1.));
#5587 = PLANE('',#5588);
#5588 = AXIS2_PLACEMENT_3D('',#5589,#5590,#5591);
#5589 = CARTESIAN_POINT('',(188.,6.,0.));
#5590 = DIRECTION('',(1.,0.,0.));
#5591 = DIRECTION('',(0.,0.,1.));
#5592 = ADVANCED_FACE('',(#5593),#5599,.T.);
#5593 = FACE_BOUND('',#5594,.T.);
#5594 = EDGE_LOOP('',(#5595,#5596,#5597,#5598));
#5595 = ORIENTED_EDGE('',*,*,#4611,.F.);
#5596 = ORIENTED_EDGE('',*,*,#4770,.F.);
#5597 = ORIENTED_EDGE('',*,*,#4827,.T.);
#5598 = ORIENTED_EDGE('',*,*,#5545,.T.);
#5599 = CYLINDRICAL_SURFACE('',#5600,6.);
#5600 = AXIS2_PLACEMENT_3D('',#5601,#5602,#5603);
#5601 = CARTESIAN_POINT('',(182.,6.,0.));
#5602 = DIRECTION('',(0.,0.,1.));
#5603 = DIRECTION('',(1.,0.,0.));
#5604 = ADVANCED_FACE('',(#5605),#5621,.T.);
#5605 = FACE_BOUND('',#5606,.T.);
#5606 = EDGE_LOOP('',(#5607,#5613,#5614,#5620));
#5607 = ORIENTED_EDGE('',*,*,#5608,.F.);
#5608 = EDGE_CURVE('',#4855,#5322,#5609,.T.);
#5609 = LINE('',#5610,#5611);
#5610 = CARTESIAN_POINT('',(75.5,72.,8.));
#5611 = VECTOR('',#5612,1.);
#5612 = DIRECTION('',(1.,0.,0.));
#5613 = ORIENTED_EDGE('',*,*,#4854,.T.);
#5614 = ORIENTED_EDGE('',*,*,#5615,.T.);
#5615 = EDGE_CURVE('',#4857,#5324,#5616,.T.);
#5616 = LINE('',#5617,#5618);
#5617 = CARTESIAN_POINT('',(75.5,62.,8.));
#5618 = VECTOR('',#5619,1.);
#5619 = DIRECTION('',(1.,0.,0.));
#5620 = ORIENTED_EDGE('',*,*,#5321,.F.);
#5621 = PLANE('',#5622);
#5622 = AXIS2_PLACEMENT_3D('',#5623,#5624,#5625);
#5623 = CARTESIAN_POINT('',(75.5,62.,8.));
#5624 = DIRECTION('',(0.,0.,1.));
#5625 = DIRECTION('',(1.,0.,0.));
#5626 = ADVANCED_FACE('',(#5627),#5638,.F.);
#5627 = FACE_BOUND('',#5628,.F.);
#5628 = EDGE_LOOP('',(#5629,#5630,#5631,#5637));
#5629 = ORIENTED_EDGE('',*,*,#5608,.F.);
#5630 = ORIENTED_EDGE('',*,*,#4880,.T.);
#5631 = ORIENTED_EDGE('',*,*,#5632,.T.);
#5632 = EDGE_CURVE('',#4873,#5340,#5633,.T.);
#5633 = LINE('',#5634,#5635);
#5634 = CARTESIAN_POINT('',(75.5,72.,15.));
#5635 = VECTOR('',#5636,1.);
#5636 = DIRECTION('',(1.,0.,0.));
#5637 = ORIENTED_EDGE('',*,*,#5347,.F.);
#5638 = PLANE('',#5639);
#5639 = AXIS2_PLACEMENT_3D('',#5640,#5641,#5642);
#5640 = CARTESIAN_POINT('',(75.5,72.,8.));
#5641 = DIRECTION('',(0.,1.,0.));
#5642 = DIRECTION('',(0.,0.,1.));
#5643 = ADVANCED_FACE('',(#5644),#5655,.F.);
#5644 = FACE_BOUND('',#5645,.F.);
#5645 = EDGE_LOOP('',(#5646,#5647,#5648,#5654));
#5646 = ORIENTED_EDGE('',*,*,#5632,.F.);
#5647 = ORIENTED_EDGE('',*,*,#4872,.T.);
#5648 = ORIENTED_EDGE('',*,*,#5649,.T.);
#5649 = EDGE_CURVE('',#4865,#5332,#5650,.T.);
#5650 = LINE('',#5651,#5652);
#5651 = CARTESIAN_POINT('',(75.5,62.,15.));
#5652 = VECTOR('',#5653,1.);
#5653 = DIRECTION('',(1.,0.,0.));
#5654 = ORIENTED_EDGE('',*,*,#5339,.F.);
#5655 = PLANE('',#5656);
#5656 = AXIS2_PLACEMENT_3D('',#5657,#5658,#5659);
#5657 = CARTESIAN_POINT('',(75.5,62.,15.));
#5658 = DIRECTION('',(0.,0.,1.));
#5659 = DIRECTION('',(1.,0.,0.));
#5660 = ADVANCED_FACE('',(#5661),#5667,.T.);
#5661 = FACE_BOUND('',#5662,.T.);
#5662 = EDGE_LOOP('',(#5663,#5664,#5665,#5666));
#5663 = ORIENTED_EDGE('',*,*,#5615,.F.);
#5664 = ORIENTED_EDGE('',*,*,#4864,.T.);
#5665 = ORIENTED_EDGE('',*,*,#5649,.T.);
#5666 = ORIENTED_EDGE('',*,*,#5331,.F.);
#5667 = PLANE('',#5668);
#5668 = AXIS2_PLACEMENT_3D('',#5669,#5670,#5671);
#5669 = CARTESIAN_POINT('',(75.5,62.,8.));
#5670 = DIRECTION('',(0.,1.,0.));
#5671 = DIRECTION('',(0.,0.,1.));
#5672 = ADVANCED_FACE('',(#5673),#5684,.T.);
#5673 = FACE_BOUND('',#5674,.T.);
#5674 = EDGE_LOOP('',(#5675,#5681,#5682,#5683));
#5675 = ORIENTED_EDGE('',*,*,#5676,.F.);
#5676 = EDGE_CURVE('',#5242,#5043,#5677,.T.);
#5677 = LINE('',#5678,#5679);
#5678 = CARTESIAN_POINT('',(106.,83.1,17.));
#5679 = VECTOR('',#5680,1.);
#5680 = DIRECTION('',(0.,1.,0.));
#5681 = ORIENTED_EDGE('',*,*,#5249,.T.);
#5682 = ORIENTED_EDGE('',*,*,#5512,.T.);
#5683 = ORIENTED_EDGE('',*,*,#5050,.F.);
#5684 = PLANE('',#5685);
#5685 = AXIS2_PLACEMENT_3D('',#5686,#5687,#5688);
#5686 = CARTESIAN_POINT('',(106.,83.1,17.));
#5687 = DIRECTION('',(0.,0.,1.));
#5688 = DIRECTION('',(1.,0.,0.));
#5689 = ADVANCED_FACE('',(#5690),#5701,.T.);
#5690 = FACE_BOUND('',#5691,.T.);
#5691 = EDGE_LOOP('',(#5692,#5693,#5694,#5695));
#5692 = ORIENTED_EDGE('',*,*,#5241,.T.);
#5693 = ORIENTED_EDGE('',*,*,#5676,.T.);
#5694 = ORIENTED_EDGE('',*,*,#5042,.F.);
#5695 = ORIENTED_EDGE('',*,*,#5696,.F.);
#5696 = EDGE_CURVE('',#5234,#5035,#5697,.T.);
#5697 = LINE('',#5698,#5699);
#5698 = CARTESIAN_POINT('',(106.,63.05,34.));
#5699 = VECTOR('',#5700,1.);
#5700 = DIRECTION('',(0.,1.,0.));
#5701 = PLANE('',#5702);
#5702 = AXIS2_PLACEMENT_3D('',#5703,#5704,#5705);
#5703 = CARTESIAN_POINT('',(106.,83.1,17.));
#5704 = DIRECTION('',(1.,0.,0.));
#5705 = DIRECTION('',(0.,0.,1.));
#5706 = ADVANCED_FACE('',(#5707),#5718,.T.);
#5707 = FACE_BOUND('',#5708,.T.);
#5708 = EDGE_LOOP('',(#5709,#5710,#5711,#5717));
#5709 = ORIENTED_EDGE('',*,*,#5696,.T.);
#5710 = ORIENTED_EDGE('',*,*,#5034,.F.);
#5711 = ORIENTED_EDGE('',*,*,#5712,.F.);
#5712 = EDGE_CURVE('',#5226,#5027,#5713,.T.);
#5713 = LINE('',#5714,#5715);
#5714 = CARTESIAN_POINT('',(103.,63.05,34.));
#5715 = VECTOR('',#5716,1.);
#5716 = DIRECTION('',(0.,1.,0.));
#5717 = ORIENTED_EDGE('',*,*,#5233,.F.);
#5718 = PLANE('',#5719);
#5719 = AXIS2_PLACEMENT_3D('',#5720,#5721,#5722);
#5720 = CARTESIAN_POINT('',(132.,43.,34.));
#5721 = DIRECTION('',(0.,0.,1.));
#5722 = DIRECTION('',(1.,0.,0.));
#5723 = ADVANCED_FACE('',(#5724),#5735,.F.);
#5724 = FACE_BOUND('',#5725,.F.);
#5725 = EDGE_LOOP('',(#5726,#5727,#5733,#5734));
#5726 = ORIENTED_EDGE('',*,*,#5225,.T.);
#5727 = ORIENTED_EDGE('',*,*,#5728,.T.);
#5728 = EDGE_CURVE('',#5218,#5019,#5729,.T.);
#5729 = LINE('',#5730,#5731);
#5730 = CARTESIAN_POINT('',(103.,83.1,17.));
#5731 = VECTOR('',#5732,1.);
#5732 = DIRECTION('',(0.,1.,0.));
#5733 = ORIENTED_EDGE('',*,*,#5026,.F.);
#5734 = ORIENTED_EDGE('',*,*,#5712,.F.);
#5735 = PLANE('',#5736);
#5736 = AXIS2_PLACEMENT_3D('',#5737,#5738,#5739);
#5737 = CARTESIAN_POINT('',(103.,83.1,17.));
#5738 = DIRECTION('',(1.,0.,0.));
#5739 = DIRECTION('',(0.,0.,1.));
#5740 = ADVANCED_FACE('',(#5741),#5752,.T.);
#5741 = FACE_BOUND('',#5742,.T.);
#5742 = EDGE_LOOP('',(#5743,#5749,#5750,#5751));
#5743 = ORIENTED_EDGE('',*,*,#5744,.F.);
#5744 = EDGE_CURVE('',#5210,#5011,#5745,.T.);
#5745 = LINE('',#5746,#5747);
#5746 = CARTESIAN_POINT('',(101.,83.1,17.));
#5747 = VECTOR('',#5748,1.);
#5748 = DIRECTION('',(0.,1.,0.));
#5749 = ORIENTED_EDGE('',*,*,#5217,.T.);
#5750 = ORIENTED_EDGE('',*,*,#5728,.T.);
#5751 = ORIENTED_EDGE('',*,*,#5018,.F.);
#5752 = PLANE('',#5753);
#5753 = AXIS2_PLACEMENT_3D('',#5754,#5755,#5756);
#5754 = CARTESIAN_POINT('',(101.,83.1,17.));
#5755 = DIRECTION('',(0.,0.,1.));
#5756 = DIRECTION('',(1.,0.,0.));
#5757 = ADVANCED_FACE('',(#5758),#5769,.T.);
#5758 = FACE_BOUND('',#5759,.T.);
#5759 = EDGE_LOOP('',(#5760,#5761,#5762,#5763));
#5760 = ORIENTED_EDGE('',*,*,#5209,.T.);
#5761 = ORIENTED_EDGE('',*,*,#5744,.T.);
#5762 = ORIENTED_EDGE('',*,*,#5010,.F.);
#5763 = ORIENTED_EDGE('',*,*,#5764,.F.);
#5764 = EDGE_CURVE('',#5202,#5003,#5765,.T.);
#5765 = LINE('',#5766,#5767);
#5766 = CARTESIAN_POINT('',(101.,63.05,34.));
#5767 = VECTOR('',#5768,1.);
#5768 = DIRECTION('',(0.,1.,0.));
#5769 = PLANE('',#5770);
#5770 = AXIS2_PLACEMENT_3D('',#5771,#5772,#5773);
#5771 = CARTESIAN_POINT('',(101.,83.1,17.));
#5772 = DIRECTION('',(1.,0.,0.));
#5773 = DIRECTION('',(0.,0.,1.));
#5774 = ADVANCED_FACE('',(#5775),#5786,.T.);
#5775 = FACE_BOUND('',#5776,.T.);
#5776 = EDGE_LOOP('',(#5777,#5778,#5779,#5785));
#5777 = ORIENTED_EDGE('',*,*,#5764,.T.);
#5778 = ORIENTED_EDGE('',*,*,#5002,.F.);
#5779 = ORIENTED_EDGE('',*,*,#5780,.F.);
#5780 = EDGE_CURVE('',#5194,#4995,#5781,.T.);
#5781 = LINE('',#5782,#5783);
#5782 = CARTESIAN_POINT('',(98.,63.05,34.));
#5783 = VECTOR('',#5784,1.);
#5784 = DIRECTION('',(0.,1.,0.));
#5785 = ORIENTED_EDGE('',*,*,#5201,.F.);
#5786 = PLANE('',#5787);
#5787 = AXIS2_PLACEMENT_3D('',#5788,#5789,#5790);
#5788 = CARTESIAN_POINT('',(132.,43.,34.));
#5789 = DIRECTION('',(0.,0.,1.));
#5790 = DIRECTION('',(1.,0.,0.));
#5791 = ADVANCED_FACE('',(#5792),#5803,.F.);
#5792 = FACE_BOUND('',#5793,.F.);
#5793 = EDGE_LOOP('',(#5794,#5795,#5801,#5802));
#5794 = ORIENTED_EDGE('',*,*,#5193,.T.);
#5795 = ORIENTED_EDGE('',*,*,#5796,.T.);
#5796 = EDGE_CURVE('',#5186,#4987,#5797,.T.);
#5797 = LINE('',#5798,#5799);
#5798 = CARTESIAN_POINT('',(98.,83.1,17.));
#5799 = VECTOR('',#5800,1.);
#5800 = DIRECTION('',(0.,1.,0.));
#5801 = ORIENTED_EDGE('',*,*,#4994,.F.);
#5802 = ORIENTED_EDGE('',*,*,#5780,.F.);
#5803 = PLANE('',#5804);
#5804 = AXIS2_PLACEMENT_3D('',#5805,#5806,#5807);
#5805 = CARTESIAN_POINT('',(98.,83.1,17.));
#5806 = DIRECTION('',(1.,0.,0.));
#5807 = DIRECTION('',(0.,0.,1.));
#5808 = ADVANCED_FACE('',(#5809),#5820,.T.);
#5809 = FACE_BOUND('',#5810,.T.);
#5810 = EDGE_LOOP('',(#5811,#5817,#5818,#5819));
#5811 = ORIENTED_EDGE('',*,*,#5812,.F.);
#5812 = EDGE_CURVE('',#5178,#4979,#5813,.T.);
#5813 = LINE('',#5814,#5815);
#5814 = CARTESIAN_POINT('',(96.,83.1,17.));
#5815 = VECTOR('',#5816,1.);
#5816 = DIRECTION('',(0.,1.,0.));
#5817 = ORIENTED_EDGE('',*,*,#5185,.T.);
#5818 = ORIENTED_EDGE('',*,*,#5796,.T.);
#5819 = ORIENTED_EDGE('',*,*,#4986,.F.);
#5820 = PLANE('',#5821);
#5821 = AXIS2_PLACEMENT_3D('',#5822,#5823,#5824);
#5822 = CARTESIAN_POINT('',(96.,83.1,17.));
#5823 = DIRECTION('',(0.,0.,1.));
#5824 = DIRECTION('',(1.,0.,0.));
#5825 = ADVANCED_FACE('',(#5826),#5837,.T.);
#5826 = FACE_BOUND('',#5827,.T.);
#5827 = EDGE_LOOP('',(#5828,#5829,#5830,#5831));
#5828 = ORIENTED_EDGE('',*,*,#5177,.T.);
#5829 = ORIENTED_EDGE('',*,*,#5812,.T.);
#5830 = ORIENTED_EDGE('',*,*,#4978,.F.);
#5831 = ORIENTED_EDGE('',*,*,#5832,.F.);
#5832 = EDGE_CURVE('',#5170,#4971,#5833,.T.);
#5833 = LINE('',#5834,#5835);
#5834 = CARTESIAN_POINT('',(96.,63.05,34.));
#5835 = VECTOR('',#5836,1.);
#5836 = DIRECTION('',(0.,1.,0.));
#5837 = PLANE('',#5838);
#5838 = AXIS2_PLACEMENT_3D('',#5839,#5840,#5841);
#5839 = CARTESIAN_POINT('',(96.,83.1,17.));
#5840 = DIRECTION('',(1.,0.,0.));
#5841 = DIRECTION('',(0.,0.,1.));
#5842 = ADVANCED_FACE('',(#5843),#5854,.T.);
#5843 = FACE_BOUND('',#5844,.T.);
#5844 = EDGE_LOOP('',(#5845,#5846,#5847,#5853));
#5845 = ORIENTED_EDGE('',*,*,#5832,.T.);
#5846 = ORIENTED_EDGE('',*,*,#4970,.F.);
#5847 = ORIENTED_EDGE('',*,*,#5848,.F.);
#5848 = EDGE_CURVE('',#5162,#4963,#5849,.T.);
#5849 = LINE('',#5850,#5851);
#5850 = CARTESIAN_POINT('',(93.,63.05,34.));
#5851 = VECTOR('',#5852,1.);
#5852 = DIRECTION('',(0.,1.,0.));
#5853 = ORIENTED_EDGE('',*,*,#5169,.F.);
#5854 = PLANE('',#5855);
#5855 = AXIS2_PLACEMENT_3D('',#5856,#5857,#5858);
#5856 = CARTESIAN_POINT('',(132.,43.,34.));
#5857 = DIRECTION('',(0.,0.,1.));
#5858 = DIRECTION('',(1.,0.,0.));
#5859 = ADVANCED_FACE('',(#5860),#5871,.F.);
#5860 = FACE_BOUND('',#5861,.F.);
#5861 = EDGE_LOOP('',(#5862,#5863,#5869,#5870));
#5862 = ORIENTED_EDGE('',*,*,#5161,.T.);
#5863 = ORIENTED_EDGE('',*,*,#5864,.T.);
#5864 = EDGE_CURVE('',#5154,#4955,#5865,.T.);
#5865 = LINE('',#5866,#5867);
#5866 = CARTESIAN_POINT('',(93.,83.1,17.));
#5867 = VECTOR('',#5868,1.);
#5868 = DIRECTION('',(0.,1.,0.));
#5869 = ORIENTED_EDGE('',*,*,#4962,.F.);
#5870 = ORIENTED_EDGE('',*,*,#5848,.F.);
#5871 = PLANE('',#5872);
#5872 = AXIS2_PLACEMENT_3D('',#5873,#5874,#5875);
#5873 = CARTESIAN_POINT('',(93.,83.1,17.));
#5874 = DIRECTION('',(1.,0.,0.));
#5875 = DIRECTION('',(0.,0.,1.));
#5876 = ADVANCED_FACE('',(#5877),#5888,.T.);
#5877 = FACE_BOUND('',#5878,.T.);
#5878 = EDGE_LOOP('',(#5879,#5885,#5886,#5887));
#5879 = ORIENTED_EDGE('',*,*,#5880,.F.);
#5880 = EDGE_CURVE('',#5146,#4947,#5881,.T.);
#5881 = LINE('',#5882,#5883);
#5882 = CARTESIAN_POINT('',(91.,83.1,17.));
#5883 = VECTOR('',#5884,1.);
#5884 = DIRECTION('',(0.,1.,0.));
#5885 = ORIENTED_EDGE('',*,*,#5153,.T.);
#5886 = ORIENTED_EDGE('',*,*,#5864,.T.);
#5887 = ORIENTED_EDGE('',*,*,#4954,.F.);
#5888 = PLANE('',#5889);
#5889 = AXIS2_PLACEMENT_3D('',#5890,#5891,#5892);
#5890 = CARTESIAN_POINT('',(91.,83.1,17.));
#5891 = DIRECTION('',(0.,0.,1.));
#5892 = DIRECTION('',(1.,0.,0.));
#5893 = ADVANCED_FACE('',(#5894),#5905,.T.);
#5894 = FACE_BOUND('',#5895,.T.);
#5895 = EDGE_LOOP('',(#5896,#5897,#5898,#5899));
#5896 = ORIENTED_EDGE('',*,*,#5145,.T.);
#5897 = ORIENTED_EDGE('',*,*,#5880,.T.);
#5898 = ORIENTED_EDGE('',*,*,#4946,.F.);
#5899 = ORIENTED_EDGE('',*,*,#5900,.F.);
#5900 = EDGE_CURVE('',#5138,#4939,#5901,.T.);
#5901 = LINE('',#5902,#5903);
#5902 = CARTESIAN_POINT('',(91.,63.05,34.));
#5903 = VECTOR('',#5904,1.);
#5904 = DIRECTION('',(0.,1.,0.));
#5905 = PLANE('',#5906);
#5906 = AXIS2_PLACEMENT_3D('',#5907,#5908,#5909);
#5907 = CARTESIAN_POINT('',(91.,83.1,17.));
#5908 = DIRECTION('',(1.,0.,0.));
#5909 = DIRECTION('',(0.,0.,1.));
#5910 = ADVANCED_FACE('',(#5911),#5922,.T.);
#5911 = FACE_BOUND('',#5912,.T.);
#5912 = EDGE_LOOP('',(#5913,#5914,#5915,#5921));
#5913 = ORIENTED_EDGE('',*,*,#5900,.T.);
#5914 = ORIENTED_EDGE('',*,*,#4938,.F.);
#5915 = ORIENTED_EDGE('',*,*,#5916,.F.);
#5916 = EDGE_CURVE('',#5130,#4931,#5917,.T.);
#5917 = LINE('',#5918,#5919);
#5918 = CARTESIAN_POINT('',(88.,63.05,34.));
#5919 = VECTOR('',#5920,1.);
#5920 = DIRECTION('',(0.,1.,0.));
#5921 = ORIENTED_EDGE('',*,*,#5137,.F.);
#5922 = PLANE('',#5923);
#5923 = AXIS2_PLACEMENT_3D('',#5924,#5925,#5926);
#5924 = CARTESIAN_POINT('',(132.,43.,34.));
#5925 = DIRECTION('',(0.,0.,1.));
#5926 = DIRECTION('',(1.,0.,0.));
#5927 = ADVANCED_FACE('',(#5928),#5939,.F.);
#5928 = FACE_BOUND('',#5929,.F.);
#5929 = EDGE_LOOP('',(#5930,#5931,#5937,#5938));
#5930 = ORIENTED_EDGE('',*,*,#5129,.T.);
#5931 = ORIENTED_EDGE('',*,*,#5932,.T.);
#5932 = EDGE_CURVE('',#5122,#4923,#5933,.T.);
#5933 = LINE('',#5934,#5935);
#5934 = CARTESIAN_POINT('',(88.,83.1,17.));
#5935 = VECTOR('',#5936,1.);
#5936 = DIRECTION('',(0.,1.,0.));
#5937 = ORIENTED_EDGE('',*,*,#4930,.F.);
#5938 = ORIENTED_EDGE('',*,*,#5916,.F.);
#5939 = PLANE('',#5940);
#5940 = AXIS2_PLACEMENT_3D('',#5941,#5942,#5943);
#5941 = CARTESIAN_POINT('',(88.,83.1,17.));
#5942 = DIRECTION('',(1.,0.,0.));
#5943 = DIRECTION('',(0.,0.,1.));
#5944 = ADVANCED_FACE('',(#5945),#5951,.T.);
#5945 = FACE_BOUND('',#5946,.T.);
#5946 = EDGE_LOOP('',(#5947,#5948,#5949,#5950));
#5947 = ORIENTED_EDGE('',*,*,#5087,.F.);
#5948 = ORIENTED_EDGE('',*,*,#5121,.T.);
#5949 = ORIENTED_EDGE('',*,*,#5932,.T.);
#5950 = ORIENTED_EDGE('',*,*,#4922,.F.);
#5951 = PLANE('',#5952);
#5952 = AXIS2_PLACEMENT_3D('',#5953,#5954,#5955);
#5953 = CARTESIAN_POINT('',(86.,83.1,17.));
#5954 = DIRECTION('',(0.,0.,1.));
#5955 = DIRECTION('',(1.,0.,0.));
#5956 = ADVANCED_FACE('',(#5957,#5967,#5978,#5989,#6000,#6011,#6022,
    #6033,#6044),#6055,.F.);
#5957 = FACE_BOUND('',#5958,.F.);
#5958 = EDGE_LOOP('',(#5959,#5960,#5961,#5962,#5963,#5964,#5965,#5966));
#5959 = ORIENTED_EDGE('',*,*,#5363,.F.);
#5960 = ORIENTED_EDGE('',*,*,#5311,.T.);
#5961 = ORIENTED_EDGE('',*,*,#5280,.F.);
#5962 = ORIENTED_EDGE('',*,*,#5103,.T.);
#5963 = ORIENTED_EDGE('',*,*,#5495,.F.);
#5964 = ORIENTED_EDGE('',*,*,#5436,.F.);
#5965 = ORIENTED_EDGE('',*,*,#5412,.F.);
#5966 = ORIENTED_EDGE('',*,*,#5386,.F.);
#5967 = FACE_BOUND('',#5968,.F.);
#5968 = EDGE_LOOP('',(#5969));
#5969 = ORIENTED_EDGE('',*,*,#5970,.T.);
#5970 = EDGE_CURVE('',#5971,#5971,#5973,.T.);
#5971 = VERTEX_POINT('',#5972);
#5972 = CARTESIAN_POINT('',(184.2,7.,2.4));
#5973 = CIRCLE('',#5974,3.2);
#5974 = AXIS2_PLACEMENT_3D('',#5975,#5976,#5977);
#5975 = CARTESIAN_POINT('',(181.,7.,2.4));
#5976 = DIRECTION('',(0.,0.,1.));
#5977 = DIRECTION('',(1.,0.,0.));
#5978 = FACE_BOUND('',#5979,.F.);
#5979 = EDGE_LOOP('',(#5980));
#5980 = ORIENTED_EDGE('',*,*,#5981,.T.);
#5981 = EDGE_CURVE('',#5982,#5982,#5984,.T.);
#5982 = VERTEX_POINT('',#5983);
#5983 = CARTESIAN_POINT('',(157.35,23.,2.4));
#5984 = CIRCLE('',#5985,2.5);
#5985 = AXIS2_PLACEMENT_3D('',#5986,#5987,#5988);
#5986 = CARTESIAN_POINT('',(154.85,23.,2.4));
#5987 = DIRECTION('',(0.,0.,1.));
#5988 = DIRECTION('',(1.,0.,0.));
#5989 = FACE_BOUND('',#5990,.F.);
#5990 = EDGE_LOOP('',(#5991));
#5991 = ORIENTED_EDGE('',*,*,#5992,.T.);
#5992 = EDGE_CURVE('',#5993,#5993,#5995,.T.);
#5993 = VERTEX_POINT('',#5994);
#5994 = CARTESIAN_POINT('',(86.2,7.,2.4));
#5995 = CIRCLE('',#5996,3.2);
#5996 = AXIS2_PLACEMENT_3D('',#5997,#5998,#5999);
#5997 = CARTESIAN_POINT('',(83.,7.,2.4));
#5998 = DIRECTION('',(0.,0.,1.));
#5999 = DIRECTION('',(1.,0.,0.));
#6000 = FACE_BOUND('',#6001,.F.);
#6001 = EDGE_LOOP('',(#6002));
#6002 = ORIENTED_EDGE('',*,*,#6003,.T.);
#6003 = EDGE_CURVE('',#6004,#6004,#6006,.T.);
#6004 = VERTEX_POINT('',#6005);
#6005 = CARTESIAN_POINT('',(94.5,23.,2.4));
#6006 = CIRCLE('',#6007,2.5);
#6007 = AXIS2_PLACEMENT_3D('',#6008,#6009,#6010);
#6008 = CARTESIAN_POINT('',(92.,23.,2.4));
#6009 = DIRECTION('',(0.,0.,1.));
#6010 = DIRECTION('',(1.,0.,0.));
#6011 = FACE_BOUND('',#6012,.F.);
#6012 = EDGE_LOOP('',(#6013));
#6013 = ORIENTED_EDGE('',*,*,#6014,.T.);
#6014 = EDGE_CURVE('',#6015,#6015,#6017,.T.);
#6015 = VERTEX_POINT('',#6016);
#6016 = CARTESIAN_POINT('',(184.2,79.,2.4));
#6017 = CIRCLE('',#6018,3.2);
#6018 = AXIS2_PLACEMENT_3D('',#6019,#6020,#6021);
#6019 = CARTESIAN_POINT('',(181.,79.,2.4));
#6020 = DIRECTION('',(0.,0.,1.));
#6021 = DIRECTION('',(1.,0.,0.));
#6022 = FACE_BOUND('',#6023,.F.);
#6023 = EDGE_LOOP('',(#6024));
#6024 = ORIENTED_EDGE('',*,*,#6025,.T.);
#6025 = EDGE_CURVE('',#6026,#6026,#6028,.T.);
#6026 = VERTEX_POINT('',#6027);
#6027 = CARTESIAN_POINT('',(157.35,70.34,2.4));
#6028 = CIRCLE('',#6029,2.5);
#6029 = AXIS2_PLACEMENT_3D('',#6030,#6031,#6032);
#6030 = CARTESIAN_POINT('',(154.85,70.34,2.4));
#6031 = DIRECTION('',(0.,0.,1.));
#6032 = DIRECTION('',(1.,0.,0.));
#6033 = FACE_BOUND('',#6034,.F.);
#6034 = EDGE_LOOP('',(#6035));
#6035 = ORIENTED_EDGE('',*,*,#6036,.T.);
#6036 = EDGE_CURVE('',#6037,#6037,#6039,.T.);
#6037 = VERTEX_POINT('',#6038);
#6038 = CARTESIAN_POINT('',(94.5,70.34,2.4));
#6039 = CIRCLE('',#6040,2.5);
#6040 = AXIS2_PLACEMENT_3D('',#6041,#6042,#6043);
#6041 = CARTESIAN_POINT('',(92.,70.34,2.4));
#6042 = DIRECTION('',(0.,0.,1.));
#6043 = DIRECTION('',(1.,0.,0.));
#6044 = FACE_BOUND('',#6045,.F.);
#6045 = EDGE_LOOP('',(#6046));
#6046 = ORIENTED_EDGE('',*,*,#6047,.T.);
#6047 = EDGE_CURVE('',#6048,#6048,#6050,.T.);
#6048 = VERTEX_POINT('',#6049);
#6049 = CARTESIAN_POINT('',(86.2,79.,2.4));
#6050 = CIRCLE('',#6051,3.2);
#6051 = AXIS2_PLACEMENT_3D('',#6052,#6053,#6054);
#6052 = CARTESIAN_POINT('',(83.,79.,2.4));
#6053 = DIRECTION('',(0.,0.,1.));
#6054 = DIRECTION('',(1.,0.,0.));
#6055 = PLANE('',#6056);
#6056 = AXIS2_PLACEMENT_3D('',#6057,#6058,#6059);
#6057 = CARTESIAN_POINT('',(132.,43.,2.4));
#6058 = DIRECTION('',(-0.,-0.,-1.));
#6059 = DIRECTION('',(-1.,0.,0.));
#6060 = ADVANCED_FACE('',(#6061),#6077,.T.);
#6061 = FACE_BOUND('',#6062,.T.);
#6062 = EDGE_LOOP('',(#6063,#6069,#6070,#6076));
#6063 = ORIENTED_EDGE('',*,*,#6064,.F.);
#6064 = EDGE_CURVE('',#5454,#5557,#6065,.T.);
#6065 = LINE('',#6066,#6067);
#6066 = CARTESIAN_POINT('',(185.1,30.,12.));
#6067 = VECTOR('',#6068,1.);
#6068 = DIRECTION('',(1.,0.,0.));
#6069 = ORIENTED_EDGE('',*,*,#5453,.T.);
#6070 = ORIENTED_EDGE('',*,*,#6071,.T.);
#6071 = EDGE_CURVE('',#5456,#5559,#6072,.T.);
#6072 = LINE('',#6073,#6074);
#6073 = CARTESIAN_POINT('',(185.1,14.,12.));
#6074 = VECTOR('',#6075,1.);
#6075 = DIRECTION('',(1.,0.,0.));
#6076 = ORIENTED_EDGE('',*,*,#5556,.F.);
#6077 = PLANE('',#6078);
#6078 = AXIS2_PLACEMENT_3D('',#6079,#6080,#6081);
#6079 = CARTESIAN_POINT('',(185.1,14.,12.));
#6080 = DIRECTION('',(0.,0.,1.));
#6081 = DIRECTION('',(1.,0.,0.));
#6082 = ADVANCED_FACE('',(#6083),#6094,.F.);
#6083 = FACE_BOUND('',#6084,.F.);
#6084 = EDGE_LOOP('',(#6085,#6086,#6087,#6093));
#6085 = ORIENTED_EDGE('',*,*,#6064,.F.);
#6086 = ORIENTED_EDGE('',*,*,#5479,.T.);
#6087 = ORIENTED_EDGE('',*,*,#6088,.T.);
#6088 = EDGE_CURVE('',#5472,#5575,#6089,.T.);
#6089 = LINE('',#6090,#6091);
#6090 = CARTESIAN_POINT('',(185.1,30.,22.));
#6091 = VECTOR('',#6092,1.);
#6092 = DIRECTION('',(1.,0.,0.));
#6093 = ORIENTED_EDGE('',*,*,#5582,.F.);
#6094 = PLANE('',#6095);
#6095 = AXIS2_PLACEMENT_3D('',#6096,#6097,#6098);
#6096 = CARTESIAN_POINT('',(185.1,30.,12.));
#6097 = DIRECTION('',(0.,1.,0.));
#6098 = DIRECTION('',(0.,0.,1.));
#6099 = ADVANCED_FACE('',(#6100),#6111,.F.);
#6100 = FACE_BOUND('',#6101,.F.);
#6101 = EDGE_LOOP('',(#6102,#6103,#6104,#6110));
#6102 = ORIENTED_EDGE('',*,*,#6088,.F.);
#6103 = ORIENTED_EDGE('',*,*,#5471,.T.);
#6104 = ORIENTED_EDGE('',*,*,#6105,.T.);
#6105 = EDGE_CURVE('',#5464,#5567,#6106,.T.);
#6106 = LINE('',#6107,#6108);
#6107 = CARTESIAN_POINT('',(185.1,14.,22.));
#6108 = VECTOR('',#6109,1.);
#6109 = DIRECTION('',(1.,0.,0.));
#6110 = ORIENTED_EDGE('',*,*,#5574,.F.);
#6111 = PLANE('',#6112);
#6112 = AXIS2_PLACEMENT_3D('',#6113,#6114,#6115);
#6113 = CARTESIAN_POINT('',(185.1,14.,22.));
#6114 = DIRECTION('',(0.,0.,1.));
#6115 = DIRECTION('',(1.,0.,0.));
#6116 = ADVANCED_FACE('',(#6117),#6123,.T.);
#6117 = FACE_BOUND('',#6118,.T.);
#6118 = EDGE_LOOP('',(#6119,#6120,#6121,#6122));
#6119 = ORIENTED_EDGE('',*,*,#6071,.F.);
#6120 = ORIENTED_EDGE('',*,*,#5463,.T.);
#6121 = ORIENTED_EDGE('',*,*,#6105,.T.);
#6122 = ORIENTED_EDGE('',*,*,#5566,.F.);
#6123 = PLANE('',#6124);
#6124 = AXIS2_PLACEMENT_3D('',#6125,#6126,#6127);
#6125 = CARTESIAN_POINT('',(185.1,14.,12.));
#6126 = DIRECTION('',(0.,1.,0.));
#6127 = DIRECTION('',(0.,0.,1.));
#6128 = ADVANCED_FACE('',(#6129),#6148,.T.);
#6129 = FACE_BOUND('',#6130,.T.);
#6130 = EDGE_LOOP('',(#6131,#6139,#6146,#6147));
#6131 = ORIENTED_EDGE('',*,*,#6132,.T.);
#6132 = EDGE_CURVE('',#5971,#6133,#6135,.T.);
#6133 = VERTEX_POINT('',#6134);
#6134 = CARTESIAN_POINT('',(184.2,7.,33.));
#6135 = LINE('',#6136,#6137);
#6136 = CARTESIAN_POINT('',(184.2,7.,2.3));
#6137 = VECTOR('',#6138,1.);
#6138 = DIRECTION('',(0.,0.,1.));
#6139 = ORIENTED_EDGE('',*,*,#6140,.F.);
#6140 = EDGE_CURVE('',#6133,#6133,#6141,.T.);
#6141 = CIRCLE('',#6142,3.2);
#6142 = AXIS2_PLACEMENT_3D('',#6143,#6144,#6145);
#6143 = CARTESIAN_POINT('',(181.,7.,33.));
#6144 = DIRECTION('',(0.,0.,1.));
#6145 = DIRECTION('',(1.,0.,0.));
#6146 = ORIENTED_EDGE('',*,*,#6132,.F.);
#6147 = ORIENTED_EDGE('',*,*,#5970,.T.);
#6148 = CYLINDRICAL_SURFACE('',#6149,3.2);
#6149 = AXIS2_PLACEMENT_3D('',#6150,#6151,#6152);
#6150 = CARTESIAN_POINT('',(181.,7.,2.3));
#6151 = DIRECTION('',(0.,0.,1.));
#6152 = DIRECTION('',(1.,0.,0.));
#6153 = ADVANCED_FACE('',(#6154),#6173,.T.);
#6154 = FACE_BOUND('',#6155,.T.);
#6155 = EDGE_LOOP('',(#6156,#6164,#6171,#6172));
#6156 = ORIENTED_EDGE('',*,*,#6157,.T.);
#6157 = EDGE_CURVE('',#5982,#6158,#6160,.T.);
#6158 = VERTEX_POINT('',#6159);
#6159 = CARTESIAN_POINT('',(157.35,23.,6.4));
#6160 = LINE('',#6161,#6162);
#6161 = CARTESIAN_POINT('',(157.35,23.,2.3));
#6162 = VECTOR('',#6163,1.);
#6163 = DIRECTION('',(0.,0.,1.));
#6164 = ORIENTED_EDGE('',*,*,#6165,.F.);
#6165 = EDGE_CURVE('',#6158,#6158,#6166,.T.);
#6166 = CIRCLE('',#6167,2.5);
#6167 = AXIS2_PLACEMENT_3D('',#6168,#6169,#6170);
#6168 = CARTESIAN_POINT('',(154.85,23.,6.4));
#6169 = DIRECTION('',(0.,0.,1.));
#6170 = DIRECTION('',(1.,0.,0.));
#6171 = ORIENTED_EDGE('',*,*,#6157,.F.);
#6172 = ORIENTED_EDGE('',*,*,#5981,.T.);
#6173 = CYLINDRICAL_SURFACE('',#6174,2.5);
#6174 = AXIS2_PLACEMENT_3D('',#6175,#6176,#6177);
#6175 = CARTESIAN_POINT('',(154.85,23.,2.3));
#6176 = DIRECTION('',(0.,0.,1.));
#6177 = DIRECTION('',(1.,0.,0.));
#6178 = ADVANCED_FACE('',(#6179),#6198,.T.);
#6179 = FACE_BOUND('',#6180,.T.);
#6180 = EDGE_LOOP('',(#6181,#6189,#6196,#6197));
#6181 = ORIENTED_EDGE('',*,*,#6182,.T.);
#6182 = EDGE_CURVE('',#5993,#6183,#6185,.T.);
#6183 = VERTEX_POINT('',#6184);
#6184 = CARTESIAN_POINT('',(86.2,7.,33.));
#6185 = LINE('',#6186,#6187);
#6186 = CARTESIAN_POINT('',(86.2,7.,2.3));
#6187 = VECTOR('',#6188,1.);
#6188 = DIRECTION('',(0.,0.,1.));
#6189 = ORIENTED_EDGE('',*,*,#6190,.F.);
#6190 = EDGE_CURVE('',#6183,#6183,#6191,.T.);
#6191 = CIRCLE('',#6192,3.2);
#6192 = AXIS2_PLACEMENT_3D('',#6193,#6194,#6195);
#6193 = CARTESIAN_POINT('',(83.,7.,33.));
#6194 = DIRECTION('',(0.,0.,1.));
#6195 = DIRECTION('',(1.,0.,0.));
#6196 = ORIENTED_EDGE('',*,*,#6182,.F.);
#6197 = ORIENTED_EDGE('',*,*,#5992,.T.);
#6198 = CYLINDRICAL_SURFACE('',#6199,3.2);
#6199 = AXIS2_PLACEMENT_3D('',#6200,#6201,#6202);
#6200 = CARTESIAN_POINT('',(83.,7.,2.3));
#6201 = DIRECTION('',(0.,0.,1.));
#6202 = DIRECTION('',(1.,0.,0.));
#6203 = ADVANCED_FACE('',(#6204),#6223,.T.);
#6204 = FACE_BOUND('',#6205,.T.);
#6205 = EDGE_LOOP('',(#6206,#6214,#6221,#6222));
#6206 = ORIENTED_EDGE('',*,*,#6207,.T.);
#6207 = EDGE_CURVE('',#6004,#6208,#6210,.T.);
#6208 = VERTEX_POINT('',#6209);
#6209 = CARTESIAN_POINT('',(94.5,23.,6.4));
#6210 = LINE('',#6211,#6212);
#6211 = CARTESIAN_POINT('',(94.5,23.,2.3));
#6212 = VECTOR('',#6213,1.);
#6213 = DIRECTION('',(0.,0.,1.));
#6214 = ORIENTED_EDGE('',*,*,#6215,.F.);
#6215 = EDGE_CURVE('',#6208,#6208,#6216,.T.);
#6216 = CIRCLE('',#6217,2.5);
#6217 = AXIS2_PLACEMENT_3D('',#6218,#6219,#6220);
#6218 = CARTESIAN_POINT('',(92.,23.,6.4));
#6219 = DIRECTION('',(0.,0.,1.));
#6220 = DIRECTION('',(1.,0.,0.));
#6221 = ORIENTED_EDGE('',*,*,#6207,.F.);
#6222 = ORIENTED_EDGE('',*,*,#6003,.T.);
#6223 = CYLINDRICAL_SURFACE('',#6224,2.5);
#6224 = AXIS2_PLACEMENT_3D('',#6225,#6226,#6227);
#6225 = CARTESIAN_POINT('',(92.,23.,2.3));
#6226 = DIRECTION('',(0.,0.,1.));
#6227 = DIRECTION('',(1.,0.,0.));
#6228 = ADVANCED_FACE('',(#6229),#6248,.T.);
#6229 = FACE_BOUND('',#6230,.T.);
#6230 = EDGE_LOOP('',(#6231,#6239,#6246,#6247));
#6231 = ORIENTED_EDGE('',*,*,#6232,.T.);
#6232 = EDGE_CURVE('',#6015,#6233,#6235,.T.);
#6233 = VERTEX_POINT('',#6234);
#6234 = CARTESIAN_POINT('',(184.2,79.,33.));
#6235 = LINE('',#6236,#6237);
#6236 = CARTESIAN_POINT('',(184.2,79.,2.3));
#6237 = VECTOR('',#6238,1.);
#6238 = DIRECTION('',(0.,0.,1.));
#6239 = ORIENTED_EDGE('',*,*,#6240,.F.);
#6240 = EDGE_CURVE('',#6233,#6233,#6241,.T.);
#6241 = CIRCLE('',#6242,3.2);
#6242 = AXIS2_PLACEMENT_3D('',#6243,#6244,#6245);
#6243 = CARTESIAN_POINT('',(181.,79.,33.));
#6244 = DIRECTION('',(0.,0.,1.));
#6245 = DIRECTION('',(1.,0.,0.));
#6246 = ORIENTED_EDGE('',*,*,#6232,.F.);
#6247 = ORIENTED_EDGE('',*,*,#6014,.T.);
#6248 = CYLINDRICAL_SURFACE('',#6249,3.2);
#6249 = AXIS2_PLACEMENT_3D('',#6250,#6251,#6252);
#6250 = CARTESIAN_POINT('',(181.,79.,2.3));
#6251 = DIRECTION('',(0.,0.,1.));
#6252 = DIRECTION('',(1.,0.,0.));
#6253 = ADVANCED_FACE('',(#6254),#6273,.T.);
#6254 = FACE_BOUND('',#6255,.T.);
#6255 = EDGE_LOOP('',(#6256,#6264,#6271,#6272));
#6256 = ORIENTED_EDGE('',*,*,#6257,.T.);
#6257 = EDGE_CURVE('',#6026,#6258,#6260,.T.);
#6258 = VERTEX_POINT('',#6259);
#6259 = CARTESIAN_POINT('',(157.35,70.34,6.4));
#6260 = LINE('',#6261,#6262);
#6261 = CARTESIAN_POINT('',(157.35,70.34,2.3));
#6262 = VECTOR('',#6263,1.);
#6263 = DIRECTION('',(0.,0.,1.));
#6264 = ORIENTED_EDGE('',*,*,#6265,.F.);
#6265 = EDGE_CURVE('',#6258,#6258,#6266,.T.);
#6266 = CIRCLE('',#6267,2.5);
#6267 = AXIS2_PLACEMENT_3D('',#6268,#6269,#6270);
#6268 = CARTESIAN_POINT('',(154.85,70.34,6.4));
#6269 = DIRECTION('',(0.,0.,1.));
#6270 = DIRECTION('',(1.,0.,0.));
#6271 = ORIENTED_EDGE('',*,*,#6257,.F.);
#6272 = ORIENTED_EDGE('',*,*,#6025,.T.);
#6273 = CYLINDRICAL_SURFACE('',#6274,2.5);
#6274 = AXIS2_PLACEMENT_3D('',#6275,#6276,#6277);
#6275 = CARTESIAN_POINT('',(154.85,70.34,2.3));
#6276 = DIRECTION('',(0.,0.,1.));
#6277 = DIRECTION('',(1.,0.,0.));
#6278 = ADVANCED_FACE('',(#6279),#6298,.T.);
#6279 = FACE_BOUND('',#6280,.T.);
#6280 = EDGE_LOOP('',(#6281,#6289,#6296,#6297));
#6281 = ORIENTED_EDGE('',*,*,#6282,.T.);
#6282 = EDGE_CURVE('',#6037,#6283,#6285,.T.);
#6283 = VERTEX_POINT('',#6284);
#6284 = CARTESIAN_POINT('',(94.5,70.34,6.4));
#6285 = LINE('',#6286,#6287);
#6286 = CARTESIAN_POINT('',(94.5,70.34,2.3));
#6287 = VECTOR('',#6288,1.);
#6288 = DIRECTION('',(0.,0.,1.));
#6289 = ORIENTED_EDGE('',*,*,#6290,.F.);
#6290 = EDGE_CURVE('',#6283,#6283,#6291,.T.);
#6291 = CIRCLE('',#6292,2.5);
#6292 = AXIS2_PLACEMENT_3D('',#6293,#6294,#6295);
#6293 = CARTESIAN_POINT('',(92.,70.34,6.4));
#6294 = DIRECTION('',(0.,0.,1.));
#6295 = DIRECTION('',(1.,0.,0.));
#6296 = ORIENTED_EDGE('',*,*,#6282,.F.);
#6297 = ORIENTED_EDGE('',*,*,#6036,.T.);
#6298 = CYLINDRICAL_SURFACE('',#6299,2.5);
#6299 = AXIS2_PLACEMENT_3D('',#6300,#6301,#6302);
#6300 = CARTESIAN_POINT('',(92.,70.34,2.3));
#6301 = DIRECTION('',(0.,0.,1.));
#6302 = DIRECTION('',(1.,0.,0.));
#6303 = ADVANCED_FACE('',(#6304),#6323,.T.);
#6304 = FACE_BOUND('',#6305,.T.);
#6305 = EDGE_LOOP('',(#6306,#6314,#6321,#6322));
#6306 = ORIENTED_EDGE('',*,*,#6307,.T.);
#6307 = EDGE_CURVE('',#6048,#6308,#6310,.T.);
#6308 = VERTEX_POINT('',#6309);
#6309 = CARTESIAN_POINT('',(86.2,79.,33.));
#6310 = LINE('',#6311,#6312);
#6311 = CARTESIAN_POINT('',(86.2,79.,2.3));
#6312 = VECTOR('',#6313,1.);
#6313 = DIRECTION('',(0.,0.,1.));
#6314 = ORIENTED_EDGE('',*,*,#6315,.F.);
#6315 = EDGE_CURVE('',#6308,#6308,#6316,.T.);
#6316 = CIRCLE('',#6317,3.2);
#6317 = AXIS2_PLACEMENT_3D('',#6318,#6319,#6320);
#6318 = CARTESIAN_POINT('',(83.,79.,33.));
#6319 = DIRECTION('',(0.,0.,1.));
#6320 = DIRECTION('',(1.,0.,0.));
#6321 = ORIENTED_EDGE('',*,*,#6307,.F.);
#6322 = ORIENTED_EDGE('',*,*,#6047,.T.);
#6323 = CYLINDRICAL_SURFACE('',#6324,3.2);
#6324 = AXIS2_PLACEMENT_3D('',#6325,#6326,#6327);
#6325 = CARTESIAN_POINT('',(83.,79.,2.3));
#6326 = DIRECTION('',(0.,0.,1.));
#6327 = DIRECTION('',(1.,0.,0.));
#6328 = ADVANCED_FACE('',(#6329,#6332),#6343,.T.);
#6329 = FACE_BOUND('',#6330,.T.);
#6330 = EDGE_LOOP('',(#6331));
#6331 = ORIENTED_EDGE('',*,*,#6140,.T.);
#6332 = FACE_BOUND('',#6333,.T.);
#6333 = EDGE_LOOP('',(#6334));
#6334 = ORIENTED_EDGE('',*,*,#6335,.F.);
#6335 = EDGE_CURVE('',#6336,#6336,#6338,.T.);
#6336 = VERTEX_POINT('',#6337);
#6337 = CARTESIAN_POINT('',(181.825,7.,33.));
#6338 = CIRCLE('',#6339,0.825);
#6339 = AXIS2_PLACEMENT_3D('',#6340,#6341,#6342);
#6340 = CARTESIAN_POINT('',(181.,7.,33.));
#6341 = DIRECTION('',(0.,0.,1.));
#6342 = DIRECTION('',(1.,0.,0.));
#6343 = PLANE('',#6344);
#6344 = AXIS2_PLACEMENT_3D('',#6345,#6346,#6347);
#6345 = CARTESIAN_POINT('',(181.,7.,33.));
#6346 = DIRECTION('',(0.,0.,1.));
#6347 = DIRECTION('',(1.,0.,0.));
#6348 = ADVANCED_FACE('',(#6349),#6352,.T.);
#6349 = FACE_BOUND('',#6350,.T.);
#6350 = EDGE_LOOP('',(#6351));
#6351 = ORIENTED_EDGE('',*,*,#6165,.T.);
#6352 = PLANE('',#6353);
#6353 = AXIS2_PLACEMENT_3D('',#6354,#6355,#6356);
#6354 = CARTESIAN_POINT('',(154.85,23.,6.4));
#6355 = DIRECTION('',(0.,0.,1.));
#6356 = DIRECTION('',(1.,0.,0.));
#6357 = ADVANCED_FACE('',(#6358,#6361),#6372,.T.);
#6358 = FACE_BOUND('',#6359,.T.);
#6359 = EDGE_LOOP('',(#6360));
#6360 = ORIENTED_EDGE('',*,*,#6190,.T.);
#6361 = FACE_BOUND('',#6362,.T.);
#6362 = EDGE_LOOP('',(#6363));
#6363 = ORIENTED_EDGE('',*,*,#6364,.F.);
#6364 = EDGE_CURVE('',#6365,#6365,#6367,.T.);
#6365 = VERTEX_POINT('',#6366);
#6366 = CARTESIAN_POINT('',(83.825,7.,33.));
#6367 = CIRCLE('',#6368,0.825);
#6368 = AXIS2_PLACEMENT_3D('',#6369,#6370,#6371);
#6369 = CARTESIAN_POINT('',(83.,7.,33.));
#6370 = DIRECTION('',(0.,0.,1.));
#6371 = DIRECTION('',(1.,0.,0.));
#6372 = PLANE('',#6373);
#6373 = AXIS2_PLACEMENT_3D('',#6374,#6375,#6376);
#6374 = CARTESIAN_POINT('',(83.,7.,33.));
#6375 = DIRECTION('',(0.,0.,1.));
#6376 = DIRECTION('',(1.,0.,0.));
#6377 = ADVANCED_FACE('',(#6378),#6381,.T.);
#6378 = FACE_BOUND('',#6379,.T.);
#6379 = EDGE_LOOP('',(#6380));
#6380 = ORIENTED_EDGE('',*,*,#6215,.T.);
#6381 = PLANE('',#6382);
#6382 = AXIS2_PLACEMENT_3D('',#6383,#6384,#6385);
#6383 = CARTESIAN_POINT('',(92.,23.,6.4));
#6384 = DIRECTION('',(0.,0.,1.));
#6385 = DIRECTION('',(1.,0.,0.));
#6386 = ADVANCED_FACE('',(#6387,#6390),#6401,.T.);
#6387 = FACE_BOUND('',#6388,.T.);
#6388 = EDGE_LOOP('',(#6389));
#6389 = ORIENTED_EDGE('',*,*,#6240,.T.);
#6390 = FACE_BOUND('',#6391,.T.);
#6391 = EDGE_LOOP('',(#6392));
#6392 = ORIENTED_EDGE('',*,*,#6393,.F.);
#6393 = EDGE_CURVE('',#6394,#6394,#6396,.T.);
#6394 = VERTEX_POINT('',#6395);
#6395 = CARTESIAN_POINT('',(181.825,79.,33.));
#6396 = CIRCLE('',#6397,0.825);
#6397 = AXIS2_PLACEMENT_3D('',#6398,#6399,#6400);
#6398 = CARTESIAN_POINT('',(181.,79.,33.));
#6399 = DIRECTION('',(0.,0.,1.));
#6400 = DIRECTION('',(1.,0.,0.));
#6401 = PLANE('',#6402);
#6402 = AXIS2_PLACEMENT_3D('',#6403,#6404,#6405);
#6403 = CARTESIAN_POINT('',(181.,79.,33.));
#6404 = DIRECTION('',(0.,0.,1.));
#6405 = DIRECTION('',(1.,0.,0.));
#6406 = ADVANCED_FACE('',(#6407),#6410,.T.);
#6407 = FACE_BOUND('',#6408,.T.);
#6408 = EDGE_LOOP('',(#6409));
#6409 = ORIENTED_EDGE('',*,*,#6265,.T.);
#6410 = PLANE('',#6411);
#6411 = AXIS2_PLACEMENT_3D('',#6412,#6413,#6414);
#6412 = CARTESIAN_POINT('',(154.85,70.34,6.4));
#6413 = DIRECTION('',(0.,0.,1.));
#6414 = DIRECTION('',(1.,0.,0.));
#6415 = ADVANCED_FACE('',(#6416),#6419,.T.);
#6416 = FACE_BOUND('',#6417,.T.);
#6417 = EDGE_LOOP('',(#6418));
#6418 = ORIENTED_EDGE('',*,*,#6290,.T.);
#6419 = PLANE('',#6420);
#6420 = AXIS2_PLACEMENT_3D('',#6421,#6422,#6423);
#6421 = CARTESIAN_POINT('',(92.,70.34,6.4));
#6422 = DIRECTION('',(0.,0.,1.));
#6423 = DIRECTION('',(1.,0.,0.));
#6424 = ADVANCED_FACE('',(#6425,#6428),#6439,.T.);
#6425 = FACE_BOUND('',#6426,.T.);
#6426 = EDGE_LOOP('',(#6427));
#6427 = ORIENTED_EDGE('',*,*,#6315,.T.);
#6428 = FACE_BOUND('',#6429,.T.);
#6429 = EDGE_LOOP('',(#6430));
#6430 = ORIENTED_EDGE('',*,*,#6431,.F.);
#6431 = EDGE_CURVE('',#6432,#6432,#6434,.T.);
#6432 = VERTEX_POINT('',#6433);
#6433 = CARTESIAN_POINT('',(83.825,79.,33.));
#6434 = CIRCLE('',#6435,0.825);
#6435 = AXIS2_PLACEMENT_3D('',#6436,#6437,#6438);
#6436 = CARTESIAN_POINT('',(83.,79.,33.));
#6437 = DIRECTION('',(0.,0.,1.));
#6438 = DIRECTION('',(1.,0.,0.));
#6439 = PLANE('',#6440);
#6440 = AXIS2_PLACEMENT_3D('',#6441,#6442,#6443);
#6441 = CARTESIAN_POINT('',(83.,79.,33.));
#6442 = DIRECTION('',(0.,0.,1.));
#6443 = DIRECTION('',(1.,0.,0.));
#6444 = ADVANCED_FACE('',(#6445),#6464,.F.);
#6445 = FACE_BOUND('',#6446,.F.);
#6446 = EDGE_LOOP('',(#6447,#6455,#6456,#6457));
#6447 = ORIENTED_EDGE('',*,*,#6448,.T.);
#6448 = EDGE_CURVE('',#6449,#6336,#6451,.T.);
#6449 = VERTEX_POINT('',#6450);
#6450 = CARTESIAN_POINT('',(181.825,7.,2.4));
#6451 = LINE('',#6452,#6453);
#6452 = CARTESIAN_POINT('',(181.825,7.,2.1));
#6453 = VECTOR('',#6454,1.);
#6454 = DIRECTION('',(0.,0.,1.));
#6455 = ORIENTED_EDGE('',*,*,#6335,.F.);
#6456 = ORIENTED_EDGE('',*,*,#6448,.F.);
#6457 = ORIENTED_EDGE('',*,*,#6458,.T.);
#6458 = EDGE_CURVE('',#6449,#6449,#6459,.T.);
#6459 = CIRCLE('',#6460,0.825);
#6460 = AXIS2_PLACEMENT_3D('',#6461,#6462,#6463);
#6461 = CARTESIAN_POINT('',(181.,7.,2.4));
#6462 = DIRECTION('',(0.,0.,1.));
#6463 = DIRECTION('',(1.,0.,0.));
#6464 = CYLINDRICAL_SURFACE('',#6465,0.825);
#6465 = AXIS2_PLACEMENT_3D('',#6466,#6467,#6468);
#6466 = CARTESIAN_POINT('',(181.,7.,2.1));
#6467 = DIRECTION('',(0.,0.,1.));
#6468 = DIRECTION('',(1.,0.,0.));
#6469 = ADVANCED_FACE('',(#6470),#6489,.F.);
#6470 = FACE_BOUND('',#6471,.F.);
#6471 = EDGE_LOOP('',(#6472,#6480,#6481,#6482));
#6472 = ORIENTED_EDGE('',*,*,#6473,.T.);
#6473 = EDGE_CURVE('',#6474,#6365,#6476,.T.);
#6474 = VERTEX_POINT('',#6475);
#6475 = CARTESIAN_POINT('',(83.825,7.,2.4));
#6476 = LINE('',#6477,#6478);
#6477 = CARTESIAN_POINT('',(83.825,7.,2.1));
#6478 = VECTOR('',#6479,1.);
#6479 = DIRECTION('',(0.,0.,1.));
#6480 = ORIENTED_EDGE('',*,*,#6364,.F.);
#6481 = ORIENTED_EDGE('',*,*,#6473,.F.);
#6482 = ORIENTED_EDGE('',*,*,#6483,.T.);
#6483 = EDGE_CURVE('',#6474,#6474,#6484,.T.);
#6484 = CIRCLE('',#6485,0.825);
#6485 = AXIS2_PLACEMENT_3D('',#6486,#6487,#6488);
#6486 = CARTESIAN_POINT('',(83.,7.,2.4));
#6487 = DIRECTION('',(0.,0.,1.));
#6488 = DIRECTION('',(1.,0.,0.));
#6489 = CYLINDRICAL_SURFACE('',#6490,0.825);
#6490 = AXIS2_PLACEMENT_3D('',#6491,#6492,#6493);
#6491 = CARTESIAN_POINT('',(83.,7.,2.1));
#6492 = DIRECTION('',(0.,0.,1.));
#6493 = DIRECTION('',(1.,0.,0.));
#6494 = ADVANCED_FACE('',(#6495),#6514,.F.);
#6495 = FACE_BOUND('',#6496,.F.);
#6496 = EDGE_LOOP('',(#6497,#6505,#6506,#6507));
#6497 = ORIENTED_EDGE('',*,*,#6498,.T.);
#6498 = EDGE_CURVE('',#6499,#6394,#6501,.T.);
#6499 = VERTEX_POINT('',#6500);
#6500 = CARTESIAN_POINT('',(181.825,79.,2.4));
#6501 = LINE('',#6502,#6503);
#6502 = CARTESIAN_POINT('',(181.825,79.,2.1));
#6503 = VECTOR('',#6504,1.);
#6504 = DIRECTION('',(0.,0.,1.));
#6505 = ORIENTED_EDGE('',*,*,#6393,.F.);
#6506 = ORIENTED_EDGE('',*,*,#6498,.F.);
#6507 = ORIENTED_EDGE('',*,*,#6508,.T.);
#6508 = EDGE_CURVE('',#6499,#6499,#6509,.T.);
#6509 = CIRCLE('',#6510,0.825);
#6510 = AXIS2_PLACEMENT_3D('',#6511,#6512,#6513);
#6511 = CARTESIAN_POINT('',(181.,79.,2.4));
#6512 = DIRECTION('',(0.,0.,1.));
#6513 = DIRECTION('',(1.,0.,0.));
#6514 = CYLINDRICAL_SURFACE('',#6515,0.825);
#6515 = AXIS2_PLACEMENT_3D('',#6516,#6517,#6518);
#6516 = CARTESIAN_POINT('',(181.,79.,2.1));
#6517 = DIRECTION('',(0.,0.,1.));
#6518 = DIRECTION('',(1.,0.,0.));
#6519 = ADVANCED_FACE('',(#6520),#6539,.F.);
#6520 = FACE_BOUND('',#6521,.F.);
#6521 = EDGE_LOOP('',(#6522,#6530,#6531,#6532));
#6522 = ORIENTED_EDGE('',*,*,#6523,.T.);
#6523 = EDGE_CURVE('',#6524,#6432,#6526,.T.);
#6524 = VERTEX_POINT('',#6525);
#6525 = CARTESIAN_POINT('',(83.825,79.,2.4));
#6526 = LINE('',#6527,#6528);
#6527 = CARTESIAN_POINT('',(83.825,79.,2.1));
#6528 = VECTOR('',#6529,1.);
#6529 = DIRECTION('',(0.,0.,1.));
#6530 = ORIENTED_EDGE('',*,*,#6431,.F.);
#6531 = ORIENTED_EDGE('',*,*,#6523,.F.);
#6532 = ORIENTED_EDGE('',*,*,#6533,.T.);
#6533 = EDGE_CURVE('',#6524,#6524,#6534,.T.);
#6534 = CIRCLE('',#6535,0.825);
#6535 = AXIS2_PLACEMENT_3D('',#6536,#6537,#6538);
#6536 = CARTESIAN_POINT('',(83.,79.,2.4));
#6537 = DIRECTION('',(0.,0.,1.));
#6538 = DIRECTION('',(1.,0.,0.));
#6539 = CYLINDRICAL_SURFACE('',#6540,0.825);
#6540 = AXIS2_PLACEMENT_3D('',#6541,#6542,#6543);
#6541 = CARTESIAN_POINT('',(83.,79.,2.1));
#6542 = DIRECTION('',(0.,0.,1.));
#6543 = DIRECTION('',(1.,0.,0.));
#6544 = ADVANCED_FACE('',(#6545),#6548,.F.);
#6545 = FACE_BOUND('',#6546,.F.);
#6546 = EDGE_LOOP('',(#6547));
#6547 = ORIENTED_EDGE('',*,*,#6458,.F.);
#6548 = PLANE('',#6549);
#6549 = AXIS2_PLACEMENT_3D('',#6550,#6551,#6552);
#6550 = CARTESIAN_POINT('',(132.,43.,2.4));
#6551 = DIRECTION('',(-0.,-0.,-1.));
#6552 = DIRECTION('',(-1.,0.,0.));
#6553 = ADVANCED_FACE('',(#6554),#6557,.F.);
#6554 = FACE_BOUND('',#6555,.F.);
#6555 = EDGE_LOOP('',(#6556));
#6556 = ORIENTED_EDGE('',*,*,#6483,.F.);
#6557 = PLANE('',#6558);
#6558 = AXIS2_PLACEMENT_3D('',#6559,#6560,#6561);
#6559 = CARTESIAN_POINT('',(132.,43.,2.4));
#6560 = DIRECTION('',(-0.,-0.,-1.));
#6561 = DIRECTION('',(-1.,0.,0.));
#6562 = ADVANCED_FACE('',(#6563),#6566,.F.);
#6563 = FACE_BOUND('',#6564,.F.);
#6564 = EDGE_LOOP('',(#6565));
#6565 = ORIENTED_EDGE('',*,*,#6508,.F.);
#6566 = PLANE('',#6567);
#6567 = AXIS2_PLACEMENT_3D('',#6568,#6569,#6570);
#6568 = CARTESIAN_POINT('',(132.,43.,2.4));
#6569 = DIRECTION('',(-0.,-0.,-1.));
#6570 = DIRECTION('',(-1.,0.,0.));
#6571 = ADVANCED_FACE('',(#6572),#6575,.F.);
#6572 = FACE_BOUND('',#6573,.F.);
#6573 = EDGE_LOOP('',(#6574));
#6574 = ORIENTED_EDGE('',*,*,#6533,.F.);
#6575 = PLANE('',#6576);
#6576 = AXIS2_PLACEMENT_3D('',#6577,#6578,#6579);
#6577 = CARTESIAN_POINT('',(132.,43.,2.4));
#6578 = DIRECTION('',(-0.,-0.,-1.));
#6579 = DIRECTION('',(-1.,0.,0.));
#6580 = MANIFOLD_SOLID_BREP('',#6581);
#6581 = CLOSED_SHELL('',(#6582,#6624,#6899,#6923,#7016,#7033,#7050,#7067
    ,#7084,#7101,#7113,#7138,#7169,#7193,#7217,#7234,#7259,#7290,#7314,
    #7338,#7369,#7400,#7424,#7448,#7479,#7504,#7529,#7554,#7579,#7604,
    #7635,#7659,#7683,#7700,#7767,#7789,#7806,#7823,#7869,#7891,#7908,
    #7925,#7937,#7953));
#6582 = ADVANCED_FACE('',(#6583),#6619,.T.);
#6583 = FACE_BOUND('',#6584,.T.);
#6584 = EDGE_LOOP('',(#6585,#6596,#6604,#6613));
#6585 = ORIENTED_EDGE('',*,*,#6586,.F.);
#6586 = EDGE_CURVE('',#6587,#6589,#6591,.T.);
#6587 = VERTEX_POINT('',#6588);
#6588 = CARTESIAN_POINT('',(76.,6.,49.2));
#6589 = VERTEX_POINT('',#6590);
#6590 = CARTESIAN_POINT('',(82.,0.,49.2));
#6591 = CIRCLE('',#6592,6.);
#6592 = AXIS2_PLACEMENT_3D('',#6593,#6594,#6595);
#6593 = CARTESIAN_POINT('',(82.,6.,49.2));
#6594 = DIRECTION('',(0.,0.,1.));
#6595 = DIRECTION('',(1.,0.,0.));
#6596 = ORIENTED_EDGE('',*,*,#6597,.F.);
#6597 = EDGE_CURVE('',#6598,#6587,#6600,.T.);
#6598 = VERTEX_POINT('',#6599);
#6599 = CARTESIAN_POINT('',(76.,6.,46.));
#6600 = LINE('',#6601,#6602);
#6601 = CARTESIAN_POINT('',(76.,6.,46.));
#6602 = VECTOR('',#6603,1.);
#6603 = DIRECTION('',(0.,0.,1.));
#6604 = ORIENTED_EDGE('',*,*,#6605,.T.);
#6605 = EDGE_CURVE('',#6598,#6606,#6608,.T.);
#6606 = VERTEX_POINT('',#6607);
#6607 = CARTESIAN_POINT('',(82.,0.,46.));
#6608 = CIRCLE('',#6609,6.);
#6609 = AXIS2_PLACEMENT_3D('',#6610,#6611,#6612);
#6610 = CARTESIAN_POINT('',(82.,6.,46.));
#6611 = DIRECTION('',(0.,0.,1.));
#6612 = DIRECTION('',(1.,0.,0.));
#6613 = ORIENTED_EDGE('',*,*,#6614,.T.);
#6614 = EDGE_CURVE('',#6606,#6589,#6615,.T.);
#6615 = LINE('',#6616,#6617);
#6616 = CARTESIAN_POINT('',(82.,0.,46.));
#6617 = VECTOR('',#6618,1.);
#6618 = DIRECTION('',(0.,0.,1.));
#6619 = CYLINDRICAL_SURFACE('',#6620,6.);
#6620 = AXIS2_PLACEMENT_3D('',#6621,#6622,#6623);
#6621 = CARTESIAN_POINT('',(82.,6.,46.));
#6622 = DIRECTION('',(0.,0.,1.));
#6623 = DIRECTION('',(1.,0.,0.));
#6624 = ADVANCED_FACE('',(#6625,#6685,#6696,#6730,#6741,#6839,#6850,
    #6861,#6872,#6883),#6894,.T.);
#6625 = FACE_BOUND('',#6626,.T.);
#6626 = EDGE_LOOP('',(#6627,#6628,#6636,#6645,#6653,#6662,#6670,#6679));
#6627 = ORIENTED_EDGE('',*,*,#6586,.T.);
#6628 = ORIENTED_EDGE('',*,*,#6629,.T.);
#6629 = EDGE_CURVE('',#6589,#6630,#6632,.T.);
#6630 = VERTEX_POINT('',#6631);
#6631 = CARTESIAN_POINT('',(182.,0.,49.2));
#6632 = LINE('',#6633,#6634);
#6633 = CARTESIAN_POINT('',(82.,0.,49.2));
#6634 = VECTOR('',#6635,1.);
#6635 = DIRECTION('',(1.,0.,0.));
#6636 = ORIENTED_EDGE('',*,*,#6637,.T.);
#6637 = EDGE_CURVE('',#6630,#6638,#6640,.T.);
#6638 = VERTEX_POINT('',#6639);
#6639 = CARTESIAN_POINT('',(188.,6.,49.2));
#6640 = CIRCLE('',#6641,6.);
#6641 = AXIS2_PLACEMENT_3D('',#6642,#6643,#6644);
#6642 = CARTESIAN_POINT('',(182.,6.,49.2));
#6643 = DIRECTION('',(0.,0.,1.));
#6644 = DIRECTION('',(1.,0.,0.));
#6645 = ORIENTED_EDGE('',*,*,#6646,.T.);
#6646 = EDGE_CURVE('',#6638,#6647,#6649,.T.);
#6647 = VERTEX_POINT('',#6648);
#6648 = CARTESIAN_POINT('',(188.,80.,49.2));
#6649 = LINE('',#6650,#6651);
#6650 = CARTESIAN_POINT('',(188.,6.,49.2));
#6651 = VECTOR('',#6652,1.);
#6652 = DIRECTION('',(0.,1.,0.));
#6653 = ORIENTED_EDGE('',*,*,#6654,.T.);
#6654 = EDGE_CURVE('',#6647,#6655,#6657,.T.);
#6655 = VERTEX_POINT('',#6656);
#6656 = CARTESIAN_POINT('',(182.,86.,49.2));
#6657 = CIRCLE('',#6658,6.);
#6658 = AXIS2_PLACEMENT_3D('',#6659,#6660,#6661);
#6659 = CARTESIAN_POINT('',(182.,80.,49.2));
#6660 = DIRECTION('',(0.,0.,1.));
#6661 = DIRECTION('',(1.,0.,0.));
#6662 = ORIENTED_EDGE('',*,*,#6663,.F.);
#6663 = EDGE_CURVE('',#6664,#6655,#6666,.T.);
#6664 = VERTEX_POINT('',#6665);
#6665 = CARTESIAN_POINT('',(82.,86.,49.2));
#6666 = LINE('',#6667,#6668);
#6667 = CARTESIAN_POINT('',(82.,86.,49.2));
#6668 = VECTOR('',#6669,1.);
#6669 = DIRECTION('',(1.,0.,0.));
#6670 = ORIENTED_EDGE('',*,*,#6671,.T.);
#6671 = EDGE_CURVE('',#6664,#6672,#6674,.T.);
#6672 = VERTEX_POINT('',#6673);
#6673 = CARTESIAN_POINT('',(76.,80.,49.2));
#6674 = CIRCLE('',#6675,6.);
#6675 = AXIS2_PLACEMENT_3D('',#6676,#6677,#6678);
#6676 = CARTESIAN_POINT('',(82.,80.,49.2));
#6677 = DIRECTION('',(0.,0.,1.));
#6678 = DIRECTION('',(1.,0.,0.));
#6679 = ORIENTED_EDGE('',*,*,#6680,.F.);
#6680 = EDGE_CURVE('',#6587,#6672,#6681,.T.);
#6681 = LINE('',#6682,#6683);
#6682 = CARTESIAN_POINT('',(76.,6.,49.2));
#6683 = VECTOR('',#6684,1.);
#6684 = DIRECTION('',(0.,1.,0.));
#6685 = FACE_BOUND('',#6686,.T.);
#6686 = EDGE_LOOP('',(#6687));
#6687 = ORIENTED_EDGE('',*,*,#6688,.F.);
#6688 = EDGE_CURVE('',#6689,#6689,#6691,.T.);
#6689 = VERTEX_POINT('',#6690);
#6690 = CARTESIAN_POINT('',(84.2,7.,49.2));
#6691 = CIRCLE('',#6692,1.2);
#6692 = AXIS2_PLACEMENT_3D('',#6693,#6694,#6695);
#6693 = CARTESIAN_POINT('',(83.,7.,49.2));
#6694 = DIRECTION('',(0.,0.,1.));
#6695 = DIRECTION('',(1.,0.,0.));
#6696 = FACE_BOUND('',#6697,.T.);
#6697 = EDGE_LOOP('',(#6698,#6708,#6716,#6724));
#6698 = ORIENTED_EDGE('',*,*,#6699,.T.);
#6699 = EDGE_CURVE('',#6700,#6702,#6704,.T.);
#6700 = VERTEX_POINT('',#6701);
#6701 = CARTESIAN_POINT('',(168.,7.,49.2));
#6702 = VERTEX_POINT('',#6703);
#6703 = CARTESIAN_POINT('',(96.,7.,49.2));
#6704 = LINE('',#6705,#6706);
#6705 = CARTESIAN_POINT('',(114.,7.,49.2));
#6706 = VECTOR('',#6707,1.);
#6707 = DIRECTION('',(-1.,0.,0.));
#6708 = ORIENTED_EDGE('',*,*,#6709,.T.);
#6709 = EDGE_CURVE('',#6702,#6710,#6712,.T.);
#6710 = VERTEX_POINT('',#6711);
#6711 = CARTESIAN_POINT('',(96.,15.,49.2));
#6712 = LINE('',#6713,#6714);
#6713 = CARTESIAN_POINT('',(96.,25.,49.2));
#6714 = VECTOR('',#6715,1.);
#6715 = DIRECTION('',(0.,1.,0.));
#6716 = ORIENTED_EDGE('',*,*,#6717,.F.);
#6717 = EDGE_CURVE('',#6718,#6710,#6720,.T.);
#6718 = VERTEX_POINT('',#6719);
#6719 = CARTESIAN_POINT('',(168.,15.,49.2));
#6720 = LINE('',#6721,#6722);
#6721 = CARTESIAN_POINT('',(114.,15.,49.2));
#6722 = VECTOR('',#6723,1.);
#6723 = DIRECTION('',(-1.,0.,0.));
#6724 = ORIENTED_EDGE('',*,*,#6725,.F.);
#6725 = EDGE_CURVE('',#6700,#6718,#6726,.T.);
#6726 = LINE('',#6727,#6728);
#6727 = CARTESIAN_POINT('',(168.,25.,49.2));
#6728 = VECTOR('',#6729,1.);
#6729 = DIRECTION('',(0.,1.,0.));
#6730 = FACE_BOUND('',#6731,.T.);
#6731 = EDGE_LOOP('',(#6732));
#6732 = ORIENTED_EDGE('',*,*,#6733,.F.);
#6733 = EDGE_CURVE('',#6734,#6734,#6736,.T.);
#6734 = VERTEX_POINT('',#6735);
#6735 = CARTESIAN_POINT('',(182.2,7.,49.2));
#6736 = CIRCLE('',#6737,1.2);
#6737 = AXIS2_PLACEMENT_3D('',#6738,#6739,#6740);
#6738 = CARTESIAN_POINT('',(181.,7.,49.2));
#6739 = DIRECTION('',(0.,0.,1.));
#6740 = DIRECTION('',(1.,0.,0.));
#6741 = FACE_BOUND('',#6742,.T.);
#6742 = EDGE_LOOP('',(#6743,#6753,#6761,#6769,#6777,#6785,#6793,#6801,
    #6809,#6817,#6825,#6833));
#6743 = ORIENTED_EDGE('',*,*,#6744,.F.);
#6744 = EDGE_CURVE('',#6745,#6747,#6749,.T.);
#6745 = VERTEX_POINT('',#6746);
#6746 = CARTESIAN_POINT('',(159.5,19.,49.2));
#6747 = VERTEX_POINT('',#6748);
#6748 = CARTESIAN_POINT('',(159.5,23.,49.2));
#6749 = LINE('',#6750,#6751);
#6750 = CARTESIAN_POINT('',(159.5,31.,49.2));
#6751 = VECTOR('',#6752,1.);
#6752 = DIRECTION('',(0.,1.,0.));
#6753 = ORIENTED_EDGE('',*,*,#6754,.T.);
#6754 = EDGE_CURVE('',#6745,#6755,#6757,.T.);
#6755 = VERTEX_POINT('',#6756);
#6756 = CARTESIAN_POINT('',(104.5,19.,49.2));
#6757 = LINE('',#6758,#6759);
#6758 = CARTESIAN_POINT('',(118.25,19.,49.2));
#6759 = VECTOR('',#6760,1.);
#6760 = DIRECTION('',(-1.,0.,0.));
#6761 = ORIENTED_EDGE('',*,*,#6762,.T.);
#6762 = EDGE_CURVE('',#6755,#6763,#6765,.T.);
#6763 = VERTEX_POINT('',#6764);
#6764 = CARTESIAN_POINT('',(104.5,23.,49.2));
#6765 = LINE('',#6766,#6767);
#6766 = CARTESIAN_POINT('',(104.5,31.,49.2));
#6767 = VECTOR('',#6768,1.);
#6768 = DIRECTION('',(0.,1.,0.));
#6769 = ORIENTED_EDGE('',*,*,#6770,.T.);
#6770 = EDGE_CURVE('',#6763,#6771,#6773,.T.);
#6771 = VERTEX_POINT('',#6772);
#6772 = CARTESIAN_POINT('',(102.5,23.,49.2));
#6773 = LINE('',#6774,#6775);
#6774 = CARTESIAN_POINT('',(117.25,23.,49.2));
#6775 = VECTOR('',#6776,1.);
#6776 = DIRECTION('',(-1.,0.,0.));
#6777 = ORIENTED_EDGE('',*,*,#6778,.T.);
#6778 = EDGE_CURVE('',#6771,#6779,#6781,.T.);
#6779 = VERTEX_POINT('',#6780);
#6780 = CARTESIAN_POINT('',(102.5,62.,49.2));
#6781 = LINE('',#6782,#6783);
#6782 = CARTESIAN_POINT('',(102.5,33.,49.2));
#6783 = VECTOR('',#6784,1.);
#6784 = DIRECTION('',(0.,1.,0.));
#6785 = ORIENTED_EDGE('',*,*,#6786,.F.);
#6786 = EDGE_CURVE('',#6787,#6779,#6789,.T.);
#6787 = VERTEX_POINT('',#6788);
#6788 = CARTESIAN_POINT('',(104.5,62.,49.2));
#6789 = LINE('',#6790,#6791);
#6790 = CARTESIAN_POINT('',(117.25,62.,49.2));
#6791 = VECTOR('',#6792,1.);
#6792 = DIRECTION('',(-1.,0.,0.));
#6793 = ORIENTED_EDGE('',*,*,#6794,.T.);
#6794 = EDGE_CURVE('',#6787,#6795,#6797,.T.);
#6795 = VERTEX_POINT('',#6796);
#6796 = CARTESIAN_POINT('',(104.5,66.,49.2));
#6797 = LINE('',#6798,#6799);
#6798 = CARTESIAN_POINT('',(104.5,31.,49.2));
#6799 = VECTOR('',#6800,1.);
#6800 = DIRECTION('',(0.,1.,0.));
#6801 = ORIENTED_EDGE('',*,*,#6802,.F.);
#6802 = EDGE_CURVE('',#6803,#6795,#6805,.T.);
#6803 = VERTEX_POINT('',#6804);
#6804 = CARTESIAN_POINT('',(159.5,66.,49.2));
#6805 = LINE('',#6806,#6807);
#6806 = CARTESIAN_POINT('',(118.25,66.,49.2));
#6807 = VECTOR('',#6808,1.);
#6808 = DIRECTION('',(-1.,0.,0.));
#6809 = ORIENTED_EDGE('',*,*,#6810,.F.);
#6810 = EDGE_CURVE('',#6811,#6803,#6813,.T.);
#6811 = VERTEX_POINT('',#6812);
#6812 = CARTESIAN_POINT('',(159.5,62.,49.2));
#6813 = LINE('',#6814,#6815);
#6814 = CARTESIAN_POINT('',(159.5,31.,49.2));
#6815 = VECTOR('',#6816,1.);
#6816 = DIRECTION('',(0.,1.,0.));
#6817 = ORIENTED_EDGE('',*,*,#6818,.F.);
#6818 = EDGE_CURVE('',#6819,#6811,#6821,.T.);
#6819 = VERTEX_POINT('',#6820);
#6820 = CARTESIAN_POINT('',(161.5,62.,49.2));
#6821 = LINE('',#6822,#6823);
#6822 = CARTESIAN_POINT('',(145.75,62.,49.2));
#6823 = VECTOR('',#6824,1.);
#6824 = DIRECTION('',(-1.,0.,0.));
#6825 = ORIENTED_EDGE('',*,*,#6826,.F.);
#6826 = EDGE_CURVE('',#6827,#6819,#6829,.T.);
#6827 = VERTEX_POINT('',#6828);
#6828 = CARTESIAN_POINT('',(161.5,23.,49.2));
#6829 = LINE('',#6830,#6831);
#6830 = CARTESIAN_POINT('',(161.5,33.,49.2));
#6831 = VECTOR('',#6832,1.);
#6832 = DIRECTION('',(0.,1.,0.));
#6833 = ORIENTED_EDGE('',*,*,#6834,.T.);
#6834 = EDGE_CURVE('',#6827,#6747,#6835,.T.);
#6835 = LINE('',#6836,#6837);
#6836 = CARTESIAN_POINT('',(145.75,23.,49.2));
#6837 = VECTOR('',#6838,1.);
#6838 = DIRECTION('',(-1.,0.,0.));
#6839 = FACE_BOUND('',#6840,.T.);
#6840 = EDGE_LOOP('',(#6841));
#6841 = ORIENTED_EDGE('',*,*,#6842,.F.);
#6842 = EDGE_CURVE('',#6843,#6843,#6845,.T.);
#6843 = VERTEX_POINT('',#6844);
#6844 = CARTESIAN_POINT('',(84.2,79.,49.2));
#6845 = CIRCLE('',#6846,1.2);
#6846 = AXIS2_PLACEMENT_3D('',#6847,#6848,#6849);
#6847 = CARTESIAN_POINT('',(83.,79.,49.2));
#6848 = DIRECTION('',(0.,0.,1.));
#6849 = DIRECTION('',(1.,0.,0.));
#6850 = FACE_BOUND('',#6851,.T.);
#6851 = EDGE_LOOP('',(#6852));
#6852 = ORIENTED_EDGE('',*,*,#6853,.F.);
#6853 = EDGE_CURVE('',#6854,#6854,#6856,.T.);
#6854 = VERTEX_POINT('',#6855);
#6855 = CARTESIAN_POINT('',(119.,75.,49.2));
#6856 = CIRCLE('',#6857,6.);
#6857 = AXIS2_PLACEMENT_3D('',#6858,#6859,#6860);
#6858 = CARTESIAN_POINT('',(113.,75.,49.2));
#6859 = DIRECTION('',(0.,0.,1.));
#6860 = DIRECTION('',(1.,0.,0.));
#6861 = FACE_BOUND('',#6862,.T.);
#6862 = EDGE_LOOP('',(#6863));
#6863 = ORIENTED_EDGE('',*,*,#6864,.F.);
#6864 = EDGE_CURVE('',#6865,#6865,#6867,.T.);
#6865 = VERTEX_POINT('',#6866);
#6866 = CARTESIAN_POINT('',(138.,75.,49.2));
#6867 = CIRCLE('',#6868,6.);
#6868 = AXIS2_PLACEMENT_3D('',#6869,#6870,#6871);
#6869 = CARTESIAN_POINT('',(132.,75.,49.2));
#6870 = DIRECTION('',(0.,0.,1.));
#6871 = DIRECTION('',(1.,0.,0.));
#6872 = FACE_BOUND('',#6873,.T.);
#6873 = EDGE_LOOP('',(#6874));
#6874 = ORIENTED_EDGE('',*,*,#6875,.F.);
#6875 = EDGE_CURVE('',#6876,#6876,#6878,.T.);
#6876 = VERTEX_POINT('',#6877);
#6877 = CARTESIAN_POINT('',(157.,75.,49.2));
#6878 = CIRCLE('',#6879,6.);
#6879 = AXIS2_PLACEMENT_3D('',#6880,#6881,#6882);
#6880 = CARTESIAN_POINT('',(151.,75.,49.2));
#6881 = DIRECTION('',(0.,0.,1.));
#6882 = DIRECTION('',(1.,0.,0.));
#6883 = FACE_BOUND('',#6884,.T.);
#6884 = EDGE_LOOP('',(#6885));
#6885 = ORIENTED_EDGE('',*,*,#6886,.F.);
#6886 = EDGE_CURVE('',#6887,#6887,#6889,.T.);
#6887 = VERTEX_POINT('',#6888);
#6888 = CARTESIAN_POINT('',(182.2,79.,49.2));
#6889 = CIRCLE('',#6890,1.2);
#6890 = AXIS2_PLACEMENT_3D('',#6891,#6892,#6893);
#6891 = CARTESIAN_POINT('',(181.,79.,49.2));
#6892 = DIRECTION('',(0.,0.,1.));
#6893 = DIRECTION('',(1.,0.,0.));
#6894 = PLANE('',#6895);
#6895 = AXIS2_PLACEMENT_3D('',#6896,#6897,#6898);
#6896 = CARTESIAN_POINT('',(132.,43.,49.2));
#6897 = DIRECTION('',(0.,0.,1.));
#6898 = DIRECTION('',(1.,0.,0.));
#6899 = ADVANCED_FACE('',(#6900),#6918,.F.);
#6900 = FACE_BOUND('',#6901,.F.);
#6901 = EDGE_LOOP('',(#6902,#6910,#6911,#6912));
#6902 = ORIENTED_EDGE('',*,*,#6903,.F.);
#6903 = EDGE_CURVE('',#6606,#6904,#6906,.T.);
#6904 = VERTEX_POINT('',#6905);
#6905 = CARTESIAN_POINT('',(182.,0.,46.));
#6906 = LINE('',#6907,#6908);
#6907 = CARTESIAN_POINT('',(82.,0.,46.));
#6908 = VECTOR('',#6909,1.);
#6909 = DIRECTION('',(1.,0.,0.));
#6910 = ORIENTED_EDGE('',*,*,#6614,.T.);
#6911 = ORIENTED_EDGE('',*,*,#6629,.T.);
#6912 = ORIENTED_EDGE('',*,*,#6913,.F.);
#6913 = EDGE_CURVE('',#6904,#6630,#6914,.T.);
#6914 = LINE('',#6915,#6916);
#6915 = CARTESIAN_POINT('',(182.,0.,46.));
#6916 = VECTOR('',#6917,1.);
#6917 = DIRECTION('',(0.,0.,1.));
#6918 = PLANE('',#6919);
#6919 = AXIS2_PLACEMENT_3D('',#6920,#6921,#6922);
#6920 = CARTESIAN_POINT('',(82.,0.,46.));
#6921 = DIRECTION('',(0.,1.,0.));
#6922 = DIRECTION('',(0.,0.,1.));
#6923 = ADVANCED_FACE('',(#6924,#6977),#7011,.T.);
#6924 = FACE_BOUND('',#6925,.T.);
#6925 = EDGE_LOOP('',(#6926,#6927,#6935,#6944,#6952,#6961,#6969,#6976));
#6926 = ORIENTED_EDGE('',*,*,#6605,.F.);
#6927 = ORIENTED_EDGE('',*,*,#6928,.T.);
#6928 = EDGE_CURVE('',#6598,#6929,#6931,.T.);
#6929 = VERTEX_POINT('',#6930);
#6930 = CARTESIAN_POINT('',(76.,80.,46.));
#6931 = LINE('',#6932,#6933);
#6932 = CARTESIAN_POINT('',(76.,6.,46.));
#6933 = VECTOR('',#6934,1.);
#6934 = DIRECTION('',(0.,1.,0.));
#6935 = ORIENTED_EDGE('',*,*,#6936,.F.);
#6936 = EDGE_CURVE('',#6937,#6929,#6939,.T.);
#6937 = VERTEX_POINT('',#6938);
#6938 = CARTESIAN_POINT('',(82.,86.,46.));
#6939 = CIRCLE('',#6940,6.);
#6940 = AXIS2_PLACEMENT_3D('',#6941,#6942,#6943);
#6941 = CARTESIAN_POINT('',(82.,80.,46.));
#6942 = DIRECTION('',(0.,0.,1.));
#6943 = DIRECTION('',(1.,0.,0.));
#6944 = ORIENTED_EDGE('',*,*,#6945,.T.);
#6945 = EDGE_CURVE('',#6937,#6946,#6948,.T.);
#6946 = VERTEX_POINT('',#6947);
#6947 = CARTESIAN_POINT('',(182.,86.,46.));
#6948 = LINE('',#6949,#6950);
#6949 = CARTESIAN_POINT('',(82.,86.,46.));
#6950 = VECTOR('',#6951,1.);
#6951 = DIRECTION('',(1.,0.,0.));
#6952 = ORIENTED_EDGE('',*,*,#6953,.F.);
#6953 = EDGE_CURVE('',#6954,#6946,#6956,.T.);
#6954 = VERTEX_POINT('',#6955);
#6955 = CARTESIAN_POINT('',(188.,80.,46.));
#6956 = CIRCLE('',#6957,6.);
#6957 = AXIS2_PLACEMENT_3D('',#6958,#6959,#6960);
#6958 = CARTESIAN_POINT('',(182.,80.,46.));
#6959 = DIRECTION('',(0.,0.,1.));
#6960 = DIRECTION('',(1.,0.,0.));
#6961 = ORIENTED_EDGE('',*,*,#6962,.F.);
#6962 = EDGE_CURVE('',#6963,#6954,#6965,.T.);
#6963 = VERTEX_POINT('',#6964);
#6964 = CARTESIAN_POINT('',(188.,6.,46.));
#6965 = LINE('',#6966,#6967);
#6966 = CARTESIAN_POINT('',(188.,6.,46.));
#6967 = VECTOR('',#6968,1.);
#6968 = DIRECTION('',(0.,1.,0.));
#6969 = ORIENTED_EDGE('',*,*,#6970,.F.);
#6970 = EDGE_CURVE('',#6904,#6963,#6971,.T.);
#6971 = CIRCLE('',#6972,6.);
#6972 = AXIS2_PLACEMENT_3D('',#6973,#6974,#6975);
#6973 = CARTESIAN_POINT('',(182.,6.,46.));
#6974 = DIRECTION('',(0.,0.,1.));
#6975 = DIRECTION('',(1.,0.,0.));
#6976 = ORIENTED_EDGE('',*,*,#6903,.F.);
#6977 = FACE_BOUND('',#6978,.T.);
#6978 = EDGE_LOOP('',(#6979,#6989,#6997,#7005));
#6979 = ORIENTED_EDGE('',*,*,#6980,.T.);
#6980 = EDGE_CURVE('',#6981,#6983,#6985,.T.);
#6981 = VERTEX_POINT('',#6982);
#6982 = CARTESIAN_POINT('',(78.75,83.25,46.));
#6983 = VERTEX_POINT('',#6984);
#6984 = CARTESIAN_POINT('',(78.75,2.75,46.));
#6985 = LINE('',#6986,#6987);
#6986 = CARTESIAN_POINT('',(78.75,62.325,46.));
#6987 = VECTOR('',#6988,1.);
#6988 = DIRECTION('',(0.,-1.,0.));
#6989 = ORIENTED_EDGE('',*,*,#6990,.T.);
#6990 = EDGE_CURVE('',#6983,#6991,#6993,.T.);
#6991 = VERTEX_POINT('',#6992);
#6992 = CARTESIAN_POINT('',(185.25,2.75,46.));
#6993 = LINE('',#6994,#6995);
#6994 = CARTESIAN_POINT('',(105.375,2.75,46.));
#6995 = VECTOR('',#6996,1.);
#6996 = DIRECTION('',(1.,0.,0.));
#6997 = ORIENTED_EDGE('',*,*,#6998,.F.);
#6998 = EDGE_CURVE('',#6999,#6991,#7001,.T.);
#6999 = VERTEX_POINT('',#7000);
#7000 = CARTESIAN_POINT('',(185.25,83.25,46.));
#7001 = LINE('',#7002,#7003);
#7002 = CARTESIAN_POINT('',(185.25,22.875,46.));
#7003 = VECTOR('',#7004,1.);
#7004 = DIRECTION('',(0.,-1.,0.));
#7005 = ORIENTED_EDGE('',*,*,#7006,.F.);
#7006 = EDGE_CURVE('',#6981,#6999,#7007,.T.);
#7007 = LINE('',#7008,#7009);
#7008 = CARTESIAN_POINT('',(105.375,83.25,46.));
#7009 = VECTOR('',#7010,1.);
#7010 = DIRECTION('',(1.,0.,0.));
#7011 = PLANE('',#7012);
#7012 = AXIS2_PLACEMENT_3D('',#7013,#7014,#7015);
#7013 = CARTESIAN_POINT('',(132.,43.,46.));
#7014 = DIRECTION('',(-0.,-0.,-1.));
#7015 = DIRECTION('',(-1.,0.,0.));
#7016 = ADVANCED_FACE('',(#7017),#7028,.F.);
#7017 = FACE_BOUND('',#7018,.F.);
#7018 = EDGE_LOOP('',(#7019,#7020,#7021,#7027));
#7019 = ORIENTED_EDGE('',*,*,#6597,.F.);
#7020 = ORIENTED_EDGE('',*,*,#6928,.T.);
#7021 = ORIENTED_EDGE('',*,*,#7022,.T.);
#7022 = EDGE_CURVE('',#6929,#6672,#7023,.T.);
#7023 = LINE('',#7024,#7025);
#7024 = CARTESIAN_POINT('',(76.,80.,46.));
#7025 = VECTOR('',#7026,1.);
#7026 = DIRECTION('',(0.,0.,1.));
#7027 = ORIENTED_EDGE('',*,*,#6680,.F.);
#7028 = PLANE('',#7029);
#7029 = AXIS2_PLACEMENT_3D('',#7030,#7031,#7032);
#7030 = CARTESIAN_POINT('',(76.,6.,46.));
#7031 = DIRECTION('',(1.,0.,0.));
#7032 = DIRECTION('',(0.,0.,1.));
#7033 = ADVANCED_FACE('',(#7034),#7045,.T.);
#7034 = FACE_BOUND('',#7035,.T.);
#7035 = EDGE_LOOP('',(#7036,#7037,#7043,#7044));
#7036 = ORIENTED_EDGE('',*,*,#6671,.F.);
#7037 = ORIENTED_EDGE('',*,*,#7038,.F.);
#7038 = EDGE_CURVE('',#6937,#6664,#7039,.T.);
#7039 = LINE('',#7040,#7041);
#7040 = CARTESIAN_POINT('',(82.,86.,46.));
#7041 = VECTOR('',#7042,1.);
#7042 = DIRECTION('',(0.,0.,1.));
#7043 = ORIENTED_EDGE('',*,*,#6936,.T.);
#7044 = ORIENTED_EDGE('',*,*,#7022,.T.);
#7045 = CYLINDRICAL_SURFACE('',#7046,6.);
#7046 = AXIS2_PLACEMENT_3D('',#7047,#7048,#7049);
#7047 = CARTESIAN_POINT('',(82.,80.,46.));
#7048 = DIRECTION('',(0.,0.,1.));
#7049 = DIRECTION('',(1.,0.,0.));
#7050 = ADVANCED_FACE('',(#7051),#7062,.T.);
#7051 = FACE_BOUND('',#7052,.T.);
#7052 = EDGE_LOOP('',(#7053,#7054,#7055,#7056));
#7053 = ORIENTED_EDGE('',*,*,#6637,.F.);
#7054 = ORIENTED_EDGE('',*,*,#6913,.F.);
#7055 = ORIENTED_EDGE('',*,*,#6970,.T.);
#7056 = ORIENTED_EDGE('',*,*,#7057,.T.);
#7057 = EDGE_CURVE('',#6963,#6638,#7058,.T.);
#7058 = LINE('',#7059,#7060);
#7059 = CARTESIAN_POINT('',(188.,6.,46.));
#7060 = VECTOR('',#7061,1.);
#7061 = DIRECTION('',(0.,0.,1.));
#7062 = CYLINDRICAL_SURFACE('',#7063,6.);
#7063 = AXIS2_PLACEMENT_3D('',#7064,#7065,#7066);
#7064 = CARTESIAN_POINT('',(182.,6.,46.));
#7065 = DIRECTION('',(0.,0.,1.));
#7066 = DIRECTION('',(1.,0.,0.));
#7067 = ADVANCED_FACE('',(#7068),#7079,.T.);
#7068 = FACE_BOUND('',#7069,.T.);
#7069 = EDGE_LOOP('',(#7070,#7071,#7072,#7073));
#7070 = ORIENTED_EDGE('',*,*,#6945,.F.);
#7071 = ORIENTED_EDGE('',*,*,#7038,.T.);
#7072 = ORIENTED_EDGE('',*,*,#6663,.T.);
#7073 = ORIENTED_EDGE('',*,*,#7074,.F.);
#7074 = EDGE_CURVE('',#6946,#6655,#7075,.T.);
#7075 = LINE('',#7076,#7077);
#7076 = CARTESIAN_POINT('',(182.,86.,46.));
#7077 = VECTOR('',#7078,1.);
#7078 = DIRECTION('',(0.,0.,1.));
#7079 = PLANE('',#7080);
#7080 = AXIS2_PLACEMENT_3D('',#7081,#7082,#7083);
#7081 = CARTESIAN_POINT('',(82.,86.,46.));
#7082 = DIRECTION('',(0.,1.,0.));
#7083 = DIRECTION('',(0.,0.,1.));
#7084 = ADVANCED_FACE('',(#7085),#7096,.T.);
#7085 = FACE_BOUND('',#7086,.T.);
#7086 = EDGE_LOOP('',(#7087,#7088,#7089,#7095));
#7087 = ORIENTED_EDGE('',*,*,#7057,.F.);
#7088 = ORIENTED_EDGE('',*,*,#6962,.T.);
#7089 = ORIENTED_EDGE('',*,*,#7090,.T.);
#7090 = EDGE_CURVE('',#6954,#6647,#7091,.T.);
#7091 = LINE('',#7092,#7093);
#7092 = CARTESIAN_POINT('',(188.,80.,46.));
#7093 = VECTOR('',#7094,1.);
#7094 = DIRECTION('',(0.,0.,1.));
#7095 = ORIENTED_EDGE('',*,*,#6646,.F.);
#7096 = PLANE('',#7097);
#7097 = AXIS2_PLACEMENT_3D('',#7098,#7099,#7100);
#7098 = CARTESIAN_POINT('',(188.,6.,46.));
#7099 = DIRECTION('',(1.,0.,0.));
#7100 = DIRECTION('',(0.,0.,1.));
#7101 = ADVANCED_FACE('',(#7102),#7108,.T.);
#7102 = FACE_BOUND('',#7103,.T.);
#7103 = EDGE_LOOP('',(#7104,#7105,#7106,#7107));
#7104 = ORIENTED_EDGE('',*,*,#6654,.F.);
#7105 = ORIENTED_EDGE('',*,*,#7090,.F.);
#7106 = ORIENTED_EDGE('',*,*,#6953,.T.);
#7107 = ORIENTED_EDGE('',*,*,#7074,.T.);
#7108 = CYLINDRICAL_SURFACE('',#7109,6.);
#7109 = AXIS2_PLACEMENT_3D('',#7110,#7111,#7112);
#7110 = CARTESIAN_POINT('',(182.,80.,46.));
#7111 = DIRECTION('',(0.,0.,1.));
#7112 = DIRECTION('',(1.,0.,0.));
#7113 = ADVANCED_FACE('',(#7114),#7133,.F.);
#7114 = FACE_BOUND('',#7115,.F.);
#7115 = EDGE_LOOP('',(#7116,#7117,#7125,#7132));
#7116 = ORIENTED_EDGE('',*,*,#6688,.F.);
#7117 = ORIENTED_EDGE('',*,*,#7118,.F.);
#7118 = EDGE_CURVE('',#7119,#6689,#7121,.T.);
#7119 = VERTEX_POINT('',#7120);
#7120 = CARTESIAN_POINT('',(84.2,7.,46.));
#7121 = LINE('',#7122,#7123);
#7122 = CARTESIAN_POINT('',(84.2,7.,43.7));
#7123 = VECTOR('',#7124,1.);
#7124 = DIRECTION('',(0.,0.,1.));
#7125 = ORIENTED_EDGE('',*,*,#7126,.T.);
#7126 = EDGE_CURVE('',#7119,#7119,#7127,.T.);
#7127 = CIRCLE('',#7128,1.2);
#7128 = AXIS2_PLACEMENT_3D('',#7129,#7130,#7131);
#7129 = CARTESIAN_POINT('',(83.,7.,46.));
#7130 = DIRECTION('',(0.,0.,1.));
#7131 = DIRECTION('',(1.,0.,0.));
#7132 = ORIENTED_EDGE('',*,*,#7118,.T.);
#7133 = CYLINDRICAL_SURFACE('',#7134,1.2);
#7134 = AXIS2_PLACEMENT_3D('',#7135,#7136,#7137);
#7135 = CARTESIAN_POINT('',(83.,7.,43.7));
#7136 = DIRECTION('',(0.,0.,1.));
#7137 = DIRECTION('',(1.,0.,0.));
#7138 = ADVANCED_FACE('',(#7139),#7164,.T.);
#7139 = FACE_BOUND('',#7140,.T.);
#7140 = EDGE_LOOP('',(#7141,#7149,#7157,#7163));
#7141 = ORIENTED_EDGE('',*,*,#7142,.F.);
#7142 = EDGE_CURVE('',#7143,#6700,#7145,.T.);
#7143 = VERTEX_POINT('',#7144);
#7144 = CARTESIAN_POINT('',(168.,7.,46.));
#7145 = LINE('',#7146,#7147);
#7146 = CARTESIAN_POINT('',(168.,7.,43.7));
#7147 = VECTOR('',#7148,1.);
#7148 = DIRECTION('',(0.,0.,1.));
#7149 = ORIENTED_EDGE('',*,*,#7150,.F.);
#7150 = EDGE_CURVE('',#7151,#7143,#7153,.T.);
#7151 = VERTEX_POINT('',#7152);
#7152 = CARTESIAN_POINT('',(96.,7.,46.));
#7153 = LINE('',#7154,#7155);
#7154 = CARTESIAN_POINT('',(114.,7.,46.));
#7155 = VECTOR('',#7156,1.);
#7156 = DIRECTION('',(1.,0.,0.));
#7157 = ORIENTED_EDGE('',*,*,#7158,.T.);
#7158 = EDGE_CURVE('',#7151,#6702,#7159,.T.);
#7159 = LINE('',#7160,#7161);
#7160 = CARTESIAN_POINT('',(96.,7.,43.7));
#7161 = VECTOR('',#7162,1.);
#7162 = DIRECTION('',(0.,0.,1.));
#7163 = ORIENTED_EDGE('',*,*,#6699,.F.);
#7164 = PLANE('',#7165);
#7165 = AXIS2_PLACEMENT_3D('',#7166,#7167,#7168);
#7166 = CARTESIAN_POINT('',(96.,7.,43.7));
#7167 = DIRECTION('',(0.,1.,0.));
#7168 = DIRECTION('',(0.,0.,1.));
#7169 = ADVANCED_FACE('',(#7170),#7188,.F.);
#7170 = FACE_BOUND('',#7171,.F.);
#7171 = EDGE_LOOP('',(#7172,#7173,#7181,#7187));
#7172 = ORIENTED_EDGE('',*,*,#7142,.F.);
#7173 = ORIENTED_EDGE('',*,*,#7174,.F.);
#7174 = EDGE_CURVE('',#7175,#7143,#7177,.T.);
#7175 = VERTEX_POINT('',#7176);
#7176 = CARTESIAN_POINT('',(168.,15.,46.));
#7177 = LINE('',#7178,#7179);
#7178 = CARTESIAN_POINT('',(168.,25.,46.));
#7179 = VECTOR('',#7180,1.);
#7180 = DIRECTION('',(0.,-1.,0.));
#7181 = ORIENTED_EDGE('',*,*,#7182,.T.);
#7182 = EDGE_CURVE('',#7175,#6718,#7183,.T.);
#7183 = LINE('',#7184,#7185);
#7184 = CARTESIAN_POINT('',(168.,15.,43.7));
#7185 = VECTOR('',#7186,1.);
#7186 = DIRECTION('',(0.,0.,1.));
#7187 = ORIENTED_EDGE('',*,*,#6725,.F.);
#7188 = PLANE('',#7189);
#7189 = AXIS2_PLACEMENT_3D('',#7190,#7191,#7192);
#7190 = CARTESIAN_POINT('',(168.,7.,43.7));
#7191 = DIRECTION('',(1.,0.,0.));
#7192 = DIRECTION('',(0.,0.,1.));
#7193 = ADVANCED_FACE('',(#7194),#7212,.T.);
#7194 = FACE_BOUND('',#7195,.T.);
#7195 = EDGE_LOOP('',(#7196,#7197,#7205,#7211));
#7196 = ORIENTED_EDGE('',*,*,#7158,.F.);
#7197 = ORIENTED_EDGE('',*,*,#7198,.F.);
#7198 = EDGE_CURVE('',#7199,#7151,#7201,.T.);
#7199 = VERTEX_POINT('',#7200);
#7200 = CARTESIAN_POINT('',(96.,15.,46.));
#7201 = LINE('',#7202,#7203);
#7202 = CARTESIAN_POINT('',(96.,25.,46.));
#7203 = VECTOR('',#7204,1.);
#7204 = DIRECTION('',(0.,-1.,0.));
#7205 = ORIENTED_EDGE('',*,*,#7206,.T.);
#7206 = EDGE_CURVE('',#7199,#6710,#7207,.T.);
#7207 = LINE('',#7208,#7209);
#7208 = CARTESIAN_POINT('',(96.,15.,43.7));
#7209 = VECTOR('',#7210,1.);
#7210 = DIRECTION('',(0.,0.,1.));
#7211 = ORIENTED_EDGE('',*,*,#6709,.F.);
#7212 = PLANE('',#7213);
#7213 = AXIS2_PLACEMENT_3D('',#7214,#7215,#7216);
#7214 = CARTESIAN_POINT('',(96.,7.,43.7));
#7215 = DIRECTION('',(1.,0.,0.));
#7216 = DIRECTION('',(0.,0.,1.));
#7217 = ADVANCED_FACE('',(#7218),#7229,.F.);
#7218 = FACE_BOUND('',#7219,.F.);
#7219 = EDGE_LOOP('',(#7220,#7221,#7227,#7228));
#7220 = ORIENTED_EDGE('',*,*,#7182,.F.);
#7221 = ORIENTED_EDGE('',*,*,#7222,.F.);
#7222 = EDGE_CURVE('',#7199,#7175,#7223,.T.);
#7223 = LINE('',#7224,#7225);
#7224 = CARTESIAN_POINT('',(114.,15.,46.));
#7225 = VECTOR('',#7226,1.);
#7226 = DIRECTION('',(1.,0.,0.));
#7227 = ORIENTED_EDGE('',*,*,#7206,.T.);
#7228 = ORIENTED_EDGE('',*,*,#6717,.F.);
#7229 = PLANE('',#7230);
#7230 = AXIS2_PLACEMENT_3D('',#7231,#7232,#7233);
#7231 = CARTESIAN_POINT('',(96.,15.,43.7));
#7232 = DIRECTION('',(0.,1.,0.));
#7233 = DIRECTION('',(0.,0.,1.));
#7234 = ADVANCED_FACE('',(#7235),#7254,.F.);
#7235 = FACE_BOUND('',#7236,.F.);
#7236 = EDGE_LOOP('',(#7237,#7238,#7246,#7253));
#7237 = ORIENTED_EDGE('',*,*,#6733,.F.);
#7238 = ORIENTED_EDGE('',*,*,#7239,.F.);
#7239 = EDGE_CURVE('',#7240,#6734,#7242,.T.);
#7240 = VERTEX_POINT('',#7241);
#7241 = CARTESIAN_POINT('',(182.2,7.,46.));
#7242 = LINE('',#7243,#7244);
#7243 = CARTESIAN_POINT('',(182.2,7.,43.7));
#7244 = VECTOR('',#7245,1.);
#7245 = DIRECTION('',(0.,0.,1.));
#7246 = ORIENTED_EDGE('',*,*,#7247,.T.);
#7247 = EDGE_CURVE('',#7240,#7240,#7248,.T.);
#7248 = CIRCLE('',#7249,1.2);
#7249 = AXIS2_PLACEMENT_3D('',#7250,#7251,#7252);
#7250 = CARTESIAN_POINT('',(181.,7.,46.));
#7251 = DIRECTION('',(0.,0.,1.));
#7252 = DIRECTION('',(1.,0.,0.));
#7253 = ORIENTED_EDGE('',*,*,#7239,.T.);
#7254 = CYLINDRICAL_SURFACE('',#7255,1.2);
#7255 = AXIS2_PLACEMENT_3D('',#7256,#7257,#7258);
#7256 = CARTESIAN_POINT('',(181.,7.,43.7));
#7257 = DIRECTION('',(0.,0.,1.));
#7258 = DIRECTION('',(1.,0.,0.));
#7259 = ADVANCED_FACE('',(#7260),#7285,.F.);
#7260 = FACE_BOUND('',#7261,.F.);
#7261 = EDGE_LOOP('',(#7262,#7263,#7271,#7279));
#7262 = ORIENTED_EDGE('',*,*,#6834,.T.);
#7263 = ORIENTED_EDGE('',*,*,#7264,.T.);
#7264 = EDGE_CURVE('',#6747,#7265,#7267,.T.);
#7265 = VERTEX_POINT('',#7266);
#7266 = CARTESIAN_POINT('',(159.5,23.,51.6));
#7267 = LINE('',#7268,#7269);
#7268 = CARTESIAN_POINT('',(159.5,23.,49.1));
#7269 = VECTOR('',#7270,1.);
#7270 = DIRECTION('',(0.,0.,1.));
#7271 = ORIENTED_EDGE('',*,*,#7272,.T.);
#7272 = EDGE_CURVE('',#7265,#7273,#7275,.T.);
#7273 = VERTEX_POINT('',#7274);
#7274 = CARTESIAN_POINT('',(161.5,23.,51.6));
#7275 = LINE('',#7276,#7277);
#7276 = CARTESIAN_POINT('',(159.5,23.,51.6));
#7277 = VECTOR('',#7278,1.);
#7278 = DIRECTION('',(1.,0.,0.));
#7279 = ORIENTED_EDGE('',*,*,#7280,.F.);
#7280 = EDGE_CURVE('',#6827,#7273,#7281,.T.);
#7281 = LINE('',#7282,#7283);
#7282 = CARTESIAN_POINT('',(161.5,23.,49.1));
#7283 = VECTOR('',#7284,1.);
#7284 = DIRECTION('',(0.,0.,1.));
#7285 = PLANE('',#7286);
#7286 = AXIS2_PLACEMENT_3D('',#7287,#7288,#7289);
#7287 = CARTESIAN_POINT('',(159.5,23.,49.1));
#7288 = DIRECTION('',(0.,1.,0.));
#7289 = DIRECTION('',(0.,0.,1.));
#7290 = ADVANCED_FACE('',(#7291),#7309,.T.);
#7291 = FACE_BOUND('',#7292,.T.);
#7292 = EDGE_LOOP('',(#7293,#7294,#7295,#7303));
#7293 = ORIENTED_EDGE('',*,*,#7280,.F.);
#7294 = ORIENTED_EDGE('',*,*,#6826,.T.);
#7295 = ORIENTED_EDGE('',*,*,#7296,.T.);
#7296 = EDGE_CURVE('',#6819,#7297,#7299,.T.);
#7297 = VERTEX_POINT('',#7298);
#7298 = CARTESIAN_POINT('',(161.5,62.,51.6));
#7299 = LINE('',#7300,#7301);
#7300 = CARTESIAN_POINT('',(161.5,62.,49.1));
#7301 = VECTOR('',#7302,1.);
#7302 = DIRECTION('',(0.,0.,1.));
#7303 = ORIENTED_EDGE('',*,*,#7304,.F.);
#7304 = EDGE_CURVE('',#7273,#7297,#7305,.T.);
#7305 = LINE('',#7306,#7307);
#7306 = CARTESIAN_POINT('',(161.5,23.,51.6));
#7307 = VECTOR('',#7308,1.);
#7308 = DIRECTION('',(0.,1.,0.));
#7309 = PLANE('',#7310);
#7310 = AXIS2_PLACEMENT_3D('',#7311,#7312,#7313);
#7311 = CARTESIAN_POINT('',(161.5,23.,49.1));
#7312 = DIRECTION('',(1.,0.,0.));
#7313 = DIRECTION('',(0.,0.,1.));
#7314 = ADVANCED_FACE('',(#7315),#7333,.T.);
#7315 = FACE_BOUND('',#7316,.T.);
#7316 = EDGE_LOOP('',(#7317,#7318,#7326,#7332));
#7317 = ORIENTED_EDGE('',*,*,#6818,.T.);
#7318 = ORIENTED_EDGE('',*,*,#7319,.T.);
#7319 = EDGE_CURVE('',#6811,#7320,#7322,.T.);
#7320 = VERTEX_POINT('',#7321);
#7321 = CARTESIAN_POINT('',(159.5,62.,51.6));
#7322 = LINE('',#7323,#7324);
#7323 = CARTESIAN_POINT('',(159.5,62.,49.1));
#7324 = VECTOR('',#7325,1.);
#7325 = DIRECTION('',(0.,0.,1.));
#7326 = ORIENTED_EDGE('',*,*,#7327,.T.);
#7327 = EDGE_CURVE('',#7320,#7297,#7328,.T.);
#7328 = LINE('',#7329,#7330);
#7329 = CARTESIAN_POINT('',(159.5,62.,51.6));
#7330 = VECTOR('',#7331,1.);
#7331 = DIRECTION('',(1.,0.,0.));
#7332 = ORIENTED_EDGE('',*,*,#7296,.F.);
#7333 = PLANE('',#7334);
#7334 = AXIS2_PLACEMENT_3D('',#7335,#7336,#7337);
#7335 = CARTESIAN_POINT('',(159.5,62.,49.1));
#7336 = DIRECTION('',(0.,1.,0.));
#7337 = DIRECTION('',(0.,0.,1.));
#7338 = ADVANCED_FACE('',(#7339),#7364,.F.);
#7339 = FACE_BOUND('',#7340,.F.);
#7340 = EDGE_LOOP('',(#7341,#7349,#7357,#7363));
#7341 = ORIENTED_EDGE('',*,*,#7342,.F.);
#7342 = EDGE_CURVE('',#7343,#6803,#7345,.T.);
#7343 = VERTEX_POINT('',#7344);
#7344 = CARTESIAN_POINT('',(159.5,66.,48.2));
#7345 = LINE('',#7346,#7347);
#7346 = CARTESIAN_POINT('',(159.5,66.,48.2));
#7347 = VECTOR('',#7348,1.);
#7348 = DIRECTION('',(0.,0.,1.));
#7349 = ORIENTED_EDGE('',*,*,#7350,.F.);
#7350 = EDGE_CURVE('',#7351,#7343,#7353,.T.);
#7351 = VERTEX_POINT('',#7352);
#7352 = CARTESIAN_POINT('',(104.5,66.,48.2));
#7353 = LINE('',#7354,#7355);
#7354 = CARTESIAN_POINT('',(104.5,66.,48.2));
#7355 = VECTOR('',#7356,1.);
#7356 = DIRECTION('',(1.,0.,0.));
#7357 = ORIENTED_EDGE('',*,*,#7358,.T.);
#7358 = EDGE_CURVE('',#7351,#6795,#7359,.T.);
#7359 = LINE('',#7360,#7361);
#7360 = CARTESIAN_POINT('',(104.5,66.,48.2));
#7361 = VECTOR('',#7362,1.);
#7362 = DIRECTION('',(0.,0.,1.));
#7363 = ORIENTED_EDGE('',*,*,#6802,.F.);
#7364 = PLANE('',#7365);
#7365 = AXIS2_PLACEMENT_3D('',#7366,#7367,#7368);
#7366 = CARTESIAN_POINT('',(104.5,66.,48.2));
#7367 = DIRECTION('',(0.,1.,0.));
#7368 = DIRECTION('',(0.,0.,1.));
#7369 = ADVANCED_FACE('',(#7370),#7395,.T.);
#7370 = FACE_BOUND('',#7371,.T.);
#7371 = EDGE_LOOP('',(#7372,#7373,#7381,#7389));
#7372 = ORIENTED_EDGE('',*,*,#6786,.T.);
#7373 = ORIENTED_EDGE('',*,*,#7374,.T.);
#7374 = EDGE_CURVE('',#6779,#7375,#7377,.T.);
#7375 = VERTEX_POINT('',#7376);
#7376 = CARTESIAN_POINT('',(102.5,62.,51.6));
#7377 = LINE('',#7378,#7379);
#7378 = CARTESIAN_POINT('',(102.5,62.,49.1));
#7379 = VECTOR('',#7380,1.);
#7380 = DIRECTION('',(0.,0.,1.));
#7381 = ORIENTED_EDGE('',*,*,#7382,.T.);
#7382 = EDGE_CURVE('',#7375,#7383,#7385,.T.);
#7383 = VERTEX_POINT('',#7384);
#7384 = CARTESIAN_POINT('',(104.5,62.,51.6));
#7385 = LINE('',#7386,#7387);
#7386 = CARTESIAN_POINT('',(102.5,62.,51.6));
#7387 = VECTOR('',#7388,1.);
#7388 = DIRECTION('',(1.,0.,0.));
#7389 = ORIENTED_EDGE('',*,*,#7390,.F.);
#7390 = EDGE_CURVE('',#6787,#7383,#7391,.T.);
#7391 = LINE('',#7392,#7393);
#7392 = CARTESIAN_POINT('',(104.5,62.,49.1));
#7393 = VECTOR('',#7394,1.);
#7394 = DIRECTION('',(0.,0.,1.));
#7395 = PLANE('',#7396);
#7396 = AXIS2_PLACEMENT_3D('',#7397,#7398,#7399);
#7397 = CARTESIAN_POINT('',(102.5,62.,49.1));
#7398 = DIRECTION('',(0.,1.,0.));
#7399 = DIRECTION('',(0.,0.,1.));
#7400 = ADVANCED_FACE('',(#7401),#7419,.F.);
#7401 = FACE_BOUND('',#7402,.F.);
#7402 = EDGE_LOOP('',(#7403,#7411,#7412,#7413));
#7403 = ORIENTED_EDGE('',*,*,#7404,.F.);
#7404 = EDGE_CURVE('',#6771,#7405,#7407,.T.);
#7405 = VERTEX_POINT('',#7406);
#7406 = CARTESIAN_POINT('',(102.5,23.,51.6));
#7407 = LINE('',#7408,#7409);
#7408 = CARTESIAN_POINT('',(102.5,23.,49.1));
#7409 = VECTOR('',#7410,1.);
#7410 = DIRECTION('',(0.,0.,1.));
#7411 = ORIENTED_EDGE('',*,*,#6778,.T.);
#7412 = ORIENTED_EDGE('',*,*,#7374,.T.);
#7413 = ORIENTED_EDGE('',*,*,#7414,.F.);
#7414 = EDGE_CURVE('',#7405,#7375,#7415,.T.);
#7415 = LINE('',#7416,#7417);
#7416 = CARTESIAN_POINT('',(102.5,23.,51.6));
#7417 = VECTOR('',#7418,1.);
#7418 = DIRECTION('',(0.,1.,0.));
#7419 = PLANE('',#7420);
#7420 = AXIS2_PLACEMENT_3D('',#7421,#7422,#7423);
#7421 = CARTESIAN_POINT('',(102.5,23.,49.1));
#7422 = DIRECTION('',(1.,0.,0.));
#7423 = DIRECTION('',(0.,0.,1.));
#7424 = ADVANCED_FACE('',(#7425),#7443,.F.);
#7425 = FACE_BOUND('',#7426,.F.);
#7426 = EDGE_LOOP('',(#7427,#7428,#7429,#7437));
#7427 = ORIENTED_EDGE('',*,*,#6770,.T.);
#7428 = ORIENTED_EDGE('',*,*,#7404,.T.);
#7429 = ORIENTED_EDGE('',*,*,#7430,.T.);
#7430 = EDGE_CURVE('',#7405,#7431,#7433,.T.);
#7431 = VERTEX_POINT('',#7432);
#7432 = CARTESIAN_POINT('',(104.5,23.,51.6));
#7433 = LINE('',#7434,#7435);
#7434 = CARTESIAN_POINT('',(102.5,23.,51.6));
#7435 = VECTOR('',#7436,1.);
#7436 = DIRECTION('',(1.,0.,0.));
#7437 = ORIENTED_EDGE('',*,*,#7438,.F.);
#7438 = EDGE_CURVE('',#6763,#7431,#7439,.T.);
#7439 = LINE('',#7440,#7441);
#7440 = CARTESIAN_POINT('',(104.5,23.,49.1));
#7441 = VECTOR('',#7442,1.);
#7442 = DIRECTION('',(0.,0.,1.));
#7443 = PLANE('',#7444);
#7444 = AXIS2_PLACEMENT_3D('',#7445,#7446,#7447);
#7445 = CARTESIAN_POINT('',(102.5,23.,49.1));
#7446 = DIRECTION('',(0.,1.,0.));
#7447 = DIRECTION('',(0.,0.,1.));
#7448 = ADVANCED_FACE('',(#7449),#7474,.T.);
#7449 = FACE_BOUND('',#7450,.T.);
#7450 = EDGE_LOOP('',(#7451,#7459,#7467,#7473));
#7451 = ORIENTED_EDGE('',*,*,#7452,.F.);
#7452 = EDGE_CURVE('',#7453,#6745,#7455,.T.);
#7453 = VERTEX_POINT('',#7454);
#7454 = CARTESIAN_POINT('',(159.5,19.,48.2));
#7455 = LINE('',#7456,#7457);
#7456 = CARTESIAN_POINT('',(159.5,19.,48.2));
#7457 = VECTOR('',#7458,1.);
#7458 = DIRECTION('',(0.,0.,1.));
#7459 = ORIENTED_EDGE('',*,*,#7460,.F.);
#7460 = EDGE_CURVE('',#7461,#7453,#7463,.T.);
#7461 = VERTEX_POINT('',#7462);
#7462 = CARTESIAN_POINT('',(104.5,19.,48.2));
#7463 = LINE('',#7464,#7465);
#7464 = CARTESIAN_POINT('',(104.5,19.,48.2));
#7465 = VECTOR('',#7466,1.);
#7466 = DIRECTION('',(1.,0.,0.));
#7467 = ORIENTED_EDGE('',*,*,#7468,.T.);
#7468 = EDGE_CURVE('',#7461,#6755,#7469,.T.);
#7469 = LINE('',#7470,#7471);
#7470 = CARTESIAN_POINT('',(104.5,19.,48.2));
#7471 = VECTOR('',#7472,1.);
#7472 = DIRECTION('',(0.,0.,1.));
#7473 = ORIENTED_EDGE('',*,*,#6754,.F.);
#7474 = PLANE('',#7475);
#7475 = AXIS2_PLACEMENT_3D('',#7476,#7477,#7478);
#7476 = CARTESIAN_POINT('',(104.5,19.,48.2));
#7477 = DIRECTION('',(0.,1.,0.));
#7478 = DIRECTION('',(0.,0.,1.));
#7479 = ADVANCED_FACE('',(#7480),#7499,.F.);
#7480 = FACE_BOUND('',#7481,.F.);
#7481 = EDGE_LOOP('',(#7482,#7483,#7491,#7498));
#7482 = ORIENTED_EDGE('',*,*,#6842,.F.);
#7483 = ORIENTED_EDGE('',*,*,#7484,.F.);
#7484 = EDGE_CURVE('',#7485,#6843,#7487,.T.);
#7485 = VERTEX_POINT('',#7486);
#7486 = CARTESIAN_POINT('',(84.2,79.,46.));
#7487 = LINE('',#7488,#7489);
#7488 = CARTESIAN_POINT('',(84.2,79.,43.7));
#7489 = VECTOR('',#7490,1.);
#7490 = DIRECTION('',(0.,0.,1.));
#7491 = ORIENTED_EDGE('',*,*,#7492,.T.);
#7492 = EDGE_CURVE('',#7485,#7485,#7493,.T.);
#7493 = CIRCLE('',#7494,1.2);
#7494 = AXIS2_PLACEMENT_3D('',#7495,#7496,#7497);
#7495 = CARTESIAN_POINT('',(83.,79.,46.));
#7496 = DIRECTION('',(0.,0.,1.));
#7497 = DIRECTION('',(1.,0.,0.));
#7498 = ORIENTED_EDGE('',*,*,#7484,.T.);
#7499 = CYLINDRICAL_SURFACE('',#7500,1.2);
#7500 = AXIS2_PLACEMENT_3D('',#7501,#7502,#7503);
#7501 = CARTESIAN_POINT('',(83.,79.,43.7));
#7502 = DIRECTION('',(0.,0.,1.));
#7503 = DIRECTION('',(1.,0.,0.));
#7504 = ADVANCED_FACE('',(#7505),#7524,.F.);
#7505 = FACE_BOUND('',#7506,.F.);
#7506 = EDGE_LOOP('',(#7507,#7508,#7516,#7523));
#7507 = ORIENTED_EDGE('',*,*,#6853,.F.);
#7508 = ORIENTED_EDGE('',*,*,#7509,.F.);
#7509 = EDGE_CURVE('',#7510,#6854,#7512,.T.);
#7510 = VERTEX_POINT('',#7511);
#7511 = CARTESIAN_POINT('',(119.,75.,46.));
#7512 = LINE('',#7513,#7514);
#7513 = CARTESIAN_POINT('',(119.,75.,43.7));
#7514 = VECTOR('',#7515,1.);
#7515 = DIRECTION('',(0.,0.,1.));
#7516 = ORIENTED_EDGE('',*,*,#7517,.T.);
#7517 = EDGE_CURVE('',#7510,#7510,#7518,.T.);
#7518 = CIRCLE('',#7519,6.);
#7519 = AXIS2_PLACEMENT_3D('',#7520,#7521,#7522);
#7520 = CARTESIAN_POINT('',(113.,75.,46.));
#7521 = DIRECTION('',(0.,0.,1.));
#7522 = DIRECTION('',(1.,0.,0.));
#7523 = ORIENTED_EDGE('',*,*,#7509,.T.);
#7524 = CYLINDRICAL_SURFACE('',#7525,6.);
#7525 = AXIS2_PLACEMENT_3D('',#7526,#7527,#7528);
#7526 = CARTESIAN_POINT('',(113.,75.,43.7));
#7527 = DIRECTION('',(0.,0.,1.));
#7528 = DIRECTION('',(1.,0.,0.));
#7529 = ADVANCED_FACE('',(#7530),#7549,.F.);
#7530 = FACE_BOUND('',#7531,.F.);
#7531 = EDGE_LOOP('',(#7532,#7533,#7541,#7548));
#7532 = ORIENTED_EDGE('',*,*,#6864,.F.);
#7533 = ORIENTED_EDGE('',*,*,#7534,.F.);
#7534 = EDGE_CURVE('',#7535,#6865,#7537,.T.);
#7535 = VERTEX_POINT('',#7536);
#7536 = CARTESIAN_POINT('',(138.,75.,46.));
#7537 = LINE('',#7538,#7539);
#7538 = CARTESIAN_POINT('',(138.,75.,43.7));
#7539 = VECTOR('',#7540,1.);
#7540 = DIRECTION('',(0.,0.,1.));
#7541 = ORIENTED_EDGE('',*,*,#7542,.T.);
#7542 = EDGE_CURVE('',#7535,#7535,#7543,.T.);
#7543 = CIRCLE('',#7544,6.);
#7544 = AXIS2_PLACEMENT_3D('',#7545,#7546,#7547);
#7545 = CARTESIAN_POINT('',(132.,75.,46.));
#7546 = DIRECTION('',(0.,0.,1.));
#7547 = DIRECTION('',(1.,0.,0.));
#7548 = ORIENTED_EDGE('',*,*,#7534,.T.);
#7549 = CYLINDRICAL_SURFACE('',#7550,6.);
#7550 = AXIS2_PLACEMENT_3D('',#7551,#7552,#7553);
#7551 = CARTESIAN_POINT('',(132.,75.,43.7));
#7552 = DIRECTION('',(0.,0.,1.));
#7553 = DIRECTION('',(1.,0.,0.));
#7554 = ADVANCED_FACE('',(#7555),#7574,.F.);
#7555 = FACE_BOUND('',#7556,.F.);
#7556 = EDGE_LOOP('',(#7557,#7558,#7566,#7573));
#7557 = ORIENTED_EDGE('',*,*,#6875,.F.);
#7558 = ORIENTED_EDGE('',*,*,#7559,.F.);
#7559 = EDGE_CURVE('',#7560,#6876,#7562,.T.);
#7560 = VERTEX_POINT('',#7561);
#7561 = CARTESIAN_POINT('',(157.,75.,46.));
#7562 = LINE('',#7563,#7564);
#7563 = CARTESIAN_POINT('',(157.,75.,43.7));
#7564 = VECTOR('',#7565,1.);
#7565 = DIRECTION('',(0.,0.,1.));
#7566 = ORIENTED_EDGE('',*,*,#7567,.T.);
#7567 = EDGE_CURVE('',#7560,#7560,#7568,.T.);
#7568 = CIRCLE('',#7569,6.);
#7569 = AXIS2_PLACEMENT_3D('',#7570,#7571,#7572);
#7570 = CARTESIAN_POINT('',(151.,75.,46.));
#7571 = DIRECTION('',(0.,0.,1.));
#7572 = DIRECTION('',(1.,0.,0.));
#7573 = ORIENTED_EDGE('',*,*,#7559,.T.);
#7574 = CYLINDRICAL_SURFACE('',#7575,6.);
#7575 = AXIS2_PLACEMENT_3D('',#7576,#7577,#7578);
#7576 = CARTESIAN_POINT('',(151.,75.,43.7));
#7577 = DIRECTION('',(0.,0.,1.));
#7578 = DIRECTION('',(1.,0.,0.));
#7579 = ADVANCED_FACE('',(#7580),#7599,.F.);
#7580 = FACE_BOUND('',#7581,.F.);
#7581 = EDGE_LOOP('',(#7582,#7583,#7591,#7598));
#7582 = ORIENTED_EDGE('',*,*,#6886,.F.);
#7583 = ORIENTED_EDGE('',*,*,#7584,.F.);
#7584 = EDGE_CURVE('',#7585,#6887,#7587,.T.);
#7585 = VERTEX_POINT('',#7586);
#7586 = CARTESIAN_POINT('',(182.2,79.,46.));
#7587 = LINE('',#7588,#7589);
#7588 = CARTESIAN_POINT('',(182.2,79.,43.7));
#7589 = VECTOR('',#7590,1.);
#7590 = DIRECTION('',(0.,0.,1.));
#7591 = ORIENTED_EDGE('',*,*,#7592,.T.);
#7592 = EDGE_CURVE('',#7585,#7585,#7593,.T.);
#7593 = CIRCLE('',#7594,1.2);
#7594 = AXIS2_PLACEMENT_3D('',#7595,#7596,#7597);
#7595 = CARTESIAN_POINT('',(181.,79.,46.));
#7596 = DIRECTION('',(0.,0.,1.));
#7597 = DIRECTION('',(1.,0.,0.));
#7598 = ORIENTED_EDGE('',*,*,#7584,.T.);
#7599 = CYLINDRICAL_SURFACE('',#7600,1.2);
#7600 = AXIS2_PLACEMENT_3D('',#7601,#7602,#7603);
#7601 = CARTESIAN_POINT('',(181.,79.,43.7));
#7602 = DIRECTION('',(0.,0.,1.));
#7603 = DIRECTION('',(1.,0.,0.));
#7604 = ADVANCED_FACE('',(#7605),#7630,.T.);
#7605 = FACE_BOUND('',#7606,.T.);
#7606 = EDGE_LOOP('',(#7607,#7608,#7616,#7624));
#7607 = ORIENTED_EDGE('',*,*,#6980,.F.);
#7608 = ORIENTED_EDGE('',*,*,#7609,.F.);
#7609 = EDGE_CURVE('',#7610,#6981,#7612,.T.);
#7610 = VERTEX_POINT('',#7611);
#7611 = CARTESIAN_POINT('',(78.75,83.25,43.8));
#7612 = LINE('',#7613,#7614);
#7613 = CARTESIAN_POINT('',(78.75,83.25,43.8));
#7614 = VECTOR('',#7615,1.);
#7615 = DIRECTION('',(0.,0.,1.));
#7616 = ORIENTED_EDGE('',*,*,#7617,.F.);
#7617 = EDGE_CURVE('',#7618,#7610,#7620,.T.);
#7618 = VERTEX_POINT('',#7619);
#7619 = CARTESIAN_POINT('',(78.75,2.75,43.8));
#7620 = LINE('',#7621,#7622);
#7621 = CARTESIAN_POINT('',(78.75,81.65,43.8));
#7622 = VECTOR('',#7623,1.);
#7623 = DIRECTION('',(0.,1.,0.));
#7624 = ORIENTED_EDGE('',*,*,#7625,.T.);
#7625 = EDGE_CURVE('',#7618,#6983,#7626,.T.);
#7626 = LINE('',#7627,#7628);
#7627 = CARTESIAN_POINT('',(78.75,2.75,43.8));
#7628 = VECTOR('',#7629,1.);
#7629 = DIRECTION('',(0.,0.,1.));
#7630 = PLANE('',#7631);
#7631 = AXIS2_PLACEMENT_3D('',#7632,#7633,#7634);
#7632 = CARTESIAN_POINT('',(78.75,43.,44.9));
#7633 = DIRECTION('',(-1.,-0.,-0.));
#7634 = DIRECTION('',(0.,0.,-1.));
#7635 = ADVANCED_FACE('',(#7636),#7654,.T.);
#7636 = FACE_BOUND('',#7637,.T.);
#7637 = EDGE_LOOP('',(#7638,#7646,#7652,#7653));
#7638 = ORIENTED_EDGE('',*,*,#7639,.F.);
#7639 = EDGE_CURVE('',#7640,#6999,#7642,.T.);
#7640 = VERTEX_POINT('',#7641);
#7641 = CARTESIAN_POINT('',(185.25,83.25,43.8));
#7642 = LINE('',#7643,#7644);
#7643 = CARTESIAN_POINT('',(185.25,83.25,43.8));
#7644 = VECTOR('',#7645,1.);
#7645 = DIRECTION('',(0.,0.,1.));
#7646 = ORIENTED_EDGE('',*,*,#7647,.F.);
#7647 = EDGE_CURVE('',#7610,#7640,#7648,.T.);
#7648 = LINE('',#7649,#7650);
#7649 = CARTESIAN_POINT('',(78.75,83.25,43.8));
#7650 = VECTOR('',#7651,1.);
#7651 = DIRECTION('',(1.,0.,0.));
#7652 = ORIENTED_EDGE('',*,*,#7609,.T.);
#7653 = ORIENTED_EDGE('',*,*,#7006,.T.);
#7654 = PLANE('',#7655);
#7655 = AXIS2_PLACEMENT_3D('',#7656,#7657,#7658);
#7656 = CARTESIAN_POINT('',(78.75,83.25,43.8));
#7657 = DIRECTION('',(0.,1.,0.));
#7658 = DIRECTION('',(0.,0.,1.));
#7659 = ADVANCED_FACE('',(#7660),#7678,.T.);
#7660 = FACE_BOUND('',#7661,.T.);
#7661 = EDGE_LOOP('',(#7662,#7663,#7671,#7677));
#7662 = ORIENTED_EDGE('',*,*,#6998,.T.);
#7663 = ORIENTED_EDGE('',*,*,#7664,.F.);
#7664 = EDGE_CURVE('',#7665,#6991,#7667,.T.);
#7665 = VERTEX_POINT('',#7666);
#7666 = CARTESIAN_POINT('',(185.25,2.75,43.8));
#7667 = LINE('',#7668,#7669);
#7668 = CARTESIAN_POINT('',(185.25,2.75,43.8));
#7669 = VECTOR('',#7670,1.);
#7670 = DIRECTION('',(0.,0.,1.));
#7671 = ORIENTED_EDGE('',*,*,#7672,.T.);
#7672 = EDGE_CURVE('',#7665,#7640,#7673,.T.);
#7673 = LINE('',#7674,#7675);
#7674 = CARTESIAN_POINT('',(185.25,2.75,43.8));
#7675 = VECTOR('',#7676,1.);
#7676 = DIRECTION('',(0.,1.,0.));
#7677 = ORIENTED_EDGE('',*,*,#7639,.T.);
#7678 = PLANE('',#7679);
#7679 = AXIS2_PLACEMENT_3D('',#7680,#7681,#7682);
#7680 = CARTESIAN_POINT('',(185.25,43.,44.9));
#7681 = DIRECTION('',(1.,0.,0.));
#7682 = DIRECTION('',(0.,0.,1.));
#7683 = ADVANCED_FACE('',(#7684),#7695,.F.);
#7684 = FACE_BOUND('',#7685,.F.);
#7685 = EDGE_LOOP('',(#7686,#7687,#7693,#7694));
#7686 = ORIENTED_EDGE('',*,*,#7664,.F.);
#7687 = ORIENTED_EDGE('',*,*,#7688,.F.);
#7688 = EDGE_CURVE('',#7618,#7665,#7689,.T.);
#7689 = LINE('',#7690,#7691);
#7690 = CARTESIAN_POINT('',(78.75,2.75,43.8));
#7691 = VECTOR('',#7692,1.);
#7692 = DIRECTION('',(1.,0.,0.));
#7693 = ORIENTED_EDGE('',*,*,#7625,.T.);
#7694 = ORIENTED_EDGE('',*,*,#6990,.T.);
#7695 = PLANE('',#7696);
#7696 = AXIS2_PLACEMENT_3D('',#7697,#7698,#7699);
#7697 = CARTESIAN_POINT('',(78.75,2.75,43.8));
#7698 = DIRECTION('',(0.,1.,0.));
#7699 = DIRECTION('',(0.,0.,1.));
#7700 = ADVANCED_FACE('',(#7701,#7735,#7738,#7744,#7747,#7750,#7753,
    #7756,#7759),#7762,.T.);
#7701 = FACE_BOUND('',#7702,.T.);
#7702 = EDGE_LOOP('',(#7703,#7713,#7721,#7729));
#7703 = ORIENTED_EDGE('',*,*,#7704,.T.);
#7704 = EDGE_CURVE('',#7705,#7707,#7709,.T.);
#7705 = VERTEX_POINT('',#7706);
#7706 = CARTESIAN_POINT('',(80.35,81.65,46.));
#7707 = VERTEX_POINT('',#7708);
#7708 = CARTESIAN_POINT('',(183.65,81.65,46.));
#7709 = LINE('',#7710,#7711);
#7710 = CARTESIAN_POINT('',(105.375,81.65,46.));
#7711 = VECTOR('',#7712,1.);
#7712 = DIRECTION('',(1.,0.,0.));
#7713 = ORIENTED_EDGE('',*,*,#7714,.T.);
#7714 = EDGE_CURVE('',#7707,#7715,#7717,.T.);
#7715 = VERTEX_POINT('',#7716);
#7716 = CARTESIAN_POINT('',(183.65,4.35,46.));
#7717 = LINE('',#7718,#7719);
#7718 = CARTESIAN_POINT('',(183.65,23.675,46.));
#7719 = VECTOR('',#7720,1.);
#7720 = DIRECTION('',(0.,-1.,0.));
#7721 = ORIENTED_EDGE('',*,*,#7722,.F.);
#7722 = EDGE_CURVE('',#7723,#7715,#7725,.T.);
#7723 = VERTEX_POINT('',#7724);
#7724 = CARTESIAN_POINT('',(80.35,4.35,46.));
#7725 = LINE('',#7726,#7727);
#7726 = CARTESIAN_POINT('',(105.375,4.35,46.));
#7727 = VECTOR('',#7728,1.);
#7728 = DIRECTION('',(1.,0.,0.));
#7729 = ORIENTED_EDGE('',*,*,#7730,.F.);
#7730 = EDGE_CURVE('',#7705,#7723,#7731,.T.);
#7731 = LINE('',#7732,#7733);
#7732 = CARTESIAN_POINT('',(80.35,23.675,46.));
#7733 = VECTOR('',#7734,1.);
#7734 = DIRECTION('',(0.,-1.,0.));
#7735 = FACE_BOUND('',#7736,.T.);
#7736 = EDGE_LOOP('',(#7737));
#7737 = ORIENTED_EDGE('',*,*,#7247,.T.);
#7738 = FACE_BOUND('',#7739,.T.);
#7739 = EDGE_LOOP('',(#7740,#7741,#7742,#7743));
#7740 = ORIENTED_EDGE('',*,*,#7222,.F.);
#7741 = ORIENTED_EDGE('',*,*,#7198,.T.);
#7742 = ORIENTED_EDGE('',*,*,#7150,.T.);
#7743 = ORIENTED_EDGE('',*,*,#7174,.F.);
#7744 = FACE_BOUND('',#7745,.T.);
#7745 = EDGE_LOOP('',(#7746));
#7746 = ORIENTED_EDGE('',*,*,#7126,.T.);
#7747 = FACE_BOUND('',#7748,.T.);
#7748 = EDGE_LOOP('',(#7749));
#7749 = ORIENTED_EDGE('',*,*,#7592,.T.);
#7750 = FACE_BOUND('',#7751,.T.);
#7751 = EDGE_LOOP('',(#7752));
#7752 = ORIENTED_EDGE('',*,*,#7567,.T.);
#7753 = FACE_BOUND('',#7754,.T.);
#7754 = EDGE_LOOP('',(#7755));
#7755 = ORIENTED_EDGE('',*,*,#7542,.T.);
#7756 = FACE_BOUND('',#7757,.T.);
#7757 = EDGE_LOOP('',(#7758));
#7758 = ORIENTED_EDGE('',*,*,#7517,.T.);
#7759 = FACE_BOUND('',#7760,.T.);
#7760 = EDGE_LOOP('',(#7761));
#7761 = ORIENTED_EDGE('',*,*,#7492,.T.);
#7762 = PLANE('',#7763);
#7763 = AXIS2_PLACEMENT_3D('',#7764,#7765,#7766);
#7764 = CARTESIAN_POINT('',(132.,43.,46.));
#7765 = DIRECTION('',(-0.,-0.,-1.));
#7766 = DIRECTION('',(-1.,0.,0.));
#7767 = ADVANCED_FACE('',(#7768),#7784,.T.);
#7768 = FACE_BOUND('',#7769,.T.);
#7769 = EDGE_LOOP('',(#7770,#7776,#7777,#7783));
#7770 = ORIENTED_EDGE('',*,*,#7771,.F.);
#7771 = EDGE_CURVE('',#7461,#7351,#7772,.T.);
#7772 = LINE('',#7773,#7774);
#7773 = CARTESIAN_POINT('',(104.5,19.,48.2));
#7774 = VECTOR('',#7775,1.);
#7775 = DIRECTION('',(0.,1.,0.));
#7776 = ORIENTED_EDGE('',*,*,#7460,.T.);
#7777 = ORIENTED_EDGE('',*,*,#7778,.T.);
#7778 = EDGE_CURVE('',#7453,#7343,#7779,.T.);
#7779 = LINE('',#7780,#7781);
#7780 = CARTESIAN_POINT('',(159.5,19.,48.2));
#7781 = VECTOR('',#7782,1.);
#7782 = DIRECTION('',(0.,1.,0.));
#7783 = ORIENTED_EDGE('',*,*,#7350,.F.);
#7784 = PLANE('',#7785);
#7785 = AXIS2_PLACEMENT_3D('',#7786,#7787,#7788);
#7786 = CARTESIAN_POINT('',(104.5,19.,48.2));
#7787 = DIRECTION('',(0.,0.,1.));
#7788 = DIRECTION('',(1.,0.,0.));
#7789 = ADVANCED_FACE('',(#7790),#7801,.T.);
#7790 = FACE_BOUND('',#7791,.T.);
#7791 = EDGE_LOOP('',(#7792,#7798,#7799,#7800));
#7792 = ORIENTED_EDGE('',*,*,#7793,.F.);
#7793 = EDGE_CURVE('',#7265,#7320,#7794,.T.);
#7794 = LINE('',#7795,#7796);
#7795 = CARTESIAN_POINT('',(159.5,23.,51.6));
#7796 = VECTOR('',#7797,1.);
#7797 = DIRECTION('',(0.,1.,0.));
#7798 = ORIENTED_EDGE('',*,*,#7272,.T.);
#7799 = ORIENTED_EDGE('',*,*,#7304,.T.);
#7800 = ORIENTED_EDGE('',*,*,#7327,.F.);
#7801 = PLANE('',#7802);
#7802 = AXIS2_PLACEMENT_3D('',#7803,#7804,#7805);
#7803 = CARTESIAN_POINT('',(159.5,23.,51.6));
#7804 = DIRECTION('',(0.,0.,1.));
#7805 = DIRECTION('',(1.,0.,0.));
#7806 = ADVANCED_FACE('',(#7807),#7818,.T.);
#7807 = FACE_BOUND('',#7808,.T.);
#7808 = EDGE_LOOP('',(#7809,#7810,#7811,#7817));
#7809 = ORIENTED_EDGE('',*,*,#7414,.F.);
#7810 = ORIENTED_EDGE('',*,*,#7430,.T.);
#7811 = ORIENTED_EDGE('',*,*,#7812,.T.);
#7812 = EDGE_CURVE('',#7431,#7383,#7813,.T.);
#7813 = LINE('',#7814,#7815);
#7814 = CARTESIAN_POINT('',(104.5,23.,51.6));
#7815 = VECTOR('',#7816,1.);
#7816 = DIRECTION('',(0.,1.,0.));
#7817 = ORIENTED_EDGE('',*,*,#7382,.F.);
#7818 = PLANE('',#7819);
#7819 = AXIS2_PLACEMENT_3D('',#7820,#7821,#7822);
#7820 = CARTESIAN_POINT('',(102.5,23.,51.6));
#7821 = DIRECTION('',(0.,0.,1.));
#7822 = DIRECTION('',(1.,0.,0.));
#7823 = ADVANCED_FACE('',(#7824,#7830),#7864,.T.);
#7824 = FACE_BOUND('',#7825,.T.);
#7825 = EDGE_LOOP('',(#7826,#7827,#7828,#7829));
#7826 = ORIENTED_EDGE('',*,*,#7617,.T.);
#7827 = ORIENTED_EDGE('',*,*,#7647,.T.);
#7828 = ORIENTED_EDGE('',*,*,#7672,.F.);
#7829 = ORIENTED_EDGE('',*,*,#7688,.F.);
#7830 = FACE_BOUND('',#7831,.T.);
#7831 = EDGE_LOOP('',(#7832,#7842,#7850,#7858));
#7832 = ORIENTED_EDGE('',*,*,#7833,.F.);
#7833 = EDGE_CURVE('',#7834,#7836,#7838,.T.);
#7834 = VERTEX_POINT('',#7835);
#7835 = CARTESIAN_POINT('',(80.35,81.65,43.8));
#7836 = VERTEX_POINT('',#7837);
#7837 = CARTESIAN_POINT('',(183.65,81.65,43.8));
#7838 = LINE('',#7839,#7840);
#7839 = CARTESIAN_POINT('',(78.75,81.65,43.8));
#7840 = VECTOR('',#7841,1.);
#7841 = DIRECTION('',(1.,0.,0.));
#7842 = ORIENTED_EDGE('',*,*,#7843,.F.);
#7843 = EDGE_CURVE('',#7844,#7834,#7846,.T.);
#7844 = VERTEX_POINT('',#7845);
#7845 = CARTESIAN_POINT('',(80.35,4.35,43.8));
#7846 = LINE('',#7847,#7848);
#7847 = CARTESIAN_POINT('',(80.35,4.35,43.8));
#7848 = VECTOR('',#7849,1.);
#7849 = DIRECTION('',(0.,1.,0.));
#7850 = ORIENTED_EDGE('',*,*,#7851,.T.);
#7851 = EDGE_CURVE('',#7844,#7852,#7854,.T.);
#7852 = VERTEX_POINT('',#7853);
#7853 = CARTESIAN_POINT('',(183.65,4.35,43.8));
#7854 = LINE('',#7855,#7856);
#7855 = CARTESIAN_POINT('',(78.75,4.35,43.8));
#7856 = VECTOR('',#7857,1.);
#7857 = DIRECTION('',(1.,0.,0.));
#7858 = ORIENTED_EDGE('',*,*,#7859,.T.);
#7859 = EDGE_CURVE('',#7852,#7836,#7860,.T.);
#7860 = LINE('',#7861,#7862);
#7861 = CARTESIAN_POINT('',(183.65,4.35,43.8));
#7862 = VECTOR('',#7863,1.);
#7863 = DIRECTION('',(0.,1.,0.));
#7864 = PLANE('',#7865);
#7865 = AXIS2_PLACEMENT_3D('',#7866,#7867,#7868);
#7866 = CARTESIAN_POINT('',(132.,43.,43.8));
#7867 = DIRECTION('',(-0.,-0.,-1.));
#7868 = DIRECTION('',(-1.,0.,0.));
#7869 = ADVANCED_FACE('',(#7870),#7886,.F.);
#7870 = FACE_BOUND('',#7871,.F.);
#7871 = EDGE_LOOP('',(#7872,#7878,#7879,#7885));
#7872 = ORIENTED_EDGE('',*,*,#7873,.F.);
#7873 = EDGE_CURVE('',#7836,#7707,#7874,.T.);
#7874 = LINE('',#7875,#7876);
#7875 = CARTESIAN_POINT('',(183.65,81.65,43.8));
#7876 = VECTOR('',#7877,1.);
#7877 = DIRECTION('',(0.,0.,1.));
#7878 = ORIENTED_EDGE('',*,*,#7833,.F.);
#7879 = ORIENTED_EDGE('',*,*,#7880,.T.);
#7880 = EDGE_CURVE('',#7834,#7705,#7881,.T.);
#7881 = LINE('',#7882,#7883);
#7882 = CARTESIAN_POINT('',(80.35,81.65,43.8));
#7883 = VECTOR('',#7884,1.);
#7884 = DIRECTION('',(0.,0.,1.));
#7885 = ORIENTED_EDGE('',*,*,#7704,.T.);
#7886 = PLANE('',#7887);
#7887 = AXIS2_PLACEMENT_3D('',#7888,#7889,#7890);
#7888 = CARTESIAN_POINT('',(78.75,81.65,43.8));
#7889 = DIRECTION('',(0.,1.,0.));
#7890 = DIRECTION('',(0.,0.,1.));
#7891 = ADVANCED_FACE('',(#7892),#7903,.T.);
#7892 = FACE_BOUND('',#7893,.T.);
#7893 = EDGE_LOOP('',(#7894,#7900,#7901,#7902));
#7894 = ORIENTED_EDGE('',*,*,#7895,.F.);
#7895 = EDGE_CURVE('',#7844,#7723,#7896,.T.);
#7896 = LINE('',#7897,#7898);
#7897 = CARTESIAN_POINT('',(80.35,4.35,43.8));
#7898 = VECTOR('',#7899,1.);
#7899 = DIRECTION('',(0.,0.,1.));
#7900 = ORIENTED_EDGE('',*,*,#7843,.T.);
#7901 = ORIENTED_EDGE('',*,*,#7880,.T.);
#7902 = ORIENTED_EDGE('',*,*,#7730,.T.);
#7903 = PLANE('',#7904);
#7904 = AXIS2_PLACEMENT_3D('',#7905,#7906,#7907);
#7905 = CARTESIAN_POINT('',(80.35,4.35,43.8));
#7906 = DIRECTION('',(1.,0.,0.));
#7907 = DIRECTION('',(0.,0.,1.));
#7908 = ADVANCED_FACE('',(#7909),#7920,.F.);
#7909 = FACE_BOUND('',#7910,.F.);
#7910 = EDGE_LOOP('',(#7911,#7917,#7918,#7919));
#7911 = ORIENTED_EDGE('',*,*,#7912,.F.);
#7912 = EDGE_CURVE('',#7852,#7715,#7913,.T.);
#7913 = LINE('',#7914,#7915);
#7914 = CARTESIAN_POINT('',(183.65,4.35,43.8));
#7915 = VECTOR('',#7916,1.);
#7916 = DIRECTION('',(0.,0.,1.));
#7917 = ORIENTED_EDGE('',*,*,#7859,.T.);
#7918 = ORIENTED_EDGE('',*,*,#7873,.T.);
#7919 = ORIENTED_EDGE('',*,*,#7714,.T.);
#7920 = PLANE('',#7921);
#7921 = AXIS2_PLACEMENT_3D('',#7922,#7923,#7924);
#7922 = CARTESIAN_POINT('',(183.65,4.35,43.8));
#7923 = DIRECTION('',(1.,0.,0.));
#7924 = DIRECTION('',(0.,0.,1.));
#7925 = ADVANCED_FACE('',(#7926),#7932,.T.);
#7926 = FACE_BOUND('',#7927,.T.);
#7927 = EDGE_LOOP('',(#7928,#7929,#7930,#7931));
#7928 = ORIENTED_EDGE('',*,*,#7912,.F.);
#7929 = ORIENTED_EDGE('',*,*,#7851,.F.);
#7930 = ORIENTED_EDGE('',*,*,#7895,.T.);
#7931 = ORIENTED_EDGE('',*,*,#7722,.T.);
#7932 = PLANE('',#7933);
#7933 = AXIS2_PLACEMENT_3D('',#7934,#7935,#7936);
#7934 = CARTESIAN_POINT('',(78.75,4.35,43.8));
#7935 = DIRECTION('',(0.,1.,0.));
#7936 = DIRECTION('',(0.,0.,1.));
#7937 = ADVANCED_FACE('',(#7938),#7948,.T.);
#7938 = FACE_BOUND('',#7939,.T.);
#7939 = EDGE_LOOP('',(#7940,#7941,#7942,#7943,#7944,#7945,#7946,#7947));
#7940 = ORIENTED_EDGE('',*,*,#7452,.T.);
#7941 = ORIENTED_EDGE('',*,*,#6744,.T.);
#7942 = ORIENTED_EDGE('',*,*,#7264,.T.);
#7943 = ORIENTED_EDGE('',*,*,#7793,.T.);
#7944 = ORIENTED_EDGE('',*,*,#7319,.F.);
#7945 = ORIENTED_EDGE('',*,*,#6810,.T.);
#7946 = ORIENTED_EDGE('',*,*,#7342,.F.);
#7947 = ORIENTED_EDGE('',*,*,#7778,.F.);
#7948 = PLANE('',#7949);
#7949 = AXIS2_PLACEMENT_3D('',#7950,#7951,#7952);
#7950 = CARTESIAN_POINT('',(159.5,42.5,49.709523809524));
#7951 = DIRECTION('',(-1.,-0.,-0.));
#7952 = DIRECTION('',(0.,0.,-1.));
#7953 = ADVANCED_FACE('',(#7954),#7964,.T.);
#7954 = FACE_BOUND('',#7955,.T.);
#7955 = EDGE_LOOP('',(#7956,#7957,#7958,#7959,#7960,#7961,#7962,#7963));
#7956 = ORIENTED_EDGE('',*,*,#7468,.F.);
#7957 = ORIENTED_EDGE('',*,*,#7771,.T.);
#7958 = ORIENTED_EDGE('',*,*,#7358,.T.);
#7959 = ORIENTED_EDGE('',*,*,#6794,.F.);
#7960 = ORIENTED_EDGE('',*,*,#7390,.T.);
#7961 = ORIENTED_EDGE('',*,*,#7812,.F.);
#7962 = ORIENTED_EDGE('',*,*,#7438,.F.);
#7963 = ORIENTED_EDGE('',*,*,#6762,.F.);
#7964 = PLANE('',#7965);
#7965 = AXIS2_PLACEMENT_3D('',#7966,#7967,#7968);
#7966 = CARTESIAN_POINT('',(104.5,42.5,49.709523809524));
#7967 = DIRECTION('',(1.,0.,0.));
#7968 = DIRECTION('',(0.,0.,1.));
#7969 = MANIFOLD_SOLID_BREP('',#7970);
#7970 = CLOSED_SHELL('',(#7971,#8013,#8113,#8137,#8196,#8213,#8230,#8247
    ,#8264,#8281,#8293,#8324,#8355,#8386,#8417,#8448,#8479,#8510,#8540,
    #8570,#8587));
#7971 = ADVANCED_FACE('',(#7972),#8008,.T.);
#7972 = FACE_BOUND('',#7973,.T.);
#7973 = EDGE_LOOP('',(#7974,#7985,#7993,#8002));
#7974 = ORIENTED_EDGE('',*,*,#7975,.F.);
#7975 = EDGE_CURVE('',#7976,#7978,#7980,.T.);
#7976 = VERTEX_POINT('',#7977);
#7977 = CARTESIAN_POINT('',(97.,105.,3.));
#7978 = VERTEX_POINT('',#7979);
#7979 = CARTESIAN_POINT('',(100.,102.,3.));
#7980 = CIRCLE('',#7981,3.);
#7981 = AXIS2_PLACEMENT_3D('',#7982,#7983,#7984);
#7982 = CARTESIAN_POINT('',(100.,105.,3.));
#7983 = DIRECTION('',(0.,0.,1.));
#7984 = DIRECTION('',(1.,0.,0.));
#7985 = ORIENTED_EDGE('',*,*,#7986,.F.);
#7986 = EDGE_CURVE('',#7987,#7976,#7989,.T.);
#7987 = VERTEX_POINT('',#7988);
#7988 = CARTESIAN_POINT('',(97.,105.,0.));
#7989 = LINE('',#7990,#7991);
#7990 = CARTESIAN_POINT('',(97.,105.,0.));
#7991 = VECTOR('',#7992,1.);
#7992 = DIRECTION('',(0.,0.,1.));
#7993 = ORIENTED_EDGE('',*,*,#7994,.T.);
#7994 = EDGE_CURVE('',#7987,#7995,#7997,.T.);
#7995 = VERTEX_POINT('',#7996);
#7996 = CARTESIAN_POINT('',(100.,102.,0.));
#7997 = CIRCLE('',#7998,3.);
#7998 = AXIS2_PLACEMENT_3D('',#7999,#8000,#8001);
#7999 = CARTESIAN_POINT('',(100.,105.,0.));
#8000 = DIRECTION('',(0.,0.,1.));
#8001 = DIRECTION('',(1.,0.,0.));
#8002 = ORIENTED_EDGE('',*,*,#8003,.T.);
#8003 = EDGE_CURVE('',#7995,#7978,#8004,.T.);
#8004 = LINE('',#8005,#8006);
#8005 = CARTESIAN_POINT('',(100.,102.,0.));
#8006 = VECTOR('',#8007,1.);
#8007 = DIRECTION('',(0.,0.,1.));
#8008 = CYLINDRICAL_SURFACE('',#8009,3.);
#8009 = AXIS2_PLACEMENT_3D('',#8010,#8011,#8012);
#8010 = CARTESIAN_POINT('',(100.,105.,0.));
#8011 = DIRECTION('',(0.,0.,1.));
#8012 = DIRECTION('',(1.,0.,0.));
#8013 = ADVANCED_FACE('',(#8014,#8074),#8108,.T.);
#8014 = FACE_BOUND('',#8015,.T.);
#8015 = EDGE_LOOP('',(#8016,#8017,#8025,#8034,#8042,#8051,#8059,#8068));
#8016 = ORIENTED_EDGE('',*,*,#7975,.T.);
#8017 = ORIENTED_EDGE('',*,*,#8018,.T.);
#8018 = EDGE_CURVE('',#7978,#8019,#8021,.T.);
#8019 = VERTEX_POINT('',#8020);
#8020 = CARTESIAN_POINT('',(164.,102.,3.));
#8021 = LINE('',#8022,#8023);
#8022 = CARTESIAN_POINT('',(100.,102.,3.));
#8023 = VECTOR('',#8024,1.);
#8024 = DIRECTION('',(1.,0.,0.));
#8025 = ORIENTED_EDGE('',*,*,#8026,.T.);
#8026 = EDGE_CURVE('',#8019,#8027,#8029,.T.);
#8027 = VERTEX_POINT('',#8028);
#8028 = CARTESIAN_POINT('',(167.,105.,3.));
#8029 = CIRCLE('',#8030,3.);
#8030 = AXIS2_PLACEMENT_3D('',#8031,#8032,#8033);
#8031 = CARTESIAN_POINT('',(164.,105.,3.));
#8032 = DIRECTION('',(0.,0.,1.));
#8033 = DIRECTION('',(1.,0.,0.));
#8034 = ORIENTED_EDGE('',*,*,#8035,.T.);
#8035 = EDGE_CURVE('',#8027,#8036,#8038,.T.);
#8036 = VERTEX_POINT('',#8037);
#8037 = CARTESIAN_POINT('',(167.,123.,3.));
#8038 = LINE('',#8039,#8040);
#8039 = CARTESIAN_POINT('',(167.,105.,3.));
#8040 = VECTOR('',#8041,1.);
#8041 = DIRECTION('',(0.,1.,0.));
#8042 = ORIENTED_EDGE('',*,*,#8043,.T.);
#8043 = EDGE_CURVE('',#8036,#8044,#8046,.T.);
#8044 = VERTEX_POINT('',#8045);
#8045 = CARTESIAN_POINT('',(164.,126.,3.));
#8046 = CIRCLE('',#8047,3.);
#8047 = AXIS2_PLACEMENT_3D('',#8048,#8049,#8050);
#8048 = CARTESIAN_POINT('',(164.,123.,3.));
#8049 = DIRECTION('',(0.,0.,1.));
#8050 = DIRECTION('',(1.,0.,0.));
#8051 = ORIENTED_EDGE('',*,*,#8052,.F.);
#8052 = EDGE_CURVE('',#8053,#8044,#8055,.T.);
#8053 = VERTEX_POINT('',#8054);
#8054 = CARTESIAN_POINT('',(100.,126.,3.));
#8055 = LINE('',#8056,#8057);
#8056 = CARTESIAN_POINT('',(100.,126.,3.));
#8057 = VECTOR('',#8058,1.);
#8058 = DIRECTION('',(1.,0.,0.));
#8059 = ORIENTED_EDGE('',*,*,#8060,.T.);
#8060 = EDGE_CURVE('',#8053,#8061,#8063,.T.);
#8061 = VERTEX_POINT('',#8062);
#8062 = CARTESIAN_POINT('',(97.,123.,3.));
#8063 = CIRCLE('',#8064,3.);
#8064 = AXIS2_PLACEMENT_3D('',#8065,#8066,#8067);
#8065 = CARTESIAN_POINT('',(100.,123.,3.));
#8066 = DIRECTION('',(0.,0.,1.));
#8067 = DIRECTION('',(1.,0.,0.));
#8068 = ORIENTED_EDGE('',*,*,#8069,.F.);
#8069 = EDGE_CURVE('',#7976,#8061,#8070,.T.);
#8070 = LINE('',#8071,#8072);
#8071 = CARTESIAN_POINT('',(97.,105.,3.));
#8072 = VECTOR('',#8073,1.);
#8073 = DIRECTION('',(0.,1.,0.));
#8074 = FACE_BOUND('',#8075,.T.);
#8075 = EDGE_LOOP('',(#8076,#8086,#8094,#8102));
#8076 = ORIENTED_EDGE('',*,*,#8077,.T.);
#8077 = EDGE_CURVE('',#8078,#8080,#8082,.T.);
#8078 = VERTEX_POINT('',#8079);
#8079 = CARTESIAN_POINT('',(104.2,105.,3.));
#8080 = VERTEX_POINT('',#8081);
#8081 = CARTESIAN_POINT('',(102.2,105.,3.));
#8082 = LINE('',#8083,#8084);
#8083 = CARTESIAN_POINT('',(117.1,105.,3.));
#8084 = VECTOR('',#8085,1.);
#8085 = DIRECTION('',(-1.,0.,0.));
#8086 = ORIENTED_EDGE('',*,*,#8087,.T.);
#8087 = EDGE_CURVE('',#8080,#8088,#8090,.T.);
#8088 = VERTEX_POINT('',#8089);
#8089 = CARTESIAN_POINT('',(102.2,123.,3.));
#8090 = LINE('',#8091,#8092);
#8091 = CARTESIAN_POINT('',(102.2,109.5,3.));
#8092 = VECTOR('',#8093,1.);
#8093 = DIRECTION('',(0.,1.,0.));
#8094 = ORIENTED_EDGE('',*,*,#8095,.F.);
#8095 = EDGE_CURVE('',#8096,#8088,#8098,.T.);
#8096 = VERTEX_POINT('',#8097);
#8097 = CARTESIAN_POINT('',(104.2,123.,3.));
#8098 = LINE('',#8099,#8100);
#8099 = CARTESIAN_POINT('',(117.1,123.,3.));
#8100 = VECTOR('',#8101,1.);
#8101 = DIRECTION('',(-1.,0.,0.));
#8102 = ORIENTED_EDGE('',*,*,#8103,.F.);
#8103 = EDGE_CURVE('',#8078,#8096,#8104,.T.);
#8104 = LINE('',#8105,#8106);
#8105 = CARTESIAN_POINT('',(104.2,109.5,3.));
#8106 = VECTOR('',#8107,1.);
#8107 = DIRECTION('',(0.,1.,0.));
#8108 = PLANE('',#8109);
#8109 = AXIS2_PLACEMENT_3D('',#8110,#8111,#8112);
#8110 = CARTESIAN_POINT('',(132.,114.,3.));
#8111 = DIRECTION('',(0.,0.,1.));
#8112 = DIRECTION('',(1.,0.,0.));
#8113 = ADVANCED_FACE('',(#8114),#8132,.F.);
#8114 = FACE_BOUND('',#8115,.F.);
#8115 = EDGE_LOOP('',(#8116,#8124,#8125,#8126));
#8116 = ORIENTED_EDGE('',*,*,#8117,.F.);
#8117 = EDGE_CURVE('',#7995,#8118,#8120,.T.);
#8118 = VERTEX_POINT('',#8119);
#8119 = CARTESIAN_POINT('',(164.,102.,0.));
#8120 = LINE('',#8121,#8122);
#8121 = CARTESIAN_POINT('',(100.,102.,0.));
#8122 = VECTOR('',#8123,1.);
#8123 = DIRECTION('',(1.,0.,0.));
#8124 = ORIENTED_EDGE('',*,*,#8003,.T.);
#8125 = ORIENTED_EDGE('',*,*,#8018,.T.);
#8126 = ORIENTED_EDGE('',*,*,#8127,.F.);
#8127 = EDGE_CURVE('',#8118,#8019,#8128,.T.);
#8128 = LINE('',#8129,#8130);
#8129 = CARTESIAN_POINT('',(164.,102.,0.));
#8130 = VECTOR('',#8131,1.);
#8131 = DIRECTION('',(0.,0.,1.));
#8132 = PLANE('',#8133);
#8133 = AXIS2_PLACEMENT_3D('',#8134,#8135,#8136);
#8134 = CARTESIAN_POINT('',(100.,102.,0.));
#8135 = DIRECTION('',(0.,1.,0.));
#8136 = DIRECTION('',(0.,0.,1.));
#8137 = ADVANCED_FACE('',(#8138),#8191,.T.);
#8138 = FACE_BOUND('',#8139,.T.);
#8139 = EDGE_LOOP('',(#8140,#8141,#8149,#8158,#8166,#8175,#8183,#8190));
#8140 = ORIENTED_EDGE('',*,*,#7994,.F.);
#8141 = ORIENTED_EDGE('',*,*,#8142,.T.);
#8142 = EDGE_CURVE('',#7987,#8143,#8145,.T.);
#8143 = VERTEX_POINT('',#8144);
#8144 = CARTESIAN_POINT('',(97.,123.,0.));
#8145 = LINE('',#8146,#8147);
#8146 = CARTESIAN_POINT('',(97.,105.,0.));
#8147 = VECTOR('',#8148,1.);
#8148 = DIRECTION('',(0.,1.,0.));
#8149 = ORIENTED_EDGE('',*,*,#8150,.F.);
#8150 = EDGE_CURVE('',#8151,#8143,#8153,.T.);
#8151 = VERTEX_POINT('',#8152);
#8152 = CARTESIAN_POINT('',(100.,126.,0.));
#8153 = CIRCLE('',#8154,3.);
#8154 = AXIS2_PLACEMENT_3D('',#8155,#8156,#8157);
#8155 = CARTESIAN_POINT('',(100.,123.,0.));
#8156 = DIRECTION('',(0.,0.,1.));
#8157 = DIRECTION('',(1.,0.,0.));
#8158 = ORIENTED_EDGE('',*,*,#8159,.T.);
#8159 = EDGE_CURVE('',#8151,#8160,#8162,.T.);
#8160 = VERTEX_POINT('',#8161);
#8161 = CARTESIAN_POINT('',(164.,126.,0.));
#8162 = LINE('',#8163,#8164);
#8163 = CARTESIAN_POINT('',(100.,126.,0.));
#8164 = VECTOR('',#8165,1.);
#8165 = DIRECTION('',(1.,0.,0.));
#8166 = ORIENTED_EDGE('',*,*,#8167,.F.);
#8167 = EDGE_CURVE('',#8168,#8160,#8170,.T.);
#8168 = VERTEX_POINT('',#8169);
#8169 = CARTESIAN_POINT('',(167.,123.,0.));
#8170 = CIRCLE('',#8171,3.);
#8171 = AXIS2_PLACEMENT_3D('',#8172,#8173,#8174);
#8172 = CARTESIAN_POINT('',(164.,123.,0.));
#8173 = DIRECTION('',(0.,0.,1.));
#8174 = DIRECTION('',(1.,0.,0.));
#8175 = ORIENTED_EDGE('',*,*,#8176,.F.);
#8176 = EDGE_CURVE('',#8177,#8168,#8179,.T.);
#8177 = VERTEX_POINT('',#8178);
#8178 = CARTESIAN_POINT('',(167.,105.,0.));
#8179 = LINE('',#8180,#8181);
#8180 = CARTESIAN_POINT('',(167.,105.,0.));
#8181 = VECTOR('',#8182,1.);
#8182 = DIRECTION('',(0.,1.,0.));
#8183 = ORIENTED_EDGE('',*,*,#8184,.F.);
#8184 = EDGE_CURVE('',#8118,#8177,#8185,.T.);
#8185 = CIRCLE('',#8186,3.);
#8186 = AXIS2_PLACEMENT_3D('',#8187,#8188,#8189);
#8187 = CARTESIAN_POINT('',(164.,105.,0.));
#8188 = DIRECTION('',(0.,0.,1.));
#8189 = DIRECTION('',(1.,0.,0.));
#8190 = ORIENTED_EDGE('',*,*,#8117,.F.);
#8191 = PLANE('',#8192);
#8192 = AXIS2_PLACEMENT_3D('',#8193,#8194,#8195);
#8193 = CARTESIAN_POINT('',(132.,114.,0.));
#8194 = DIRECTION('',(-0.,-0.,-1.));
#8195 = DIRECTION('',(-1.,0.,0.));
#8196 = ADVANCED_FACE('',(#8197),#8208,.F.);
#8197 = FACE_BOUND('',#8198,.F.);
#8198 = EDGE_LOOP('',(#8199,#8200,#8201,#8207));
#8199 = ORIENTED_EDGE('',*,*,#7986,.F.);
#8200 = ORIENTED_EDGE('',*,*,#8142,.T.);
#8201 = ORIENTED_EDGE('',*,*,#8202,.T.);
#8202 = EDGE_CURVE('',#8143,#8061,#8203,.T.);
#8203 = LINE('',#8204,#8205);
#8204 = CARTESIAN_POINT('',(97.,123.,0.));
#8205 = VECTOR('',#8206,1.);
#8206 = DIRECTION('',(0.,0.,1.));
#8207 = ORIENTED_EDGE('',*,*,#8069,.F.);
#8208 = PLANE('',#8209);
#8209 = AXIS2_PLACEMENT_3D('',#8210,#8211,#8212);
#8210 = CARTESIAN_POINT('',(97.,105.,0.));
#8211 = DIRECTION('',(1.,0.,0.));
#8212 = DIRECTION('',(0.,0.,1.));
#8213 = ADVANCED_FACE('',(#8214),#8225,.T.);
#8214 = FACE_BOUND('',#8215,.T.);
#8215 = EDGE_LOOP('',(#8216,#8217,#8223,#8224));
#8216 = ORIENTED_EDGE('',*,*,#8060,.F.);
#8217 = ORIENTED_EDGE('',*,*,#8218,.F.);
#8218 = EDGE_CURVE('',#8151,#8053,#8219,.T.);
#8219 = LINE('',#8220,#8221);
#8220 = CARTESIAN_POINT('',(100.,126.,0.));
#8221 = VECTOR('',#8222,1.);
#8222 = DIRECTION('',(0.,0.,1.));
#8223 = ORIENTED_EDGE('',*,*,#8150,.T.);
#8224 = ORIENTED_EDGE('',*,*,#8202,.T.);
#8225 = CYLINDRICAL_SURFACE('',#8226,3.);
#8226 = AXIS2_PLACEMENT_3D('',#8227,#8228,#8229);
#8227 = CARTESIAN_POINT('',(100.,123.,0.));
#8228 = DIRECTION('',(0.,0.,1.));
#8229 = DIRECTION('',(1.,0.,0.));
#8230 = ADVANCED_FACE('',(#8231),#8242,.T.);
#8231 = FACE_BOUND('',#8232,.T.);
#8232 = EDGE_LOOP('',(#8233,#8234,#8235,#8236));
#8233 = ORIENTED_EDGE('',*,*,#8026,.F.);
#8234 = ORIENTED_EDGE('',*,*,#8127,.F.);
#8235 = ORIENTED_EDGE('',*,*,#8184,.T.);
#8236 = ORIENTED_EDGE('',*,*,#8237,.T.);
#8237 = EDGE_CURVE('',#8177,#8027,#8238,.T.);
#8238 = LINE('',#8239,#8240);
#8239 = CARTESIAN_POINT('',(167.,105.,0.));
#8240 = VECTOR('',#8241,1.);
#8241 = DIRECTION('',(0.,0.,1.));
#8242 = CYLINDRICAL_SURFACE('',#8243,3.);
#8243 = AXIS2_PLACEMENT_3D('',#8244,#8245,#8246);
#8244 = CARTESIAN_POINT('',(164.,105.,0.));
#8245 = DIRECTION('',(0.,0.,1.));
#8246 = DIRECTION('',(1.,0.,0.));
#8247 = ADVANCED_FACE('',(#8248),#8259,.T.);
#8248 = FACE_BOUND('',#8249,.T.);
#8249 = EDGE_LOOP('',(#8250,#8251,#8252,#8253));
#8250 = ORIENTED_EDGE('',*,*,#8159,.F.);
#8251 = ORIENTED_EDGE('',*,*,#8218,.T.);
#8252 = ORIENTED_EDGE('',*,*,#8052,.T.);
#8253 = ORIENTED_EDGE('',*,*,#8254,.F.);
#8254 = EDGE_CURVE('',#8160,#8044,#8255,.T.);
#8255 = LINE('',#8256,#8257);
#8256 = CARTESIAN_POINT('',(164.,126.,0.));
#8257 = VECTOR('',#8258,1.);
#8258 = DIRECTION('',(0.,0.,1.));
#8259 = PLANE('',#8260);
#8260 = AXIS2_PLACEMENT_3D('',#8261,#8262,#8263);
#8261 = CARTESIAN_POINT('',(100.,126.,0.));
#8262 = DIRECTION('',(0.,1.,0.));
#8263 = DIRECTION('',(0.,0.,1.));
#8264 = ADVANCED_FACE('',(#8265),#8276,.T.);
#8265 = FACE_BOUND('',#8266,.T.);
#8266 = EDGE_LOOP('',(#8267,#8268,#8269,#8275));
#8267 = ORIENTED_EDGE('',*,*,#8237,.F.);
#8268 = ORIENTED_EDGE('',*,*,#8176,.T.);
#8269 = ORIENTED_EDGE('',*,*,#8270,.T.);
#8270 = EDGE_CURVE('',#8168,#8036,#8271,.T.);
#8271 = LINE('',#8272,#8273);
#8272 = CARTESIAN_POINT('',(167.,123.,0.));
#8273 = VECTOR('',#8274,1.);
#8274 = DIRECTION('',(0.,0.,1.));
#8275 = ORIENTED_EDGE('',*,*,#8035,.F.);
#8276 = PLANE('',#8277);
#8277 = AXIS2_PLACEMENT_3D('',#8278,#8279,#8280);
#8278 = CARTESIAN_POINT('',(167.,105.,0.));
#8279 = DIRECTION('',(1.,0.,0.));
#8280 = DIRECTION('',(0.,0.,1.));
#8281 = ADVANCED_FACE('',(#8282),#8288,.T.);
#8282 = FACE_BOUND('',#8283,.T.);
#8283 = EDGE_LOOP('',(#8284,#8285,#8286,#8287));
#8284 = ORIENTED_EDGE('',*,*,#8043,.F.);
#8285 = ORIENTED_EDGE('',*,*,#8270,.F.);
#8286 = ORIENTED_EDGE('',*,*,#8167,.T.);
#8287 = ORIENTED_EDGE('',*,*,#8254,.T.);
#8288 = CYLINDRICAL_SURFACE('',#8289,3.);
#8289 = AXIS2_PLACEMENT_3D('',#8290,#8291,#8292);
#8290 = CARTESIAN_POINT('',(164.,123.,0.));
#8291 = DIRECTION('',(0.,0.,1.));
#8292 = DIRECTION('',(1.,0.,0.));
#8293 = ADVANCED_FACE('',(#8294),#8319,.T.);
#8294 = FACE_BOUND('',#8295,.T.);
#8295 = EDGE_LOOP('',(#8296,#8304,#8305,#8313));
#8296 = ORIENTED_EDGE('',*,*,#8297,.F.);
#8297 = EDGE_CURVE('',#8078,#8298,#8300,.T.);
#8298 = VERTEX_POINT('',#8299);
#8299 = CARTESIAN_POINT('',(104.2,105.,8.));
#8300 = LINE('',#8301,#8302);
#8301 = CARTESIAN_POINT('',(104.2,105.,2.9));
#8302 = VECTOR('',#8303,1.);
#8303 = DIRECTION('',(0.,0.,1.));
#8304 = ORIENTED_EDGE('',*,*,#8103,.T.);
#8305 = ORIENTED_EDGE('',*,*,#8306,.T.);
#8306 = EDGE_CURVE('',#8096,#8307,#8309,.T.);
#8307 = VERTEX_POINT('',#8308);
#8308 = CARTESIAN_POINT('',(104.2,123.,8.));
#8309 = LINE('',#8310,#8311);
#8310 = CARTESIAN_POINT('',(104.2,123.,2.9));
#8311 = VECTOR('',#8312,1.);
#8312 = DIRECTION('',(0.,0.,1.));
#8313 = ORIENTED_EDGE('',*,*,#8314,.T.);
#8314 = EDGE_CURVE('',#8307,#8298,#8315,.T.);
#8315 = LINE('',#8316,#8317);
#8316 = CARTESIAN_POINT('',(104.2,105.,8.));
#8317 = VECTOR('',#8318,1.);
#8318 = DIRECTION('',(0.,-1.,0.));
#8319 = PLANE('',#8320);
#8320 = AXIS2_PLACEMENT_3D('',#8321,#8322,#8323);
#8321 = CARTESIAN_POINT('',(104.2,105.,2.9));
#8322 = DIRECTION('',(1.,0.,0.));
#8323 = DIRECTION('',(0.,0.,1.));
#8324 = ADVANCED_FACE('',(#8325),#8350,.F.);
#8325 = FACE_BOUND('',#8326,.F.);
#8326 = EDGE_LOOP('',(#8327,#8335,#8336,#8344));
#8327 = ORIENTED_EDGE('',*,*,#8328,.F.);
#8328 = EDGE_CURVE('',#8080,#8329,#8331,.T.);
#8329 = VERTEX_POINT('',#8330);
#8330 = CARTESIAN_POINT('',(102.2,105.,11.1));
#8331 = LINE('',#8332,#8333);
#8332 = CARTESIAN_POINT('',(102.2,105.,2.9));
#8333 = VECTOR('',#8334,1.);
#8334 = DIRECTION('',(0.,0.,1.));
#8335 = ORIENTED_EDGE('',*,*,#8087,.T.);
#8336 = ORIENTED_EDGE('',*,*,#8337,.T.);
#8337 = EDGE_CURVE('',#8088,#8338,#8340,.T.);
#8338 = VERTEX_POINT('',#8339);
#8339 = CARTESIAN_POINT('',(102.2,123.,11.1));
#8340 = LINE('',#8341,#8342);
#8341 = CARTESIAN_POINT('',(102.2,123.,2.9));
#8342 = VECTOR('',#8343,1.);
#8343 = DIRECTION('',(0.,0.,1.));
#8344 = ORIENTED_EDGE('',*,*,#8345,.F.);
#8345 = EDGE_CURVE('',#8329,#8338,#8346,.T.);
#8346 = LINE('',#8347,#8348);
#8347 = CARTESIAN_POINT('',(102.2,105.,11.1));
#8348 = VECTOR('',#8349,1.);
#8349 = DIRECTION('',(0.,1.,0.));
#8350 = PLANE('',#8351);
#8351 = AXIS2_PLACEMENT_3D('',#8352,#8353,#8354);
#8352 = CARTESIAN_POINT('',(102.2,105.,2.9));
#8353 = DIRECTION('',(1.,0.,0.));
#8354 = DIRECTION('',(0.,0.,1.));
#8355 = ADVANCED_FACE('',(#8356),#8381,.T.);
#8356 = FACE_BOUND('',#8357,.T.);
#8357 = EDGE_LOOP('',(#8358,#8359,#8367,#8375));
#8358 = ORIENTED_EDGE('',*,*,#8345,.F.);
#8359 = ORIENTED_EDGE('',*,*,#8360,.T.);
#8360 = EDGE_CURVE('',#8329,#8361,#8363,.T.);
#8361 = VERTEX_POINT('',#8362);
#8362 = CARTESIAN_POINT('',(104.2,105.,11.1));
#8363 = LINE('',#8364,#8365);
#8364 = CARTESIAN_POINT('',(102.2,105.,11.1));
#8365 = VECTOR('',#8366,1.);
#8366 = DIRECTION('',(1.,0.,0.));
#8367 = ORIENTED_EDGE('',*,*,#8368,.T.);
#8368 = EDGE_CURVE('',#8361,#8369,#8371,.T.);
#8369 = VERTEX_POINT('',#8370);
#8370 = CARTESIAN_POINT('',(104.2,123.,11.1));
#8371 = LINE('',#8372,#8373);
#8372 = CARTESIAN_POINT('',(104.2,105.,11.1));
#8373 = VECTOR('',#8374,1.);
#8374 = DIRECTION('',(0.,1.,0.));
#8375 = ORIENTED_EDGE('',*,*,#8376,.F.);
#8376 = EDGE_CURVE('',#8338,#8369,#8377,.T.);
#8377 = LINE('',#8378,#8379);
#8378 = CARTESIAN_POINT('',(102.2,123.,11.1));
#8379 = VECTOR('',#8380,1.);
#8380 = DIRECTION('',(1.,0.,0.));
#8381 = PLANE('',#8382);
#8382 = AXIS2_PLACEMENT_3D('',#8383,#8384,#8385);
#8383 = CARTESIAN_POINT('',(102.2,105.,11.1));
#8384 = DIRECTION('',(0.,0.,1.));
#8385 = DIRECTION('',(1.,0.,0.));
#8386 = ADVANCED_FACE('',(#8387),#8412,.T.);
#8387 = FACE_BOUND('',#8388,.T.);
#8388 = EDGE_LOOP('',(#8389,#8397,#8405,#8411));
#8389 = ORIENTED_EDGE('',*,*,#8390,.F.);
#8390 = EDGE_CURVE('',#8391,#8361,#8393,.T.);
#8391 = VERTEX_POINT('',#8392);
#8392 = CARTESIAN_POINT('',(104.2,105.,11.));
#8393 = LINE('',#8394,#8395);
#8394 = CARTESIAN_POINT('',(104.2,105.,2.9));
#8395 = VECTOR('',#8396,1.);
#8396 = DIRECTION('',(0.,0.,1.));
#8397 = ORIENTED_EDGE('',*,*,#8398,.F.);
#8398 = EDGE_CURVE('',#8399,#8391,#8401,.T.);
#8399 = VERTEX_POINT('',#8400);
#8400 = CARTESIAN_POINT('',(104.2,123.,11.));
#8401 = LINE('',#8402,#8403);
#8402 = CARTESIAN_POINT('',(104.2,105.,11.));
#8403 = VECTOR('',#8404,1.);
#8404 = DIRECTION('',(0.,-1.,0.));
#8405 = ORIENTED_EDGE('',*,*,#8406,.T.);
#8406 = EDGE_CURVE('',#8399,#8369,#8407,.T.);
#8407 = LINE('',#8408,#8409);
#8408 = CARTESIAN_POINT('',(104.2,123.,2.9));
#8409 = VECTOR('',#8410,1.);
#8410 = DIRECTION('',(0.,0.,1.));
#8411 = ORIENTED_EDGE('',*,*,#8368,.F.);
#8412 = PLANE('',#8413);
#8413 = AXIS2_PLACEMENT_3D('',#8414,#8415,#8416);
#8414 = CARTESIAN_POINT('',(104.2,105.,2.9));
#8415 = DIRECTION('',(1.,0.,0.));
#8416 = DIRECTION('',(0.,0.,1.));
#8417 = ADVANCED_FACE('',(#8418),#8443,.T.);
#8418 = FACE_BOUND('',#8419,.T.);
#8419 = EDGE_LOOP('',(#8420,#8428,#8429,#8437));
#8420 = ORIENTED_EDGE('',*,*,#8421,.F.);
#8421 = EDGE_CURVE('',#8399,#8422,#8424,.T.);
#8422 = VERTEX_POINT('',#8423);
#8423 = CARTESIAN_POINT('',(157.,123.,11.));
#8424 = LINE('',#8425,#8426);
#8425 = CARTESIAN_POINT('',(104.,123.,11.));
#8426 = VECTOR('',#8427,1.);
#8427 = DIRECTION('',(1.,0.,0.));
#8428 = ORIENTED_EDGE('',*,*,#8398,.T.);
#8429 = ORIENTED_EDGE('',*,*,#8430,.T.);
#8430 = EDGE_CURVE('',#8391,#8431,#8433,.T.);
#8431 = VERTEX_POINT('',#8432);
#8432 = CARTESIAN_POINT('',(157.,105.,11.));
#8433 = LINE('',#8434,#8435);
#8434 = CARTESIAN_POINT('',(104.,105.,11.));
#8435 = VECTOR('',#8436,1.);
#8436 = DIRECTION('',(1.,0.,0.));
#8437 = ORIENTED_EDGE('',*,*,#8438,.T.);
#8438 = EDGE_CURVE('',#8431,#8422,#8439,.T.);
#8439 = LINE('',#8440,#8441);
#8440 = CARTESIAN_POINT('',(157.,105.,11.));
#8441 = VECTOR('',#8442,1.);
#8442 = DIRECTION('',(0.,1.,0.));
#8443 = PLANE('',#8444);
#8444 = AXIS2_PLACEMENT_3D('',#8445,#8446,#8447);
#8445 = CARTESIAN_POINT('',(104.,105.,11.));
#8446 = DIRECTION('',(0.,0.,1.));
#8447 = DIRECTION('',(1.,0.,0.));
#8448 = ADVANCED_FACE('',(#8449),#8474,.F.);
#8449 = FACE_BOUND('',#8450,.F.);
#8450 = EDGE_LOOP('',(#8451,#8459,#8460,#8468));
#8451 = ORIENTED_EDGE('',*,*,#8452,.F.);
#8452 = EDGE_CURVE('',#8431,#8453,#8455,.T.);
#8453 = VERTEX_POINT('',#8454);
#8454 = CARTESIAN_POINT('',(157.,105.,13.));
#8455 = LINE('',#8456,#8457);
#8456 = CARTESIAN_POINT('',(157.,105.,8.));
#8457 = VECTOR('',#8458,1.);
#8458 = DIRECTION('',(0.,0.,1.));
#8459 = ORIENTED_EDGE('',*,*,#8438,.T.);
#8460 = ORIENTED_EDGE('',*,*,#8461,.T.);
#8461 = EDGE_CURVE('',#8422,#8462,#8464,.T.);
#8462 = VERTEX_POINT('',#8463);
#8463 = CARTESIAN_POINT('',(157.,123.,13.));
#8464 = LINE('',#8465,#8466);
#8465 = CARTESIAN_POINT('',(157.,123.,8.));
#8466 = VECTOR('',#8467,1.);
#8467 = DIRECTION('',(0.,0.,1.));
#8468 = ORIENTED_EDGE('',*,*,#8469,.F.);
#8469 = EDGE_CURVE('',#8453,#8462,#8470,.T.);
#8470 = LINE('',#8471,#8472);
#8471 = CARTESIAN_POINT('',(157.,105.,13.));
#8472 = VECTOR('',#8473,1.);
#8473 = DIRECTION('',(0.,1.,0.));
#8474 = PLANE('',#8475);
#8475 = AXIS2_PLACEMENT_3D('',#8476,#8477,#8478);
#8476 = CARTESIAN_POINT('',(157.,105.,8.));
#8477 = DIRECTION('',(1.,0.,0.));
#8478 = DIRECTION('',(0.,0.,1.));
#8479 = ADVANCED_FACE('',(#8480),#8505,.T.);
#8480 = FACE_BOUND('',#8481,.T.);
#8481 = EDGE_LOOP('',(#8482,#8483,#8491,#8499));
#8482 = ORIENTED_EDGE('',*,*,#8469,.F.);
#8483 = ORIENTED_EDGE('',*,*,#8484,.T.);
#8484 = EDGE_CURVE('',#8453,#8485,#8487,.T.);
#8485 = VERTEX_POINT('',#8486);
#8486 = CARTESIAN_POINT('',(160.,105.,13.));
#8487 = LINE('',#8488,#8489);
#8488 = CARTESIAN_POINT('',(157.,105.,13.));
#8489 = VECTOR('',#8490,1.);
#8490 = DIRECTION('',(1.,0.,0.));
#8491 = ORIENTED_EDGE('',*,*,#8492,.T.);
#8492 = EDGE_CURVE('',#8485,#8493,#8495,.T.);
#8493 = VERTEX_POINT('',#8494);
#8494 = CARTESIAN_POINT('',(160.,123.,13.));
#8495 = LINE('',#8496,#8497);
#8496 = CARTESIAN_POINT('',(160.,105.,13.));
#8497 = VECTOR('',#8498,1.);
#8498 = DIRECTION('',(0.,1.,0.));
#8499 = ORIENTED_EDGE('',*,*,#8500,.F.);
#8500 = EDGE_CURVE('',#8462,#8493,#8501,.T.);
#8501 = LINE('',#8502,#8503);
#8502 = CARTESIAN_POINT('',(157.,123.,13.));
#8503 = VECTOR('',#8504,1.);
#8504 = DIRECTION('',(1.,0.,0.));
#8505 = PLANE('',#8506);
#8506 = AXIS2_PLACEMENT_3D('',#8507,#8508,#8509);
#8507 = CARTESIAN_POINT('',(157.,105.,13.));
#8508 = DIRECTION('',(0.,0.,1.));
#8509 = DIRECTION('',(1.,0.,0.));
#8510 = ADVANCED_FACE('',(#8511),#8535,.T.);
#8511 = FACE_BOUND('',#8512,.T.);
#8512 = EDGE_LOOP('',(#8513,#8514,#8522,#8528,#8529,#8530,#8531,#8532,
    #8533,#8534));
#8513 = ORIENTED_EDGE('',*,*,#8297,.T.);
#8514 = ORIENTED_EDGE('',*,*,#8515,.T.);
#8515 = EDGE_CURVE('',#8298,#8516,#8518,.T.);
#8516 = VERTEX_POINT('',#8517);
#8517 = CARTESIAN_POINT('',(160.,105.,8.));
#8518 = LINE('',#8519,#8520);
#8519 = CARTESIAN_POINT('',(104.,105.,8.));
#8520 = VECTOR('',#8521,1.);
#8521 = DIRECTION('',(1.,0.,0.));
#8522 = ORIENTED_EDGE('',*,*,#8523,.T.);
#8523 = EDGE_CURVE('',#8516,#8485,#8524,.T.);
#8524 = LINE('',#8525,#8526);
#8525 = CARTESIAN_POINT('',(160.,105.,8.));
#8526 = VECTOR('',#8527,1.);
#8527 = DIRECTION('',(0.,0.,1.));
#8528 = ORIENTED_EDGE('',*,*,#8484,.F.);
#8529 = ORIENTED_EDGE('',*,*,#8452,.F.);
#8530 = ORIENTED_EDGE('',*,*,#8430,.F.);
#8531 = ORIENTED_EDGE('',*,*,#8390,.T.);
#8532 = ORIENTED_EDGE('',*,*,#8360,.F.);
#8533 = ORIENTED_EDGE('',*,*,#8328,.F.);
#8534 = ORIENTED_EDGE('',*,*,#8077,.F.);
#8535 = PLANE('',#8536);
#8536 = AXIS2_PLACEMENT_3D('',#8537,#8538,#8539);
#8537 = CARTESIAN_POINT('',(129.81148748159,105.,9.253387334315));
#8538 = DIRECTION('',(-0.,-1.,-0.));
#8539 = DIRECTION('',(0.,0.,-1.));
#8540 = ADVANCED_FACE('',(#8541),#8565,.T.);
#8541 = FACE_BOUND('',#8542,.T.);
#8542 = EDGE_LOOP('',(#8543,#8544,#8545,#8546,#8547,#8548,#8549,#8550,
    #8551,#8559));
#8543 = ORIENTED_EDGE('',*,*,#8306,.F.);
#8544 = ORIENTED_EDGE('',*,*,#8095,.T.);
#8545 = ORIENTED_EDGE('',*,*,#8337,.T.);
#8546 = ORIENTED_EDGE('',*,*,#8376,.T.);
#8547 = ORIENTED_EDGE('',*,*,#8406,.F.);
#8548 = ORIENTED_EDGE('',*,*,#8421,.T.);
#8549 = ORIENTED_EDGE('',*,*,#8461,.T.);
#8550 = ORIENTED_EDGE('',*,*,#8500,.T.);
#8551 = ORIENTED_EDGE('',*,*,#8552,.F.);
#8552 = EDGE_CURVE('',#8553,#8493,#8555,.T.);
#8553 = VERTEX_POINT('',#8554);
#8554 = CARTESIAN_POINT('',(160.,123.,8.));
#8555 = LINE('',#8556,#8557);
#8556 = CARTESIAN_POINT('',(160.,123.,8.));
#8557 = VECTOR('',#8558,1.);
#8558 = DIRECTION('',(0.,0.,1.));
#8559 = ORIENTED_EDGE('',*,*,#8560,.F.);
#8560 = EDGE_CURVE('',#8307,#8553,#8561,.T.);
#8561 = LINE('',#8562,#8563);
#8562 = CARTESIAN_POINT('',(104.,123.,8.));
#8563 = VECTOR('',#8564,1.);
#8564 = DIRECTION('',(1.,0.,0.));
#8565 = PLANE('',#8566);
#8566 = AXIS2_PLACEMENT_3D('',#8567,#8568,#8569);
#8567 = CARTESIAN_POINT('',(129.81148748159,123.,9.253387334315));
#8568 = DIRECTION('',(0.,1.,0.));
#8569 = DIRECTION('',(0.,0.,1.));
#8570 = ADVANCED_FACE('',(#8571),#8582,.F.);
#8571 = FACE_BOUND('',#8572,.T.);
#8572 = EDGE_LOOP('',(#8573,#8574,#8580,#8581));
#8573 = ORIENTED_EDGE('',*,*,#8560,.T.);
#8574 = ORIENTED_EDGE('',*,*,#8575,.F.);
#8575 = EDGE_CURVE('',#8516,#8553,#8576,.T.);
#8576 = LINE('',#8577,#8578);
#8577 = CARTESIAN_POINT('',(160.,105.,8.));
#8578 = VECTOR('',#8579,1.);
#8579 = DIRECTION('',(0.,1.,0.));
#8580 = ORIENTED_EDGE('',*,*,#8515,.F.);
#8581 = ORIENTED_EDGE('',*,*,#8314,.F.);
#8582 = PLANE('',#8583);
#8583 = AXIS2_PLACEMENT_3D('',#8584,#8585,#8586);
#8584 = CARTESIAN_POINT('',(104.,105.,8.));
#8585 = DIRECTION('',(0.,0.,1.));
#8586 = DIRECTION('',(1.,0.,0.));
#8587 = ADVANCED_FACE('',(#8588),#8594,.T.);
#8588 = FACE_BOUND('',#8589,.T.);
#8589 = EDGE_LOOP('',(#8590,#8591,#8592,#8593));
#8590 = ORIENTED_EDGE('',*,*,#8523,.F.);
#8591 = ORIENTED_EDGE('',*,*,#8575,.T.);
#8592 = ORIENTED_EDGE('',*,*,#8552,.T.);
#8593 = ORIENTED_EDGE('',*,*,#8492,.F.);
#8594 = PLANE('',#8595);
#8595 = AXIS2_PLACEMENT_3D('',#8596,#8597,#8598);
#8596 = CARTESIAN_POINT('',(160.,114.,10.5));
#8597 = DIRECTION('',(1.,0.,0.));
#8598 = DIRECTION('',(0.,0.,1.));
#8599 = MANIFOLD_SOLID_BREP('',#8600);
#8600 = CLOSED_SHELL('',(#8601,#8643,#8674,#8705,#8738,#8771,#8802,#8833
    ,#8857,#8873));
#8601 = ADVANCED_FACE('',(#8602),#8638,.T.);
#8602 = FACE_BOUND('',#8603,.T.);
#8603 = EDGE_LOOP('',(#8604,#8615,#8623,#8632));
#8604 = ORIENTED_EDGE('',*,*,#8605,.F.);
#8605 = EDGE_CURVE('',#8606,#8608,#8610,.T.);
#8606 = VERTEX_POINT('',#8607);
#8607 = CARTESIAN_POINT('',(96.,8.5,48.2));
#8608 = VERTEX_POINT('',#8609);
#8609 = CARTESIAN_POINT('',(97.2,7.3,48.2));
#8610 = CIRCLE('',#8611,1.2);
#8611 = AXIS2_PLACEMENT_3D('',#8612,#8613,#8614);
#8612 = CARTESIAN_POINT('',(97.2,8.5,48.2));
#8613 = DIRECTION('',(0.,0.,1.));
#8614 = DIRECTION('',(1.,0.,0.));
#8615 = ORIENTED_EDGE('',*,*,#8616,.F.);
#8616 = EDGE_CURVE('',#8617,#8606,#8619,.T.);
#8617 = VERTEX_POINT('',#8618);
#8618 = CARTESIAN_POINT('',(96.,8.5,46.4));
#8619 = LINE('',#8620,#8621);
#8620 = CARTESIAN_POINT('',(96.,8.5,46.4));
#8621 = VECTOR('',#8622,1.);
#8622 = DIRECTION('',(0.,0.,1.));
#8623 = ORIENTED_EDGE('',*,*,#8624,.T.);
#8624 = EDGE_CURVE('',#8617,#8625,#8627,.T.);
#8625 = VERTEX_POINT('',#8626);
#8626 = CARTESIAN_POINT('',(97.2,7.3,46.4));
#8627 = CIRCLE('',#8628,1.2);
#8628 = AXIS2_PLACEMENT_3D('',#8629,#8630,#8631);
#8629 = CARTESIAN_POINT('',(97.2,8.5,46.4));
#8630 = DIRECTION('',(0.,0.,1.));
#8631 = DIRECTION('',(1.,0.,0.));
#8632 = ORIENTED_EDGE('',*,*,#8633,.T.);
#8633 = EDGE_CURVE('',#8625,#8608,#8634,.T.);
#8634 = LINE('',#8635,#8636);
#8635 = CARTESIAN_POINT('',(97.2,7.3,46.4));
#8636 = VECTOR('',#8637,1.);
#8637 = DIRECTION('',(0.,0.,1.));
#8638 = CYLINDRICAL_SURFACE('',#8639,1.2);
#8639 = AXIS2_PLACEMENT_3D('',#8640,#8641,#8642);
#8640 = CARTESIAN_POINT('',(97.2,8.5,46.4));
#8641 = DIRECTION('',(0.,0.,1.));
#8642 = DIRECTION('',(1.,0.,0.));
#8643 = ADVANCED_FACE('',(#8644),#8669,.F.);
#8644 = FACE_BOUND('',#8645,.F.);
#8645 = EDGE_LOOP('',(#8646,#8654,#8655,#8663));
#8646 = ORIENTED_EDGE('',*,*,#8647,.F.);
#8647 = EDGE_CURVE('',#8625,#8648,#8650,.T.);
#8648 = VERTEX_POINT('',#8649);
#8649 = CARTESIAN_POINT('',(166.8,7.3,46.4));
#8650 = LINE('',#8651,#8652);
#8651 = CARTESIAN_POINT('',(97.2,7.3,46.4));
#8652 = VECTOR('',#8653,1.);
#8653 = DIRECTION('',(1.,0.,0.));
#8654 = ORIENTED_EDGE('',*,*,#8633,.T.);
#8655 = ORIENTED_EDGE('',*,*,#8656,.T.);
#8656 = EDGE_CURVE('',#8608,#8657,#8659,.T.);
#8657 = VERTEX_POINT('',#8658);
#8658 = CARTESIAN_POINT('',(166.8,7.3,48.2));
#8659 = LINE('',#8660,#8661);
#8660 = CARTESIAN_POINT('',(97.2,7.3,48.2));
#8661 = VECTOR('',#8662,1.);
#8662 = DIRECTION('',(1.,0.,0.));
#8663 = ORIENTED_EDGE('',*,*,#8664,.F.);
#8664 = EDGE_CURVE('',#8648,#8657,#8665,.T.);
#8665 = LINE('',#8666,#8667);
#8666 = CARTESIAN_POINT('',(166.8,7.3,46.4));
#8667 = VECTOR('',#8668,1.);
#8668 = DIRECTION('',(0.,0.,1.));
#8669 = PLANE('',#8670);
#8670 = AXIS2_PLACEMENT_3D('',#8671,#8672,#8673);
#8671 = CARTESIAN_POINT('',(97.2,7.3,46.4));
#8672 = DIRECTION('',(0.,1.,0.));
#8673 = DIRECTION('',(0.,0.,1.));
#8674 = ADVANCED_FACE('',(#8675),#8700,.F.);
#8675 = FACE_BOUND('',#8676,.F.);
#8676 = EDGE_LOOP('',(#8677,#8678,#8686,#8694));
#8677 = ORIENTED_EDGE('',*,*,#8616,.F.);
#8678 = ORIENTED_EDGE('',*,*,#8679,.T.);
#8679 = EDGE_CURVE('',#8617,#8680,#8682,.T.);
#8680 = VERTEX_POINT('',#8681);
#8681 = CARTESIAN_POINT('',(96.,13.5,46.4));
#8682 = LINE('',#8683,#8684);
#8683 = CARTESIAN_POINT('',(96.,8.5,46.4));
#8684 = VECTOR('',#8685,1.);
#8685 = DIRECTION('',(0.,1.,0.));
#8686 = ORIENTED_EDGE('',*,*,#8687,.T.);
#8687 = EDGE_CURVE('',#8680,#8688,#8690,.T.);
#8688 = VERTEX_POINT('',#8689);
#8689 = CARTESIAN_POINT('',(96.,13.5,48.2));
#8690 = LINE('',#8691,#8692);
#8691 = CARTESIAN_POINT('',(96.,13.5,46.4));
#8692 = VECTOR('',#8693,1.);
#8693 = DIRECTION('',(0.,0.,1.));
#8694 = ORIENTED_EDGE('',*,*,#8695,.F.);
#8695 = EDGE_CURVE('',#8606,#8688,#8696,.T.);
#8696 = LINE('',#8697,#8698);
#8697 = CARTESIAN_POINT('',(96.,8.5,48.2));
#8698 = VECTOR('',#8699,1.);
#8699 = DIRECTION('',(0.,1.,0.));
#8700 = PLANE('',#8701);
#8701 = AXIS2_PLACEMENT_3D('',#8702,#8703,#8704);
#8702 = CARTESIAN_POINT('',(96.,8.5,46.4));
#8703 = DIRECTION('',(1.,0.,0.));
#8704 = DIRECTION('',(0.,0.,1.));
#8705 = ADVANCED_FACE('',(#8706),#8733,.T.);
#8706 = FACE_BOUND('',#8707,.T.);
#8707 = EDGE_LOOP('',(#8708,#8717,#8718,#8727));
#8708 = ORIENTED_EDGE('',*,*,#8709,.F.);
#8709 = EDGE_CURVE('',#8657,#8710,#8712,.T.);
#8710 = VERTEX_POINT('',#8711);
#8711 = CARTESIAN_POINT('',(168.,8.5,48.2));
#8712 = CIRCLE('',#8713,1.2);
#8713 = AXIS2_PLACEMENT_3D('',#8714,#8715,#8716);
#8714 = CARTESIAN_POINT('',(166.8,8.5,48.2));
#8715 = DIRECTION('',(0.,0.,1.));
#8716 = DIRECTION('',(1.,0.,0.));
#8717 = ORIENTED_EDGE('',*,*,#8664,.F.);
#8718 = ORIENTED_EDGE('',*,*,#8719,.T.);
#8719 = EDGE_CURVE('',#8648,#8720,#8722,.T.);
#8720 = VERTEX_POINT('',#8721);
#8721 = CARTESIAN_POINT('',(168.,8.5,46.4));
#8722 = CIRCLE('',#8723,1.2);
#8723 = AXIS2_PLACEMENT_3D('',#8724,#8725,#8726);
#8724 = CARTESIAN_POINT('',(166.8,8.5,46.4));
#8725 = DIRECTION('',(0.,0.,1.));
#8726 = DIRECTION('',(1.,0.,0.));
#8727 = ORIENTED_EDGE('',*,*,#8728,.T.);
#8728 = EDGE_CURVE('',#8720,#8710,#8729,.T.);
#8729 = LINE('',#8730,#8731);
#8730 = CARTESIAN_POINT('',(168.,8.5,46.4));
#8731 = VECTOR('',#8732,1.);
#8732 = DIRECTION('',(0.,0.,1.));
#8733 = CYLINDRICAL_SURFACE('',#8734,1.2);
#8734 = AXIS2_PLACEMENT_3D('',#8735,#8736,#8737);
#8735 = CARTESIAN_POINT('',(166.8,8.5,46.4));
#8736 = DIRECTION('',(0.,0.,1.));
#8737 = DIRECTION('',(1.,0.,0.));
#8738 = ADVANCED_FACE('',(#8739),#8766,.T.);
#8739 = FACE_BOUND('',#8740,.T.);
#8740 = EDGE_LOOP('',(#8741,#8750,#8758,#8765));
#8741 = ORIENTED_EDGE('',*,*,#8742,.F.);
#8742 = EDGE_CURVE('',#8743,#8688,#8745,.T.);
#8743 = VERTEX_POINT('',#8744);
#8744 = CARTESIAN_POINT('',(97.2,14.7,48.2));
#8745 = CIRCLE('',#8746,1.2);
#8746 = AXIS2_PLACEMENT_3D('',#8747,#8748,#8749);
#8747 = CARTESIAN_POINT('',(97.2,13.5,48.2));
#8748 = DIRECTION('',(0.,0.,1.));
#8749 = DIRECTION('',(1.,0.,0.));
#8750 = ORIENTED_EDGE('',*,*,#8751,.F.);
#8751 = EDGE_CURVE('',#8752,#8743,#8754,.T.);
#8752 = VERTEX_POINT('',#8753);
#8753 = CARTESIAN_POINT('',(97.2,14.7,46.4));
#8754 = LINE('',#8755,#8756);
#8755 = CARTESIAN_POINT('',(97.2,14.7,46.4));
#8756 = VECTOR('',#8757,1.);
#8757 = DIRECTION('',(0.,0.,1.));
#8758 = ORIENTED_EDGE('',*,*,#8759,.T.);
#8759 = EDGE_CURVE('',#8752,#8680,#8760,.T.);
#8760 = CIRCLE('',#8761,1.2);
#8761 = AXIS2_PLACEMENT_3D('',#8762,#8763,#8764);
#8762 = CARTESIAN_POINT('',(97.2,13.5,46.4));
#8763 = DIRECTION('',(0.,0.,1.));
#8764 = DIRECTION('',(1.,0.,0.));
#8765 = ORIENTED_EDGE('',*,*,#8687,.T.);
#8766 = CYLINDRICAL_SURFACE('',#8767,1.2);
#8767 = AXIS2_PLACEMENT_3D('',#8768,#8769,#8770);
#8768 = CARTESIAN_POINT('',(97.2,13.5,46.4));
#8769 = DIRECTION('',(0.,0.,1.));
#8770 = DIRECTION('',(1.,0.,0.));
#8771 = ADVANCED_FACE('',(#8772),#8797,.T.);
#8772 = FACE_BOUND('',#8773,.T.);
#8773 = EDGE_LOOP('',(#8774,#8782,#8783,#8791));
#8774 = ORIENTED_EDGE('',*,*,#8775,.F.);
#8775 = EDGE_CURVE('',#8752,#8776,#8778,.T.);
#8776 = VERTEX_POINT('',#8777);
#8777 = CARTESIAN_POINT('',(166.8,14.7,46.4));
#8778 = LINE('',#8779,#8780);
#8779 = CARTESIAN_POINT('',(97.2,14.7,46.4));
#8780 = VECTOR('',#8781,1.);
#8781 = DIRECTION('',(1.,0.,0.));
#8782 = ORIENTED_EDGE('',*,*,#8751,.T.);
#8783 = ORIENTED_EDGE('',*,*,#8784,.T.);
#8784 = EDGE_CURVE('',#8743,#8785,#8787,.T.);
#8785 = VERTEX_POINT('',#8786);
#8786 = CARTESIAN_POINT('',(166.8,14.7,48.2));
#8787 = LINE('',#8788,#8789);
#8788 = CARTESIAN_POINT('',(97.2,14.7,48.2));
#8789 = VECTOR('',#8790,1.);
#8790 = DIRECTION('',(1.,0.,0.));
#8791 = ORIENTED_EDGE('',*,*,#8792,.F.);
#8792 = EDGE_CURVE('',#8776,#8785,#8793,.T.);
#8793 = LINE('',#8794,#8795);
#8794 = CARTESIAN_POINT('',(166.8,14.7,46.4));
#8795 = VECTOR('',#8796,1.);
#8796 = DIRECTION('',(0.,0.,1.));
#8797 = PLANE('',#8798);
#8798 = AXIS2_PLACEMENT_3D('',#8799,#8800,#8801);
#8799 = CARTESIAN_POINT('',(97.2,14.7,46.4));
#8800 = DIRECTION('',(0.,1.,0.));
#8801 = DIRECTION('',(0.,0.,1.));
#8802 = ADVANCED_FACE('',(#8803),#8828,.T.);
#8803 = FACE_BOUND('',#8804,.T.);
#8804 = EDGE_LOOP('',(#8805,#8806,#8814,#8822));
#8805 = ORIENTED_EDGE('',*,*,#8728,.F.);
#8806 = ORIENTED_EDGE('',*,*,#8807,.T.);
#8807 = EDGE_CURVE('',#8720,#8808,#8810,.T.);
#8808 = VERTEX_POINT('',#8809);
#8809 = CARTESIAN_POINT('',(168.,13.5,46.4));
#8810 = LINE('',#8811,#8812);
#8811 = CARTESIAN_POINT('',(168.,8.5,46.4));
#8812 = VECTOR('',#8813,1.);
#8813 = DIRECTION('',(0.,1.,0.));
#8814 = ORIENTED_EDGE('',*,*,#8815,.T.);
#8815 = EDGE_CURVE('',#8808,#8816,#8818,.T.);
#8816 = VERTEX_POINT('',#8817);
#8817 = CARTESIAN_POINT('',(168.,13.5,48.2));
#8818 = LINE('',#8819,#8820);
#8819 = CARTESIAN_POINT('',(168.,13.5,46.4));
#8820 = VECTOR('',#8821,1.);
#8821 = DIRECTION('',(0.,0.,1.));
#8822 = ORIENTED_EDGE('',*,*,#8823,.F.);
#8823 = EDGE_CURVE('',#8710,#8816,#8824,.T.);
#8824 = LINE('',#8825,#8826);
#8825 = CARTESIAN_POINT('',(168.,8.5,48.2));
#8826 = VECTOR('',#8827,1.);
#8827 = DIRECTION('',(0.,1.,0.));
#8828 = PLANE('',#8829);
#8829 = AXIS2_PLACEMENT_3D('',#8830,#8831,#8832);
#8830 = CARTESIAN_POINT('',(168.,8.5,46.4));
#8831 = DIRECTION('',(1.,0.,0.));
#8832 = DIRECTION('',(0.,0.,1.));
#8833 = ADVANCED_FACE('',(#8834),#8852,.T.);
#8834 = FACE_BOUND('',#8835,.T.);
#8835 = EDGE_LOOP('',(#8836,#8843,#8844,#8851));
#8836 = ORIENTED_EDGE('',*,*,#8837,.F.);
#8837 = EDGE_CURVE('',#8816,#8785,#8838,.T.);
#8838 = CIRCLE('',#8839,1.2);
#8839 = AXIS2_PLACEMENT_3D('',#8840,#8841,#8842);
#8840 = CARTESIAN_POINT('',(166.8,13.5,48.2));
#8841 = DIRECTION('',(0.,0.,1.));
#8842 = DIRECTION('',(1.,0.,0.));
#8843 = ORIENTED_EDGE('',*,*,#8815,.F.);
#8844 = ORIENTED_EDGE('',*,*,#8845,.T.);
#8845 = EDGE_CURVE('',#8808,#8776,#8846,.T.);
#8846 = CIRCLE('',#8847,1.2);
#8847 = AXIS2_PLACEMENT_3D('',#8848,#8849,#8850);
#8848 = CARTESIAN_POINT('',(166.8,13.5,46.4));
#8849 = DIRECTION('',(0.,0.,1.));
#8850 = DIRECTION('',(1.,0.,0.));
#8851 = ORIENTED_EDGE('',*,*,#8792,.T.);
#8852 = CYLINDRICAL_SURFACE('',#8853,1.2);
#8853 = AXIS2_PLACEMENT_3D('',#8854,#8855,#8856);
#8854 = CARTESIAN_POINT('',(166.8,13.5,46.4));
#8855 = DIRECTION('',(0.,0.,1.));
#8856 = DIRECTION('',(1.,0.,0.));
#8857 = ADVANCED_FACE('',(#8858),#8868,.T.);
#8858 = FACE_BOUND('',#8859,.T.);
#8859 = EDGE_LOOP('',(#8860,#8861,#8862,#8863,#8864,#8865,#8866,#8867));
#8860 = ORIENTED_EDGE('',*,*,#8605,.T.);
#8861 = ORIENTED_EDGE('',*,*,#8656,.T.);
#8862 = ORIENTED_EDGE('',*,*,#8709,.T.);
#8863 = ORIENTED_EDGE('',*,*,#8823,.T.);
#8864 = ORIENTED_EDGE('',*,*,#8837,.T.);
#8865 = ORIENTED_EDGE('',*,*,#8784,.F.);
#8866 = ORIENTED_EDGE('',*,*,#8742,.T.);
#8867 = ORIENTED_EDGE('',*,*,#8695,.F.);
#8868 = PLANE('',#8869);
#8869 = AXIS2_PLACEMENT_3D('',#8870,#8871,#8872);
#8870 = CARTESIAN_POINT('',(132.,11.,48.2));
#8871 = DIRECTION('',(0.,0.,1.));
#8872 = DIRECTION('',(1.,0.,0.));
#8873 = ADVANCED_FACE('',(#8874),#8884,.T.);
#8874 = FACE_BOUND('',#8875,.T.);
#8875 = EDGE_LOOP('',(#8876,#8877,#8878,#8879,#8880,#8881,#8882,#8883));
#8876 = ORIENTED_EDGE('',*,*,#8624,.F.);
#8877 = ORIENTED_EDGE('',*,*,#8679,.T.);
#8878 = ORIENTED_EDGE('',*,*,#8759,.F.);
#8879 = ORIENTED_EDGE('',*,*,#8775,.T.);
#8880 = ORIENTED_EDGE('',*,*,#8845,.F.);
#8881 = ORIENTED_EDGE('',*,*,#8807,.F.);
#8882 = ORIENTED_EDGE('',*,*,#8719,.F.);
#8883 = ORIENTED_EDGE('',*,*,#8647,.F.);
#8884 = PLANE('',#8885);
#8885 = AXIS2_PLACEMENT_3D('',#8886,#8887,#8888);
#8886 = CARTESIAN_POINT('',(132.,11.,46.4));
#8887 = DIRECTION('',(-0.,-0.,-1.));
#8888 = DIRECTION('',(-1.,0.,0.));
#8889 = MANIFOLD_SOLID_BREP('',#8890);
#8890 = CLOSED_SHELL('',(#8891,#8931,#8971,#8993,#9015,#9027));
#8891 = ADVANCED_FACE('',(#8892),#8926,.F.);
#8892 = FACE_BOUND('',#8893,.F.);
#8893 = EDGE_LOOP('',(#8894,#8904,#8912,#8920));
#8894 = ORIENTED_EDGE('',*,*,#8895,.F.);
#8895 = EDGE_CURVE('',#8896,#8898,#8900,.T.);
#8896 = VERTEX_POINT('',#8897);
#8897 = CARTESIAN_POINT('',(89.,20.,6.6));
#8898 = VERTEX_POINT('',#8899);
#8899 = CARTESIAN_POINT('',(89.,20.,24.6));
#8900 = LINE('',#8901,#8902);
#8901 = CARTESIAN_POINT('',(89.,20.,6.6));
#8902 = VECTOR('',#8903,1.);
#8903 = DIRECTION('',(0.,0.,1.));
#8904 = ORIENTED_EDGE('',*,*,#8905,.T.);
#8905 = EDGE_CURVE('',#8896,#8906,#8908,.T.);
#8906 = VERTEX_POINT('',#8907);
#8907 = CARTESIAN_POINT('',(89.,73.34,6.6));
#8908 = LINE('',#8909,#8910);
#8909 = CARTESIAN_POINT('',(89.,20.,6.6));
#8910 = VECTOR('',#8911,1.);
#8911 = DIRECTION('',(0.,1.,0.));
#8912 = ORIENTED_EDGE('',*,*,#8913,.T.);
#8913 = EDGE_CURVE('',#8906,#8914,#8916,.T.);
#8914 = VERTEX_POINT('',#8915);
#8915 = CARTESIAN_POINT('',(89.,73.34,24.6));
#8916 = LINE('',#8917,#8918);
#8917 = CARTESIAN_POINT('',(89.,73.34,6.6));
#8918 = VECTOR('',#8919,1.);
#8919 = DIRECTION('',(0.,0.,1.));
#8920 = ORIENTED_EDGE('',*,*,#8921,.F.);
#8921 = EDGE_CURVE('',#8898,#8914,#8922,.T.);
#8922 = LINE('',#8923,#8924);
#8923 = CARTESIAN_POINT('',(89.,20.,24.6));
#8924 = VECTOR('',#8925,1.);
#8925 = DIRECTION('',(0.,1.,0.));
#8926 = PLANE('',#8927);
#8927 = AXIS2_PLACEMENT_3D('',#8928,#8929,#8930);
#8928 = CARTESIAN_POINT('',(89.,20.,6.6));
#8929 = DIRECTION('',(1.,0.,0.));
#8930 = DIRECTION('',(0.,0.,1.));
#8931 = ADVANCED_FACE('',(#8932),#8966,.T.);
#8932 = FACE_BOUND('',#8933,.T.);
#8933 = EDGE_LOOP('',(#8934,#8944,#8952,#8960));
#8934 = ORIENTED_EDGE('',*,*,#8935,.F.);
#8935 = EDGE_CURVE('',#8936,#8938,#8940,.T.);
#8936 = VERTEX_POINT('',#8937);
#8937 = CARTESIAN_POINT('',(157.85,20.,6.6));
#8938 = VERTEX_POINT('',#8939);
#8939 = CARTESIAN_POINT('',(157.85,20.,24.6));
#8940 = LINE('',#8941,#8942);
#8941 = CARTESIAN_POINT('',(157.85,20.,6.6));
#8942 = VECTOR('',#8943,1.);
#8943 = DIRECTION('',(0.,0.,1.));
#8944 = ORIENTED_EDGE('',*,*,#8945,.T.);
#8945 = EDGE_CURVE('',#8936,#8946,#8948,.T.);
#8946 = VERTEX_POINT('',#8947);
#8947 = CARTESIAN_POINT('',(157.85,73.34,6.6));
#8948 = LINE('',#8949,#8950);
#8949 = CARTESIAN_POINT('',(157.85,20.,6.6));
#8950 = VECTOR('',#8951,1.);
#8951 = DIRECTION('',(0.,1.,0.));
#8952 = ORIENTED_EDGE('',*,*,#8953,.T.);
#8953 = EDGE_CURVE('',#8946,#8954,#8956,.T.);
#8954 = VERTEX_POINT('',#8955);
#8955 = CARTESIAN_POINT('',(157.85,73.34,24.6));
#8956 = LINE('',#8957,#8958);
#8957 = CARTESIAN_POINT('',(157.85,73.34,6.6));
#8958 = VECTOR('',#8959,1.);
#8959 = DIRECTION('',(0.,0.,1.));
#8960 = ORIENTED_EDGE('',*,*,#8961,.F.);
#8961 = EDGE_CURVE('',#8938,#8954,#8962,.T.);
#8962 = LINE('',#8963,#8964);
#8963 = CARTESIAN_POINT('',(157.85,20.,24.6));
#8964 = VECTOR('',#8965,1.);
#8965 = DIRECTION('',(0.,1.,0.));
#8966 = PLANE('',#8967);
#8967 = AXIS2_PLACEMENT_3D('',#8968,#8969,#8970);
#8968 = CARTESIAN_POINT('',(157.85,20.,6.6));
#8969 = DIRECTION('',(1.,0.,0.));
#8970 = DIRECTION('',(0.,0.,1.));
#8971 = ADVANCED_FACE('',(#8972),#8988,.F.);
#8972 = FACE_BOUND('',#8973,.F.);
#8973 = EDGE_LOOP('',(#8974,#8980,#8981,#8987));
#8974 = ORIENTED_EDGE('',*,*,#8975,.F.);
#8975 = EDGE_CURVE('',#8896,#8936,#8976,.T.);
#8976 = LINE('',#8977,#8978);
#8977 = CARTESIAN_POINT('',(89.,20.,6.6));
#8978 = VECTOR('',#8979,1.);
#8979 = DIRECTION('',(1.,0.,0.));
#8980 = ORIENTED_EDGE('',*,*,#8895,.T.);
#8981 = ORIENTED_EDGE('',*,*,#8982,.T.);
#8982 = EDGE_CURVE('',#8898,#8938,#8983,.T.);
#8983 = LINE('',#8984,#8985);
#8984 = CARTESIAN_POINT('',(89.,20.,24.6));
#8985 = VECTOR('',#8986,1.);
#8986 = DIRECTION('',(1.,0.,0.));
#8987 = ORIENTED_EDGE('',*,*,#8935,.F.);
#8988 = PLANE('',#8989);
#8989 = AXIS2_PLACEMENT_3D('',#8990,#8991,#8992);
#8990 = CARTESIAN_POINT('',(89.,20.,6.6));
#8991 = DIRECTION('',(0.,1.,0.));
#8992 = DIRECTION('',(0.,0.,1.));
#8993 = ADVANCED_FACE('',(#8994),#9010,.T.);
#8994 = FACE_BOUND('',#8995,.T.);
#8995 = EDGE_LOOP('',(#8996,#9002,#9003,#9009));
#8996 = ORIENTED_EDGE('',*,*,#8997,.F.);
#8997 = EDGE_CURVE('',#8906,#8946,#8998,.T.);
#8998 = LINE('',#8999,#9000);
#8999 = CARTESIAN_POINT('',(89.,73.34,6.6));
#9000 = VECTOR('',#9001,1.);
#9001 = DIRECTION('',(1.,0.,0.));
#9002 = ORIENTED_EDGE('',*,*,#8913,.T.);
#9003 = ORIENTED_EDGE('',*,*,#9004,.T.);
#9004 = EDGE_CURVE('',#8914,#8954,#9005,.T.);
#9005 = LINE('',#9006,#9007);
#9006 = CARTESIAN_POINT('',(89.,73.34,24.6));
#9007 = VECTOR('',#9008,1.);
#9008 = DIRECTION('',(1.,0.,0.));
#9009 = ORIENTED_EDGE('',*,*,#8953,.F.);
#9010 = PLANE('',#9011);
#9011 = AXIS2_PLACEMENT_3D('',#9012,#9013,#9014);
#9012 = CARTESIAN_POINT('',(89.,73.34,6.6));
#9013 = DIRECTION('',(0.,1.,0.));
#9014 = DIRECTION('',(0.,0.,1.));
#9015 = ADVANCED_FACE('',(#9016),#9022,.F.);
#9016 = FACE_BOUND('',#9017,.F.);
#9017 = EDGE_LOOP('',(#9018,#9019,#9020,#9021));
#9018 = ORIENTED_EDGE('',*,*,#8905,.F.);
#9019 = ORIENTED_EDGE('',*,*,#8975,.T.);
#9020 = ORIENTED_EDGE('',*,*,#8945,.T.);
#9021 = ORIENTED_EDGE('',*,*,#8997,.F.);
#9022 = PLANE('',#9023);
#9023 = AXIS2_PLACEMENT_3D('',#9024,#9025,#9026);
#9024 = CARTESIAN_POINT('',(89.,20.,6.6));
#9025 = DIRECTION('',(0.,0.,1.));
#9026 = DIRECTION('',(1.,0.,0.));
#9027 = ADVANCED_FACE('',(#9028),#9034,.T.);
#9028 = FACE_BOUND('',#9029,.T.);
#9029 = EDGE_LOOP('',(#9030,#9031,#9032,#9033));
#9030 = ORIENTED_EDGE('',*,*,#8921,.F.);
#9031 = ORIENTED_EDGE('',*,*,#8982,.T.);
#9032 = ORIENTED_EDGE('',*,*,#8961,.T.);
#9033 = ORIENTED_EDGE('',*,*,#9004,.F.);
#9034 = PLANE('',#9035);
#9035 = AXIS2_PLACEMENT_3D('',#9036,#9037,#9038);
#9036 = CARTESIAN_POINT('',(89.,20.,24.6));
#9037 = DIRECTION('',(0.,0.,1.));
#9038 = DIRECTION('',(1.,0.,0.));
#9039 = MANIFOLD_SOLID_BREP('',#9040);
#9040 = CLOSED_SHELL('',(#9041,#9081,#9121,#9143,#9165,#9177));
#9041 = ADVANCED_FACE('',(#9042),#9076,.F.);
#9042 = FACE_BOUND('',#9043,.F.);
#9043 = EDGE_LOOP('',(#9044,#9054,#9062,#9070));
#9044 = ORIENTED_EDGE('',*,*,#9045,.F.);
#9045 = EDGE_CURVE('',#9046,#9048,#9050,.T.);
#9046 = VERTEX_POINT('',#9047);
#9047 = CARTESIAN_POINT('',(159.,12.,2.9));
#9048 = VERTEX_POINT('',#9049);
#9049 = CARTESIAN_POINT('',(159.,12.,14.9));
#9050 = LINE('',#9051,#9052);
#9051 = CARTESIAN_POINT('',(159.,12.,2.9));
#9052 = VECTOR('',#9053,1.);
#9053 = DIRECTION('',(0.,0.,1.));
#9054 = ORIENTED_EDGE('',*,*,#9055,.T.);
#9055 = EDGE_CURVE('',#9046,#9056,#9058,.T.);
#9056 = VERTEX_POINT('',#9057);
#9057 = CARTESIAN_POINT('',(159.,26.,2.9));
#9058 = LINE('',#9059,#9060);
#9059 = CARTESIAN_POINT('',(159.,12.,2.9));
#9060 = VECTOR('',#9061,1.);
#9061 = DIRECTION('',(0.,1.,0.));
#9062 = ORIENTED_EDGE('',*,*,#9063,.T.);
#9063 = EDGE_CURVE('',#9056,#9064,#9066,.T.);
#9064 = VERTEX_POINT('',#9065);
#9065 = CARTESIAN_POINT('',(159.,26.,14.9));
#9066 = LINE('',#9067,#9068);
#9067 = CARTESIAN_POINT('',(159.,26.,2.9));
#9068 = VECTOR('',#9069,1.);
#9069 = DIRECTION('',(0.,0.,1.));
#9070 = ORIENTED_EDGE('',*,*,#9071,.F.);
#9071 = EDGE_CURVE('',#9048,#9064,#9072,.T.);
#9072 = LINE('',#9073,#9074);
#9073 = CARTESIAN_POINT('',(159.,12.,14.9));
#9074 = VECTOR('',#9075,1.);
#9075 = DIRECTION('',(0.,1.,0.));
#9076 = PLANE('',#9077);
#9077 = AXIS2_PLACEMENT_3D('',#9078,#9079,#9080);
#9078 = CARTESIAN_POINT('',(159.,12.,2.9));
#9079 = DIRECTION('',(1.,0.,0.));
#9080 = DIRECTION('',(0.,0.,1.));
#9081 = ADVANCED_FACE('',(#9082),#9116,.T.);
#9082 = FACE_BOUND('',#9083,.T.);
#9083 = EDGE_LOOP('',(#9084,#9094,#9102,#9110));
#9084 = ORIENTED_EDGE('',*,*,#9085,.F.);
#9085 = EDGE_CURVE('',#9086,#9088,#9090,.T.);
#9086 = VERTEX_POINT('',#9087);
#9087 = CARTESIAN_POINT('',(185.,12.,2.9));
#9088 = VERTEX_POINT('',#9089);
#9089 = CARTESIAN_POINT('',(185.,12.,14.9));
#9090 = LINE('',#9091,#9092);
#9091 = CARTESIAN_POINT('',(185.,12.,2.9));
#9092 = VECTOR('',#9093,1.);
#9093 = DIRECTION('',(0.,0.,1.));
#9094 = ORIENTED_EDGE('',*,*,#9095,.T.);
#9095 = EDGE_CURVE('',#9086,#9096,#9098,.T.);
#9096 = VERTEX_POINT('',#9097);
#9097 = CARTESIAN_POINT('',(185.,26.,2.9));
#9098 = LINE('',#9099,#9100);
#9099 = CARTESIAN_POINT('',(185.,12.,2.9));
#9100 = VECTOR('',#9101,1.);
#9101 = DIRECTION('',(0.,1.,0.));
#9102 = ORIENTED_EDGE('',*,*,#9103,.T.);
#9103 = EDGE_CURVE('',#9096,#9104,#9106,.T.);
#9104 = VERTEX_POINT('',#9105);
#9105 = CARTESIAN_POINT('',(185.,26.,14.9));
#9106 = LINE('',#9107,#9108);
#9107 = CARTESIAN_POINT('',(185.,26.,2.9));
#9108 = VECTOR('',#9109,1.);
#9109 = DIRECTION('',(0.,0.,1.));
#9110 = ORIENTED_EDGE('',*,*,#9111,.F.);
#9111 = EDGE_CURVE('',#9088,#9104,#9112,.T.);
#9112 = LINE('',#9113,#9114);
#9113 = CARTESIAN_POINT('',(185.,12.,14.9));
#9114 = VECTOR('',#9115,1.);
#9115 = DIRECTION('',(0.,1.,0.));
#9116 = PLANE('',#9117);
#9117 = AXIS2_PLACEMENT_3D('',#9118,#9119,#9120);
#9118 = CARTESIAN_POINT('',(185.,12.,2.9));
#9119 = DIRECTION('',(1.,0.,0.));
#9120 = DIRECTION('',(0.,0.,1.));
#9121 = ADVANCED_FACE('',(#9122),#9138,.F.);
#9122 = FACE_BOUND('',#9123,.F.);
#9123 = EDGE_LOOP('',(#9124,#9130,#9131,#9137));
#9124 = ORIENTED_EDGE('',*,*,#9125,.F.);
#9125 = EDGE_CURVE('',#9046,#9086,#9126,.T.);
#9126 = LINE('',#9127,#9128);
#9127 = CARTESIAN_POINT('',(159.,12.,2.9));
#9128 = VECTOR('',#9129,1.);
#9129 = DIRECTION('',(1.,0.,0.));
#9130 = ORIENTED_EDGE('',*,*,#9045,.T.);
#9131 = ORIENTED_EDGE('',*,*,#9132,.T.);
#9132 = EDGE_CURVE('',#9048,#9088,#9133,.T.);
#9133 = LINE('',#9134,#9135);
#9134 = CARTESIAN_POINT('',(159.,12.,14.9));
#9135 = VECTOR('',#9136,1.);
#9136 = DIRECTION('',(1.,0.,0.));
#9137 = ORIENTED_EDGE('',*,*,#9085,.F.);
#9138 = PLANE('',#9139);
#9139 = AXIS2_PLACEMENT_3D('',#9140,#9141,#9142);
#9140 = CARTESIAN_POINT('',(159.,12.,2.9));
#9141 = DIRECTION('',(0.,1.,0.));
#9142 = DIRECTION('',(0.,0.,1.));
#9143 = ADVANCED_FACE('',(#9144),#9160,.T.);
#9144 = FACE_BOUND('',#9145,.T.);
#9145 = EDGE_LOOP('',(#9146,#9152,#9153,#9159));
#9146 = ORIENTED_EDGE('',*,*,#9147,.F.);
#9147 = EDGE_CURVE('',#9056,#9096,#9148,.T.);
#9148 = LINE('',#9149,#9150);
#9149 = CARTESIAN_POINT('',(159.,26.,2.9));
#9150 = VECTOR('',#9151,1.);
#9151 = DIRECTION('',(1.,0.,0.));
#9152 = ORIENTED_EDGE('',*,*,#9063,.T.);
#9153 = ORIENTED_EDGE('',*,*,#9154,.T.);
#9154 = EDGE_CURVE('',#9064,#9104,#9155,.T.);
#9155 = LINE('',#9156,#9157);
#9156 = CARTESIAN_POINT('',(159.,26.,14.9));
#9157 = VECTOR('',#9158,1.);
#9158 = DIRECTION('',(1.,0.,0.));
#9159 = ORIENTED_EDGE('',*,*,#9103,.F.);
#9160 = PLANE('',#9161);
#9161 = AXIS2_PLACEMENT_3D('',#9162,#9163,#9164);
#9162 = CARTESIAN_POINT('',(159.,26.,2.9));
#9163 = DIRECTION('',(0.,1.,0.));
#9164 = DIRECTION('',(0.,0.,1.));
#9165 = ADVANCED_FACE('',(#9166),#9172,.F.);
#9166 = FACE_BOUND('',#9167,.F.);
#9167 = EDGE_LOOP('',(#9168,#9169,#9170,#9171));
#9168 = ORIENTED_EDGE('',*,*,#9055,.F.);
#9169 = ORIENTED_EDGE('',*,*,#9125,.T.);
#9170 = ORIENTED_EDGE('',*,*,#9095,.T.);
#9171 = ORIENTED_EDGE('',*,*,#9147,.F.);
#9172 = PLANE('',#9173);
#9173 = AXIS2_PLACEMENT_3D('',#9174,#9175,#9176);
#9174 = CARTESIAN_POINT('',(159.,12.,2.9));
#9175 = DIRECTION('',(0.,0.,1.));
#9176 = DIRECTION('',(1.,0.,0.));
#9177 = ADVANCED_FACE('',(#9178),#9184,.T.);
#9178 = FACE_BOUND('',#9179,.T.);
#9179 = EDGE_LOOP('',(#9180,#9181,#9182,#9183));
#9180 = ORIENTED_EDGE('',*,*,#9071,.F.);
#9181 = ORIENTED_EDGE('',*,*,#9132,.T.);
#9182 = ORIENTED_EDGE('',*,*,#9111,.T.);
#9183 = ORIENTED_EDGE('',*,*,#9154,.F.);
#9184 = PLANE('',#9185);
#9185 = AXIS2_PLACEMENT_3D('',#9186,#9187,#9188);
#9186 = CARTESIAN_POINT('',(159.,12.,14.9));
#9187 = DIRECTION('',(0.,0.,1.));
#9188 = DIRECTION('',(1.,0.,0.));
#9189 = MANIFOLD_SOLID_BREP('',#9190);
#9190 = CLOSED_SHELL('',(#9191,#9231,#9271,#9293,#9315,#9327));
#9191 = ADVANCED_FACE('',(#9192),#9226,.F.);
#9192 = FACE_BOUND('',#9193,.F.);
#9193 = EDGE_LOOP('',(#9194,#9204,#9212,#9220));
#9194 = ORIENTED_EDGE('',*,*,#9195,.F.);
#9195 = EDGE_CURVE('',#9196,#9198,#9200,.T.);
#9196 = VERTEX_POINT('',#9197);
#9197 = CARTESIAN_POINT('',(160.,32.,2.9));
#9198 = VERTEX_POINT('',#9199);
#9199 = CARTESIAN_POINT('',(160.,32.,10.9));
#9200 = LINE('',#9201,#9202);
#9201 = CARTESIAN_POINT('',(160.,32.,2.9));
#9202 = VECTOR('',#9203,1.);
#9203 = DIRECTION('',(0.,0.,1.));
#9204 = ORIENTED_EDGE('',*,*,#9205,.T.);
#9205 = EDGE_CURVE('',#9196,#9206,#9208,.T.);
#9206 = VERTEX_POINT('',#9207);
#9207 = CARTESIAN_POINT('',(160.,46.,2.9));
#9208 = LINE('',#9209,#9210);
#9209 = CARTESIAN_POINT('',(160.,32.,2.9));
#9210 = VECTOR('',#9211,1.);
#9211 = DIRECTION('',(0.,1.,0.));
#9212 = ORIENTED_EDGE('',*,*,#9213,.T.);
#9213 = EDGE_CURVE('',#9206,#9214,#9216,.T.);
#9214 = VERTEX_POINT('',#9215);
#9215 = CARTESIAN_POINT('',(160.,46.,10.9));
#9216 = LINE('',#9217,#9218);
#9217 = CARTESIAN_POINT('',(160.,46.,2.9));
#9218 = VECTOR('',#9219,1.);
#9219 = DIRECTION('',(0.,0.,1.));
#9220 = ORIENTED_EDGE('',*,*,#9221,.F.);
#9221 = EDGE_CURVE('',#9198,#9214,#9222,.T.);
#9222 = LINE('',#9223,#9224);
#9223 = CARTESIAN_POINT('',(160.,32.,10.9));
#9224 = VECTOR('',#9225,1.);
#9225 = DIRECTION('',(0.,1.,0.));
#9226 = PLANE('',#9227);
#9227 = AXIS2_PLACEMENT_3D('',#9228,#9229,#9230);
#9228 = CARTESIAN_POINT('',(160.,32.,2.9));
#9229 = DIRECTION('',(1.,0.,0.));
#9230 = DIRECTION('',(0.,0.,1.));
#9231 = ADVANCED_FACE('',(#9232),#9266,.T.);
#9232 = FACE_BOUND('',#9233,.T.);
#9233 = EDGE_LOOP('',(#9234,#9244,#9252,#9260));
#9234 = ORIENTED_EDGE('',*,*,#9235,.F.);
#9235 = EDGE_CURVE('',#9236,#9238,#9240,.T.);
#9236 = VERTEX_POINT('',#9237);
#9237 = CARTESIAN_POINT('',(180.,32.,2.9));
#9238 = VERTEX_POINT('',#9239);
#9239 = CARTESIAN_POINT('',(180.,32.,10.9));
#9240 = LINE('',#9241,#9242);
#9241 = CARTESIAN_POINT('',(180.,32.,2.9));
#9242 = VECTOR('',#9243,1.);
#9243 = DIRECTION('',(0.,0.,1.));
#9244 = ORIENTED_EDGE('',*,*,#9245,.T.);
#9245 = EDGE_CURVE('',#9236,#9246,#9248,.T.);
#9246 = VERTEX_POINT('',#9247);
#9247 = CARTESIAN_POINT('',(180.,46.,2.9));
#9248 = LINE('',#9249,#9250);
#9249 = CARTESIAN_POINT('',(180.,32.,2.9));
#9250 = VECTOR('',#9251,1.);
#9251 = DIRECTION('',(0.,1.,0.));
#9252 = ORIENTED_EDGE('',*,*,#9253,.T.);
#9253 = EDGE_CURVE('',#9246,#9254,#9256,.T.);
#9254 = VERTEX_POINT('',#9255);
#9255 = CARTESIAN_POINT('',(180.,46.,10.9));
#9256 = LINE('',#9257,#9258);
#9257 = CARTESIAN_POINT('',(180.,46.,2.9));
#9258 = VECTOR('',#9259,1.);
#9259 = DIRECTION('',(0.,0.,1.));
#9260 = ORIENTED_EDGE('',*,*,#9261,.F.);
#9261 = EDGE_CURVE('',#9238,#9254,#9262,.T.);
#9262 = LINE('',#9263,#9264);
#9263 = CARTESIAN_POINT('',(180.,32.,10.9));
#9264 = VECTOR('',#9265,1.);
#9265 = DIRECTION('',(0.,1.,0.));
#9266 = PLANE('',#9267);
#9267 = AXIS2_PLACEMENT_3D('',#9268,#9269,#9270);
#9268 = CARTESIAN_POINT('',(180.,32.,2.9));
#9269 = DIRECTION('',(1.,0.,0.));
#9270 = DIRECTION('',(0.,0.,1.));
#9271 = ADVANCED_FACE('',(#9272),#9288,.F.);
#9272 = FACE_BOUND('',#9273,.F.);
#9273 = EDGE_LOOP('',(#9274,#9280,#9281,#9287));
#9274 = ORIENTED_EDGE('',*,*,#9275,.F.);
#9275 = EDGE_CURVE('',#9196,#9236,#9276,.T.);
#9276 = LINE('',#9277,#9278);
#9277 = CARTESIAN_POINT('',(160.,32.,2.9));
#9278 = VECTOR('',#9279,1.);
#9279 = DIRECTION('',(1.,0.,0.));
#9280 = ORIENTED_EDGE('',*,*,#9195,.T.);
#9281 = ORIENTED_EDGE('',*,*,#9282,.T.);
#9282 = EDGE_CURVE('',#9198,#9238,#9283,.T.);
#9283 = LINE('',#9284,#9285);
#9284 = CARTESIAN_POINT('',(160.,32.,10.9));
#9285 = VECTOR('',#9286,1.);
#9286 = DIRECTION('',(1.,0.,0.));
#9287 = ORIENTED_EDGE('',*,*,#9235,.F.);
#9288 = PLANE('',#9289);
#9289 = AXIS2_PLACEMENT_3D('',#9290,#9291,#9292);
#9290 = CARTESIAN_POINT('',(160.,32.,2.9));
#9291 = DIRECTION('',(0.,1.,0.));
#9292 = DIRECTION('',(0.,0.,1.));
#9293 = ADVANCED_FACE('',(#9294),#9310,.T.);
#9294 = FACE_BOUND('',#9295,.T.);
#9295 = EDGE_LOOP('',(#9296,#9302,#9303,#9309));
#9296 = ORIENTED_EDGE('',*,*,#9297,.F.);
#9297 = EDGE_CURVE('',#9206,#9246,#9298,.T.);
#9298 = LINE('',#9299,#9300);
#9299 = CARTESIAN_POINT('',(160.,46.,2.9));
#9300 = VECTOR('',#9301,1.);
#9301 = DIRECTION('',(1.,0.,0.));
#9302 = ORIENTED_EDGE('',*,*,#9213,.T.);
#9303 = ORIENTED_EDGE('',*,*,#9304,.T.);
#9304 = EDGE_CURVE('',#9214,#9254,#9305,.T.);
#9305 = LINE('',#9306,#9307);
#9306 = CARTESIAN_POINT('',(160.,46.,10.9));
#9307 = VECTOR('',#9308,1.);
#9308 = DIRECTION('',(1.,0.,0.));
#9309 = ORIENTED_EDGE('',*,*,#9253,.F.);
#9310 = PLANE('',#9311);
#9311 = AXIS2_PLACEMENT_3D('',#9312,#9313,#9314);
#9312 = CARTESIAN_POINT('',(160.,46.,2.9));
#9313 = DIRECTION('',(0.,1.,0.));
#9314 = DIRECTION('',(0.,0.,1.));
#9315 = ADVANCED_FACE('',(#9316),#9322,.F.);
#9316 = FACE_BOUND('',#9317,.F.);
#9317 = EDGE_LOOP('',(#9318,#9319,#9320,#9321));
#9318 = ORIENTED_EDGE('',*,*,#9205,.F.);
#9319 = ORIENTED_EDGE('',*,*,#9275,.T.);
#9320 = ORIENTED_EDGE('',*,*,#9245,.T.);
#9321 = ORIENTED_EDGE('',*,*,#9297,.F.);
#9322 = PLANE('',#9323);
#9323 = AXIS2_PLACEMENT_3D('',#9324,#9325,#9326);
#9324 = CARTESIAN_POINT('',(160.,32.,2.9));
#9325 = DIRECTION('',(0.,0.,1.));
#9326 = DIRECTION('',(1.,0.,0.));
#9327 = ADVANCED_FACE('',(#9328),#9334,.T.);
#9328 = FACE_BOUND('',#9329,.T.);
#9329 = EDGE_LOOP('',(#9330,#9331,#9332,#9333));
#9330 = ORIENTED_EDGE('',*,*,#9221,.F.);
#9331 = ORIENTED_EDGE('',*,*,#9282,.T.);
#9332 = ORIENTED_EDGE('',*,*,#9261,.T.);
#9333 = ORIENTED_EDGE('',*,*,#9304,.F.);
#9334 = PLANE('',#9335);
#9335 = AXIS2_PLACEMENT_3D('',#9336,#9337,#9338);
#9336 = CARTESIAN_POINT('',(160.,32.,10.9));
#9337 = DIRECTION('',(0.,0.,1.));
#9338 = DIRECTION('',(1.,0.,0.));
#9339 = ( GEOMETRIC_REPRESENTATION_CONTEXT(3) 
GLOBAL_UNCERTAINTY_ASSIGNED_CONTEXT((#9343)) 
GLOBAL_UNIT_ASSIGNED_CONTEXT((#9340,#9341,#9342)) REPRESENTATION_CONTEXT
('Context #1','3D Context with UNIT and UNCERTAINTY') );
#9340 = ( LENGTH_UNIT() NAMED_UNIT(*) SI_UNIT(.MILLI.,.METRE.) );
#9341 = ( NAMED_UNIT(*) PLANE_ANGLE_UNIT() SI_UNIT($,.RADIAN.) );
#9342 = ( NAMED_UNIT(*) SI_UNIT($,.STERADIAN.) SOLID_ANGLE_UNIT() );
#9343 = UNCERTAINTY_MEASURE_WITH_UNIT(LENGTH_MEASURE(1.E-07),#9340,
  'distance_accuracy_value','confusion accuracy');
#9344 = PRODUCT_RELATED_PRODUCT_CATEGORY('part',$,(#7));
ENDSEC;
END-ISO-10303-21;
