solid 
 facet normal -9.999083e-01 -1.354093e-02  0.000000e+00
   outer loop
     vertex  4.400565e-04  1.167505e+00  1.800000e+00
     vertex  0.000000e+00  1.200000e+00  1.800000e+00
     vertex  0.000000e+00  1.200000e+00  0.000000e+00
   endloop
 endfacet
 facet normal -9.999083e-01 -1.354093e-02 -0.000000e+00
   outer loop
     vertex  4.400565e-04  1.167505e+00  1.800000e+00
     vertex  0.000000e+00  1.200000e+00  0.000000e+00
     vertex  4.400565e-04  1.167505e+00  0.000000e+00
   endloop
 endfacet
 facet normal -9.991750e-01 -4.061287e-02  0.000000e+00
   outer loop
     vertex  1.759903e-03  1.135033e+00  1.800000e+00
     vertex  4.400565e-04  1.167505e+00  1.800000e+00
     vertex  4.400565e-04  1.167505e+00  0.000000e+00
   endloop
 endfacet
 facet normal -9.991750e-01 -4.061287e-02 -0.000000e+00
   outer loop
     vertex  1.759903e-03  1.135033e+00  1.800000e+00
     vertex  4.400565e-04  1.167505e+00  0.000000e+00
     vertex  1.759903e-03  1.135033e+00  0.000000e+00
   endloop
 endfacet
 facet normal -9.977088e-01 -6.765502e-02  0.000000e+00
   outer loop
     vertex  3.958573e-03  1.102610e+00  1.800000e+00
     vertex  1.759903e-03  1.135033e+00  1.800000e+00
     vertex  1.759903e-03  1.135033e+00  0.000000e+00
   endloop
 endfacet
 facet normal -9.977088e-01 -6.765502e-02 -0.000000e+00
   outer loop
     vertex  3.958573e-03  1.102610e+00  1.800000e+00
     vertex  1.759903e-03  1.135033e+00  0.000000e+00
     vertex  3.958573e-03  1.102610e+00  0.000000e+00
   endloop
 endfacet
 facet normal -9.955108e-01 -9.464755e-02  0.000000e+00
   outer loop
     vertex  7.034451e-03  1.070257e+00  1.800000e+00
     vertex  3.958573e-03  1.102610e+00  1.800000e+00
     vertex  3.958573e-03  1.102610e+00  0.000000e+00
   endloop
 endfacet
 facet normal -9.955108e-01 -9.464755e-02 -0.000000e+00
   outer loop
     vertex  7.034451e-03  1.070257e+00  1.800000e+00
     vertex  3.958573e-03  1.102610e+00  0.000000e+00
     vertex  7.034451e-03  1.070257e+00  0.000000e+00
   endloop
 endfacet
 facet normal -9.925828e-01 -1.215707e-01  0.000000e+00
   outer loop
     vertex  1.098528e-02  1.038000e+00  1.800000e+00
     vertex  7.034451e-03  1.070257e+00  1.800000e+00
     vertex  7.034451e-03  1.070257e+00  0.000000e+00
   endloop
 endfacet
 facet normal -9.925828e-01 -1.215707e-01 -0.000000e+00
   outer loop
     vertex  1.098528e-02  1.038000e+00  1.800000e+00
     vertex  7.034451e-03  1.070257e+00  0.000000e+00
     vertex  1.098528e-02  1.038000e+00  0.000000e+00
   endloop
 endfacet
 facet normal -9.889267e-01 -1.484046e-01 -0.000000e+00
   outer loop
     vertex  1.098528e-02  1.038000e+00  1.800000e+00
     vertex  1.098528e-02  1.038000e+00  0.000000e+00
     vertex  1.580817e-02  1.005862e+00  0.000000e+00
   endloop
 endfacet
 facet normal -9.889267e-01 -1.484046e-01 -0.000000e+00
   outer loop
     vertex  1.580817e-02  1.005862e+00  1.800000e+00
     vertex  1.098528e-02  1.038000e+00  1.800000e+00
     vertex  1.580817e-02  1.005862e+00  0.000000e+00
   endloop
 endfacet
 facet normal -9.845454e-01 -1.751297e-01  0.000000e+00
   outer loop
     vertex  2.149958e-02  9.738656e-01  1.800000e+00
     vertex  1.580817e-02  1.005862e+00  1.800000e+00
     vertex  1.580817e-02  1.005862e+00  0.000000e+00
   endloop
 endfacet
 facet normal -9.845454e-01 -1.751297e-01 -0.000000e+00
   outer loop
     vertex  2.149958e-02  9.738656e-01  1.800000e+00
     vertex  1.580817e-02  1.005862e+00  0.000000e+00
     vertex  2.149958e-02  9.738656e-01  0.000000e+00
   endloop
 endfacet
 facet normal -9.794419e-01 -2.017264e-01  0.000000e+00
   outer loop
     vertex  2.805533e-02  9.420355e-01  1.800000e+00
     vertex  2.149958e-02  9.738656e-01  1.800000e+00
     vertex  2.149958e-02  9.738656e-01  0.000000e+00
   endloop
 endfacet
 facet normal -9.794419e-01 -2.017264e-01 -0.000000e+00
   outer loop
     vertex  2.805533e-02  9.420355e-01  1.800000e+00
     vertex  2.149958e-02  9.738656e-01  0.000000e+00
     vertex  2.805533e-02  9.420355e-01  0.000000e+00
   endloop
 endfacet
 facet normal -9.736201e-01 -2.281751e-01  0.000000e+00
   outer loop
     vertex  3.547062e-02  9.103945e-01  1.800000e+00
     vertex  2.805533e-02  9.420355e-01  1.800000e+00
     vertex  2.805533e-02  9.420355e-01  0.000000e+00
   endloop
 endfacet
 facet normal -9.736201e-01 -2.281751e-01 -0.000000e+00
   outer loop
     vertex  3.547062e-02  9.103945e-01  1.800000e+00
     vertex  2.805533e-02  9.420355e-01  0.000000e+00
     vertex  3.547062e-02  9.103945e-01  0.000000e+00
   endloop
 endfacet
 facet normal -9.670842e-01 -2.544564e-01  0.000000e+00
   outer loop
     vertex  4.374001e-02  8.789660e-01  1.800000e+00
     vertex  3.547062e-02  9.103945e-01  1.800000e+00
     vertex  3.547062e-02  9.103945e-01  0.000000e+00
   endloop
 endfacet
 facet normal -9.670842e-01 -2.544564e-01 -0.000000e+00
   outer loop
     vertex  4.374001e-02  8.789660e-01  1.800000e+00
     vertex  3.547062e-02  9.103945e-01  0.000000e+00
     vertex  4.374001e-02  8.789660e-01  0.000000e+00
   endloop
 endfacet
 facet normal -9.598391e-01 -2.805512e-01 -0.000000e+00
   outer loop
     vertex  4.374001e-02  8.789660e-01  1.800000e+00
     vertex  4.374001e-02  8.789660e-01  0.000000e+00
     vertex  5.285743e-02  8.477729e-01  0.000000e+00
   endloop
 endfacet
 facet normal -9.598391e-01 -2.805512e-01 -0.000000e+00
   outer loop
     vertex  5.285743e-02  8.477729e-01  1.800000e+00
     vertex  4.374001e-02  8.789660e-01  1.800000e+00
     vertex  5.285743e-02  8.477729e-01  0.000000e+00
   endloop
 endfacet
 facet normal -9.518899e-01 -3.064401e-01  0.000000e+00
   outer loop
     vertex  6.281619e-02  8.168382e-01  1.800000e+00
     vertex  5.285743e-02  8.477729e-01  1.800000e+00
     vertex  5.285743e-02  8.477729e-01  0.000000e+00
   endloop
 endfacet
 facet normal -9.518899e-01 -3.064401e-01 -0.000000e+00
   outer loop
     vertex  6.281619e-02  8.168382e-01  1.800000e+00
     vertex  5.285743e-02  8.477729e-01  0.000000e+00
     vertex  6.281619e-02  8.168382e-01  0.000000e+00
   endloop
 endfacet
 facet normal -9.432426e-01 -3.321044e-01 -0.000000e+00
   outer loop
     vertex  6.281619e-02  8.168382e-01  1.800000e+00
     vertex  6.281619e-02  8.168382e-01  0.000000e+00
     vertex  7.360900e-02  7.861844e-01  0.000000e+00
   endloop
 endfacet
 facet normal -9.432426e-01 -3.321044e-01 -0.000000e+00
   outer loop
     vertex  7.360900e-02  7.861844e-01  1.800000e+00
     vertex  6.281619e-02  8.168382e-01  1.800000e+00
     vertex  7.360900e-02  7.861844e-01  0.000000e+00
   endloop
 endfacet
 facet normal -9.339036e-01 -3.575250e-01 -0.000000e+00
   outer loop
     vertex  8.522794e-02  7.558342e-01  1.800000e+00
     vertex  7.360900e-02  7.861844e-01  0.000000e+00
     vertex  8.522794e-02  7.558342e-01  0.000000e+00
   endloop
 endfacet
 facet normal -9.339036e-01 -3.575250e-01  0.000000e+00
   outer loop
     vertex  8.522794e-02  7.558342e-01  1.800000e+00
     vertex  7.360900e-02  7.861844e-01  1.800000e+00
     vertex  7.360900e-02  7.861844e-01  0.000000e+00
   endloop
 endfacet
 facet normal -9.238795e-01 -3.826834e-01 -0.000000e+00
   outer loop
     vertex  9.766447e-02  7.258098e-01  1.800000e+00
     vertex  8.522794e-02  7.558342e-01  0.000000e+00
     vertex  9.766447e-02  7.258098e-01  0.000000e+00
   endloop
 endfacet
 facet normal -9.238795e-01 -3.826834e-01  0.000000e+00
   outer loop
     vertex  9.766447e-02  7.258098e-01  1.800000e+00
     vertex  8.522794e-02  7.558342e-01  1.800000e+00
     vertex  8.522794e-02  7.558342e-01  0.000000e+00
   endloop
 endfacet
 facet normal -9.131779e-01 -4.075612e-01 -0.000000e+00
   outer loop
     vertex  1.109095e-01  6.961331e-01  1.800000e+00
     vertex  9.766447e-02  7.258098e-01  0.000000e+00
     vertex  1.109095e-01  6.961331e-01  0.000000e+00
   endloop
 endfacet
 facet normal -9.131779e-01 -4.075612e-01  0.000000e+00
   outer loop
     vertex  1.109095e-01  6.961331e-01  1.800000e+00
     vertex  9.766447e-02  7.258098e-01  1.800000e+00
     vertex  9.766447e-02  7.258098e-01  0.000000e+00
   endloop
 endfacet
 facet normal -9.018065e-01 -4.321400e-01 -0.000000e+00
   outer loop
     vertex  1.249533e-01  6.668260e-01  1.800000e+00
     vertex  1.109095e-01  6.961331e-01  0.000000e+00
     vertex  1.249533e-01  6.668260e-01  0.000000e+00
   endloop
 endfacet
 facet normal -9.018065e-01 -4.321400e-01  0.000000e+00
   outer loop
     vertex  1.249533e-01  6.668260e-01  1.800000e+00
     vertex  1.109095e-01  6.961331e-01  1.800000e+00
     vertex  1.109095e-01  6.961331e-01  0.000000e+00
   endloop
 endfacet
 facet normal -8.897737e-01 -4.564019e-01 -0.000000e+00
   outer loop
     vertex  1.397855e-01  6.379099e-01  1.800000e+00
     vertex  1.249533e-01  6.668260e-01  0.000000e+00
     vertex  1.397855e-01  6.379099e-01  0.000000e+00
   endloop
 endfacet
 facet normal -8.770884e-01 -4.803291e-01 -0.000000e+00
   outer loop
     vertex  1.397855e-01  6.379099e-01  1.800000e+00
     vertex  1.397855e-01  6.379099e-01  0.000000e+00
     vertex  1.553954e-01  6.094060e-01  0.000000e+00
   endloop
 endfacet
 facet normal -8.897737e-01 -4.564019e-01  0.000000e+00
   outer loop
     vertex  1.397855e-01  6.379099e-01  1.800000e+00
     vertex  1.249533e-01  6.668260e-01  1.800000e+00
     vertex  1.249533e-01  6.668260e-01  0.000000e+00
   endloop
 endfacet
 facet normal -8.770884e-01 -4.803291e-01 -0.000000e+00
   outer loop
     vertex  1.553954e-01  6.094060e-01  1.800000e+00
     vertex  1.397855e-01  6.379099e-01  1.800000e+00
     vertex  1.553954e-01  6.094060e-01  0.000000e+00
   endloop
 endfacet
 facet normal -8.637597e-01 -5.039039e-01 -0.000000e+00
   outer loop
     vertex  1.717714e-01  5.813354e-01  1.800000e+00
     vertex  1.553954e-01  6.094060e-01  0.000000e+00
     vertex  1.717714e-01  5.813354e-01  0.000000e+00
   endloop
 endfacet
 facet normal -8.637597e-01 -5.039039e-01  0.000000e+00
   outer loop
     vertex  1.717714e-01  5.813354e-01  1.800000e+00
     vertex  1.553954e-01  6.094060e-01  1.800000e+00
     vertex  1.553954e-01  6.094060e-01  0.000000e+00
   endloop
 endfacet
 facet normal -8.497975e-01 -5.271092e-01  0.000000e+00
   outer loop
     vertex  1.889015e-01  5.537184e-01  1.800000e+00
     vertex  1.717714e-01  5.813354e-01  1.800000e+00
     vertex  1.717714e-01  5.813354e-01  0.000000e+00
   endloop
 endfacet
 facet normal -8.497975e-01 -5.271092e-01 -0.000000e+00
   outer loop
     vertex  1.889015e-01  5.537184e-01  1.800000e+00
     vertex  1.717714e-01  5.813354e-01  0.000000e+00
     vertex  1.889015e-01  5.537184e-01  0.000000e+00
   endloop
 endfacet
 facet normal -8.352121e-01 -5.499279e-01  0.000000e+00
   outer loop
     vertex  2.067732e-01  5.265755e-01  1.800000e+00
     vertex  1.889015e-01  5.537184e-01  1.800000e+00
     vertex  1.889015e-01  5.537184e-01  0.000000e+00
   endloop
 endfacet
 facet normal -8.352121e-01 -5.499279e-01 -0.000000e+00
   outer loop
     vertex  2.067732e-01  5.265755e-01  1.800000e+00
     vertex  1.889015e-01  5.537184e-01  0.000000e+00
     vertex  2.067732e-01  5.265755e-01  0.000000e+00
   endloop
 endfacet
 facet normal -8.200141e-01 -5.723433e-01  0.000000e+00
   outer loop
     vertex  2.253734e-01  4.999265e-01  1.800000e+00
     vertex  2.067732e-01  5.265755e-01  1.800000e+00
     vertex  2.067732e-01  5.265755e-01  0.000000e+00
   endloop
 endfacet
 facet normal -8.200141e-01 -5.723433e-01 -0.000000e+00
   outer loop
     vertex  2.253734e-01  4.999265e-01  1.800000e+00
     vertex  2.067732e-01  5.265755e-01  0.000000e+00
     vertex  2.253734e-01  4.999265e-01  0.000000e+00
   endloop
 endfacet
 facet normal -8.042147e-01 -5.943389e-01  0.000000e+00
   outer loop
     vertex  2.446883e-01  4.737909e-01  1.800000e+00
     vertex  2.253734e-01  4.999265e-01  1.800000e+00
     vertex  2.253734e-01  4.999265e-01  0.000000e+00
   endloop
 endfacet
 facet normal -8.042147e-01 -5.943389e-01 -0.000000e+00
   outer loop
     vertex  2.446883e-01  4.737909e-01  1.800000e+00
     vertex  2.253734e-01  4.999265e-01  0.000000e+00
     vertex  2.446883e-01  4.737909e-01  0.000000e+00
   endloop
 endfacet
 facet normal -7.878255e-01 -6.158986e-01  0.000000e+00
   outer loop
     vertex  2.647039e-01  4.481880e-01  1.800000e+00
     vertex  2.446883e-01  4.737909e-01  1.800000e+00
     vertex  2.446883e-01  4.737909e-01  0.000000e+00
   endloop
 endfacet
 facet normal -7.878255e-01 -6.158986e-01 -0.000000e+00
   outer loop
     vertex  2.647039e-01  4.481880e-01  1.800000e+00
     vertex  2.446883e-01  4.737909e-01  0.000000e+00
     vertex  2.647039e-01  4.481880e-01  0.000000e+00
   endloop
 endfacet
 facet normal -7.708584e-01 -6.370065e-01  0.000000e+00
   outer loop
     vertex  2.854055e-01  4.231365e-01  1.800000e+00
     vertex  2.647039e-01  4.481880e-01  1.800000e+00
     vertex  2.647039e-01  4.481880e-01  0.000000e+00
   endloop
 endfacet
 facet normal -7.708584e-01 -6.370065e-01 -0.000000e+00
   outer loop
     vertex  2.854055e-01  4.231365e-01  1.800000e+00
     vertex  2.647039e-01  4.481880e-01  0.000000e+00
     vertex  2.854055e-01  4.231365e-01  0.000000e+00
   endloop
 endfacet
 facet normal -7.533260e-01 -6.576473e-01  0.000000e+00
   outer loop
     vertex  3.067779e-01  3.986547e-01  1.800000e+00
     vertex  2.854055e-01  4.231365e-01  1.800000e+00
     vertex  2.854055e-01  4.231365e-01  0.000000e+00
   endloop
 endfacet
 facet normal -7.533260e-01 -6.576473e-01 -0.000000e+00
   outer loop
     vertex  3.067779e-01  3.986547e-01  1.800000e+00
     vertex  2.854055e-01  4.231365e-01  0.000000e+00
     vertex  3.067779e-01  3.986547e-01  0.000000e+00
   endloop
 endfacet
 facet normal -7.352410e-01 -6.778058e-01  0.000000e+00
   outer loop
     vertex  3.288054e-01  3.747606e-01  1.800000e+00
     vertex  3.067779e-01  3.986547e-01  1.800000e+00
     vertex  3.067779e-01  3.986547e-01  0.000000e+00
   endloop
 endfacet
 facet normal -7.352410e-01 -6.778058e-01 -0.000000e+00
   outer loop
     vertex  3.288054e-01  3.747606e-01  1.800000e+00
     vertex  3.067779e-01  3.986547e-01  0.000000e+00
     vertex  3.288054e-01  3.747606e-01  0.000000e+00
   endloop
 endfacet
 facet normal -7.166168e-01 -6.974671e-01  0.000000e+00
   outer loop
     vertex  3.514719e-01  3.514719e-01  1.800000e+00
     vertex  3.288054e-01  3.747606e-01  1.800000e+00
     vertex  3.288054e-01  3.747606e-01  0.000000e+00
   endloop
 endfacet
 facet normal -7.166168e-01 -6.974671e-01 -0.000000e+00
   outer loop
     vertex  3.514719e-01  3.514719e-01  1.800000e+00
     vertex  3.288054e-01  3.747606e-01  0.000000e+00
     vertex  3.514719e-01  3.514719e-01  0.000000e+00
   endloop
 endfacet
 facet normal -6.974671e-01 -7.166168e-01  0.000000e+00
   outer loop
     vertex  3.747606e-01  3.288054e-01  1.800000e+00
     vertex  3.514719e-01  3.514719e-01  1.800000e+00
     vertex  3.514719e-01  3.514719e-01  0.000000e+00
   endloop
 endfacet
 facet normal -6.974671e-01 -7.166168e-01 -0.000000e+00
   outer loop
     vertex  3.747606e-01  3.288054e-01  1.800000e+00
     vertex  3.514719e-01  3.514719e-01  0.000000e+00
     vertex  3.747606e-01  3.288054e-01  0.000000e+00
   endloop
 endfacet
 facet normal -6.778058e-01 -7.352410e-01  0.000000e+00
   outer loop
     vertex  3.986547e-01  3.067779e-01  1.800000e+00
     vertex  3.747606e-01  3.288054e-01  1.800000e+00
     vertex  3.747606e-01  3.288054e-01  0.000000e+00
   endloop
 endfacet
 facet normal -6.778058e-01 -7.352410e-01 -0.000000e+00
   outer loop
     vertex  3.986547e-01  3.067779e-01  1.800000e+00
     vertex  3.747606e-01  3.288054e-01  0.000000e+00
     vertex  3.986547e-01  3.067779e-01  0.000000e+00
   endloop
 endfacet
 facet normal -6.576473e-01 -7.533260e-01  0.000000e+00
   outer loop
     vertex  4.231365e-01  2.854055e-01  1.800000e+00
     vertex  3.986547e-01  3.067779e-01  1.800000e+00
     vertex  3.986547e-01  3.067779e-01  0.000000e+00
   endloop
 endfacet
 facet normal -6.576473e-01 -7.533260e-01 -0.000000e+00
   outer loop
     vertex  4.231365e-01  2.854055e-01  1.800000e+00
     vertex  3.986547e-01  3.067779e-01  0.000000e+00
     vertex  4.231365e-01  2.854055e-01  0.000000e+00
   endloop
 endfacet
 facet normal -6.370065e-01 -7.708584e-01  0.000000e+00
   outer loop
     vertex  4.481880e-01  2.647039e-01  1.800000e+00
     vertex  4.231365e-01  2.854055e-01  1.800000e+00
     vertex  4.231365e-01  2.854055e-01  0.000000e+00
   endloop
 endfacet
 facet normal -6.370065e-01 -7.708584e-01 -0.000000e+00
   outer loop
     vertex  4.481880e-01  2.647039e-01  1.800000e+00
     vertex  4.231365e-01  2.854055e-01  0.000000e+00
     vertex  4.481880e-01  2.647039e-01  0.000000e+00
   endloop
 endfacet
 facet normal -6.158986e-01 -7.878255e-01  0.000000e+00
   outer loop
     vertex  4.737909e-01  2.446883e-01  1.800000e+00
     vertex  4.481880e-01  2.647039e-01  1.800000e+00
     vertex  4.481880e-01  2.647039e-01  0.000000e+00
   endloop
 endfacet
 facet normal -6.158986e-01 -7.878255e-01 -0.000000e+00
   outer loop
     vertex  4.737909e-01  2.446883e-01  1.800000e+00
     vertex  4.481880e-01  2.647039e-01  0.000000e+00
     vertex  4.737909e-01  2.446883e-01  0.000000e+00
   endloop
 endfacet
 facet normal -5.943389e-01 -8.042147e-01  0.000000e+00
   outer loop
     vertex  4.999265e-01  2.253734e-01  1.800000e+00
     vertex  4.737909e-01  2.446883e-01  1.800000e+00
     vertex  4.737909e-01  2.446883e-01  0.000000e+00
   endloop
 endfacet
 facet normal -5.943389e-01 -8.042147e-01 -0.000000e+00
   outer loop
     vertex  4.999265e-01  2.253734e-01  1.800000e+00
     vertex  4.737909e-01  2.446883e-01  0.000000e+00
     vertex  4.999265e-01  2.253734e-01  0.000000e+00
   endloop
 endfacet
 facet normal -5.723433e-01 -8.200141e-01  0.000000e+00
   outer loop
     vertex  5.265755e-01  2.067732e-01  1.800000e+00
     vertex  4.999265e-01  2.253734e-01  1.800000e+00
     vertex  4.999265e-01  2.253734e-01  0.000000e+00
   endloop
 endfacet
 facet normal -5.723433e-01 -8.200141e-01 -0.000000e+00
   outer loop
     vertex  5.265755e-01  2.067732e-01  1.800000e+00
     vertex  4.999265e-01  2.253734e-01  0.000000e+00
     vertex  5.265755e-01  2.067732e-01  0.000000e+00
   endloop
 endfacet
 facet normal -5.499279e-01 -8.352121e-01  0.000000e+00
   outer loop
     vertex  5.537184e-01  1.889015e-01  1.800000e+00
     vertex  5.265755e-01  2.067732e-01  1.800000e+00
     vertex  5.265755e-01  2.067732e-01  0.000000e+00
   endloop
 endfacet
 facet normal -5.499279e-01 -8.352121e-01 -0.000000e+00
   outer loop
     vertex  5.537184e-01  1.889015e-01  1.800000e+00
     vertex  5.265755e-01  2.067732e-01  0.000000e+00
     vertex  5.537184e-01  1.889015e-01  0.000000e+00
   endloop
 endfacet
 facet normal -5.271092e-01 -8.497975e-01  0.000000e+00
   outer loop
     vertex  5.813354e-01  1.717714e-01  1.800000e+00
     vertex  5.537184e-01  1.889015e-01  1.800000e+00
     vertex  5.537184e-01  1.889015e-01  0.000000e+00
   endloop
 endfacet
 facet normal -5.271092e-01 -8.497975e-01 -0.000000e+00
   outer loop
     vertex  5.813354e-01  1.717714e-01  1.800000e+00
     vertex  5.537184e-01  1.889015e-01  0.000000e+00
     vertex  5.813354e-01  1.717714e-01  0.000000e+00
   endloop
 endfacet
 facet normal -5.039039e-01 -8.637597e-01  0.000000e+00
   outer loop
     vertex  6.094060e-01  1.553954e-01  1.800000e+00
     vertex  5.813354e-01  1.717714e-01  1.800000e+00
     vertex  5.813354e-01  1.717714e-01  0.000000e+00
   endloop
 endfacet
 facet normal -5.039039e-01 -8.637597e-01 -0.000000e+00
   outer loop
     vertex  6.094060e-01  1.553954e-01  1.800000e+00
     vertex  5.813354e-01  1.717714e-01  0.000000e+00
     vertex  6.094060e-01  1.553954e-01  0.000000e+00
   endloop
 endfacet
 facet normal -4.803291e-01 -8.770884e-01  0.000000e+00
   outer loop
     vertex  6.379099e-01  1.397855e-01  1.800000e+00
     vertex  6.094060e-01  1.553954e-01  1.800000e+00
     vertex  6.094060e-01  1.553954e-01  0.000000e+00
   endloop
 endfacet
 facet normal -4.803291e-01 -8.770884e-01 -0.000000e+00
   outer loop
     vertex  6.379099e-01  1.397855e-01  1.800000e+00
     vertex  6.094060e-01  1.553954e-01  0.000000e+00
     vertex  6.379099e-01  1.397855e-01  0.000000e+00
   endloop
 endfacet
 facet normal -4.564019e-01 -8.897737e-01  0.000000e+00
   outer loop
     vertex  6.668260e-01  1.249533e-01  1.800000e+00
     vertex  6.379099e-01  1.397855e-01  1.800000e+00
     vertex  6.379099e-01  1.397855e-01  0.000000e+00
   endloop
 endfacet
 facet normal -4.564019e-01 -8.897737e-01 -0.000000e+00
   outer loop
     vertex  6.668260e-01  1.249533e-01  1.800000e+00
     vertex  6.379099e-01  1.397855e-01  0.000000e+00
     vertex  6.668260e-01  1.249533e-01  0.000000e+00
   endloop
 endfacet
 facet normal -4.321400e-01 -9.018065e-01 -0.000000e+00
   outer loop
     vertex  6.961331e-01  1.109095e-01  1.800000e+00
     vertex  6.668260e-01  1.249533e-01  0.000000e+00
     vertex  6.961331e-01  1.109095e-01  0.000000e+00
   endloop
 endfacet
 facet normal -4.075612e-01 -9.131779e-01 -0.000000e+00
   outer loop
     vertex  6.961331e-01  1.109095e-01  1.800000e+00
     vertex  6.961331e-01  1.109095e-01  0.000000e+00
     vertex  7.258098e-01  9.766447e-02  0.000000e+00
   endloop
 endfacet
 facet normal -4.321400e-01 -9.018065e-01  0.000000e+00
   outer loop
     vertex  6.961331e-01  1.109095e-01  1.800000e+00
     vertex  6.668260e-01  1.249533e-01  1.800000e+00
     vertex  6.668260e-01  1.249533e-01  0.000000e+00
   endloop
 endfacet
 facet normal -4.075612e-01 -9.131779e-01 -0.000000e+00
   outer loop
     vertex  7.258098e-01  9.766447e-02  1.800000e+00
     vertex  6.961331e-01  1.109095e-01  1.800000e+00
     vertex  7.258098e-01  9.766447e-02  0.000000e+00
   endloop
 endfacet
 facet normal -3.826834e-01 -9.238795e-01 -0.000000e+00
   outer loop
     vertex  7.558342e-01  8.522794e-02  1.800000e+00
     vertex  7.258098e-01  9.766447e-02  0.000000e+00
     vertex  7.558342e-01  8.522794e-02  0.000000e+00
   endloop
 endfacet
 facet normal -3.826834e-01 -9.238795e-01  0.000000e+00
   outer loop
     vertex  7.558342e-01  8.522794e-02  1.800000e+00
     vertex  7.258098e-01  9.766447e-02  1.800000e+00
     vertex  7.258098e-01  9.766447e-02  0.000000e+00
   endloop
 endfacet
 facet normal -3.575250e-01 -9.339036e-01  0.000000e+00
   outer loop
     vertex  7.861844e-01  7.360900e-02  1.800000e+00
     vertex  7.558342e-01  8.522794e-02  1.800000e+00
     vertex  7.558342e-01  8.522794e-02  0.000000e+00
   endloop
 endfacet
 facet normal -3.575250e-01 -9.339036e-01 -0.000000e+00
   outer loop
     vertex  7.861844e-01  7.360900e-02  1.800000e+00
     vertex  7.558342e-01  8.522794e-02  0.000000e+00
     vertex  7.861844e-01  7.360900e-02  0.000000e+00
   endloop
 endfacet
 facet normal -3.321044e-01 -9.432426e-01  0.000000e+00
   outer loop
     vertex  8.168382e-01  6.281619e-02  1.800000e+00
     vertex  7.861844e-01  7.360900e-02  1.800000e+00
     vertex  7.861844e-01  7.360900e-02  0.000000e+00
   endloop
 endfacet
 facet normal -3.321044e-01 -9.432426e-01 -0.000000e+00
   outer loop
     vertex  8.168382e-01  6.281619e-02  1.800000e+00
     vertex  7.861844e-01  7.360900e-02  0.000000e+00
     vertex  8.168382e-01  6.281619e-02  0.000000e+00
   endloop
 endfacet
 facet normal -3.064401e-01 -9.518899e-01 -0.000000e+00
   outer loop
     vertex  8.477729e-01  5.285743e-02  1.800000e+00
     vertex  8.168382e-01  6.281619e-02  0.000000e+00
     vertex  8.477729e-01  5.285743e-02  0.000000e+00
   endloop
 endfacet
 facet normal -3.064401e-01 -9.518899e-01  0.000000e+00
   outer loop
     vertex  8.477729e-01  5.285743e-02  1.800000e+00
     vertex  8.168382e-01  6.281619e-02  1.800000e+00
     vertex  8.168382e-01  6.281619e-02  0.000000e+00
   endloop
 endfacet
 facet normal -2.805512e-01 -9.598391e-01 -0.000000e+00
   outer loop
     vertex  8.789660e-01  4.374001e-02  1.800000e+00
     vertex  8.477729e-01  5.285743e-02  0.000000e+00
     vertex  8.789660e-01  4.374001e-02  0.000000e+00
   endloop
 endfacet
 facet normal -2.544564e-01 -9.670842e-01 -0.000000e+00
   outer loop
     vertex  8.789660e-01  4.374001e-02  1.800000e+00
     vertex  8.789660e-01  4.374001e-02  0.000000e+00
     vertex  9.103945e-01  3.547062e-02  0.000000e+00
   endloop
 endfacet
 facet normal -2.805512e-01 -9.598391e-01  0.000000e+00
   outer loop
     vertex  8.789660e-01  4.374001e-02  1.800000e+00
     vertex  8.477729e-01  5.285743e-02  1.800000e+00
     vertex  8.477729e-01  5.285743e-02  0.000000e+00
   endloop
 endfacet
 facet normal -2.544564e-01 -9.670842e-01 -0.000000e+00
   outer loop
     vertex  9.103945e-01  3.547062e-02  1.800000e+00
     vertex  8.789660e-01  4.374001e-02  1.800000e+00
     vertex  9.103945e-01  3.547062e-02  0.000000e+00
   endloop
 endfacet
 facet normal -2.281751e-01 -9.736201e-01 -0.000000e+00
   outer loop
     vertex  9.420355e-01  2.805533e-02  1.800000e+00
     vertex  9.103945e-01  3.547062e-02  0.000000e+00
     vertex  9.420355e-01  2.805533e-02  0.000000e+00
   endloop
 endfacet
 facet normal -2.281751e-01 -9.736201e-01  0.000000e+00
   outer loop
     vertex  9.420355e-01  2.805533e-02  1.800000e+00
     vertex  9.103945e-01  3.547062e-02  1.800000e+00
     vertex  9.103945e-01  3.547062e-02  0.000000e+00
   endloop
 endfacet
 facet normal -2.017264e-01 -9.794419e-01 -0.000000e+00
   outer loop
     vertex  9.738656e-01  2.149958e-02  1.800000e+00
     vertex  9.420355e-01  2.805533e-02  0.000000e+00
     vertex  9.738656e-01  2.149958e-02  0.000000e+00
   endloop
 endfacet
 facet normal -1.751297e-01 -9.845454e-01 -0.000000e+00
   outer loop
     vertex  9.738656e-01  2.149958e-02  1.800000e+00
     vertex  9.738656e-01  2.149958e-02  0.000000e+00
     vertex  1.005862e+00  1.580817e-02  0.000000e+00
   endloop
 endfacet
 facet normal -2.017264e-01 -9.794419e-01  0.000000e+00
   outer loop
     vertex  9.738656e-01  2.149958e-02  1.800000e+00
     vertex  9.420355e-01  2.805533e-02  1.800000e+00
     vertex  9.420355e-01  2.805533e-02  0.000000e+00
   endloop
 endfacet
 facet normal -1.484046e-01 -9.889267e-01 -0.000000e+00
   outer loop
     vertex  1.005862e+00  1.580817e-02  1.800000e+00
     vertex  1.005862e+00  1.580817e-02  0.000000e+00
     vertex  1.038000e+00  1.098528e-02  0.000000e+00
   endloop
 endfacet
 facet normal -1.751297e-01 -9.845454e-01 -0.000000e+00
   outer loop
     vertex  1.005862e+00  1.580817e-02  1.800000e+00
     vertex  9.738656e-01  2.149958e-02  1.800000e+00
     vertex  1.005862e+00  1.580817e-02  0.000000e+00
   endloop
 endfacet
 facet normal -1.484046e-01 -9.889267e-01 -0.000000e+00
   outer loop
     vertex  1.038000e+00  1.098528e-02  1.800000e+00
     vertex  1.005862e+00  1.580817e-02  1.800000e+00
     vertex  1.038000e+00  1.098528e-02  0.000000e+00
   endloop
 endfacet
 facet normal -1.215707e-01 -9.925828e-01 -0.000000e+00
   outer loop
     vertex  1.070257e+00  7.034451e-03  1.800000e+00
     vertex  1.038000e+00  1.098528e-02  0.000000e+00
     vertex  1.070257e+00  7.034451e-03  0.000000e+00
   endloop
 endfacet
 facet normal -1.215707e-01 -9.925828e-01  0.000000e+00
   outer loop
     vertex  1.070257e+00  7.034451e-03  1.800000e+00
     vertex  1.038000e+00  1.098528e-02  1.800000e+00
     vertex  1.038000e+00  1.098528e-02  0.000000e+00
   endloop
 endfacet
 facet normal -9.464755e-02 -9.955108e-01 -0.000000e+00
   outer loop
     vertex  1.102610e+00  3.958573e-03  1.800000e+00
     vertex  1.070257e+00  7.034451e-03  0.000000e+00
     vertex  1.102610e+00  3.958573e-03  0.000000e+00
   endloop
 endfacet
 facet normal -9.464755e-02 -9.955108e-01  0.000000e+00
   outer loop
     vertex  1.102610e+00  3.958573e-03  1.800000e+00
     vertex  1.070257e+00  7.034451e-03  1.800000e+00
     vertex  1.070257e+00  7.034451e-03  0.000000e+00
   endloop
 endfacet
 facet normal -6.765502e-02 -9.977088e-01 -0.000000e+00
   outer loop
     vertex  1.135033e+00  1.759903e-03  1.800000e+00
     vertex  1.102610e+00  3.958573e-03  0.000000e+00
     vertex  1.135033e+00  1.759903e-03  0.000000e+00
   endloop
 endfacet
 facet normal -4.061287e-02 -9.991750e-01 -0.000000e+00
   outer loop
     vertex  1.135033e+00  1.759903e-03  1.800000e+00
     vertex  1.135033e+00  1.759903e-03  0.000000e+00
     vertex  1.167505e+00  4.400565e-04  0.000000e+00
   endloop
 endfacet
 facet normal -6.765502e-02 -9.977088e-01  0.000000e+00
   outer loop
     vertex  1.135033e+00  1.759903e-03  1.800000e+00
     vertex  1.102610e+00  3.958573e-03  1.800000e+00
     vertex  1.102610e+00  3.958573e-03  0.000000e+00
   endloop
 endfacet
 facet normal -1.354093e-02 -9.999083e-01 -0.000000e+00
   outer loop
     vertex  1.167505e+00  4.400565e-04  1.800000e+00
     vertex  1.167505e+00  4.400565e-04  0.000000e+00
     vertex  1.200000e+00  0.000000e+00  0.000000e+00
   endloop
 endfacet
 facet normal -4.061287e-02 -9.991750e-01 -0.000000e+00
   outer loop
     vertex  1.167505e+00  4.400565e-04  1.800000e+00
     vertex  1.135033e+00  1.759903e-03  1.800000e+00
     vertex  1.167505e+00  4.400565e-04  0.000000e+00
   endloop
 endfacet
 facet normal -1.354093e-02 -9.999083e-01 -0.000000e+00
   outer loop
     vertex  1.200000e+00  0.000000e+00  1.800000e+00
     vertex  1.167505e+00  4.400565e-04  1.800000e+00
     vertex  1.200000e+00  0.000000e+00  0.000000e+00
   endloop
 endfacet
 facet normal  0.000000e+00 -1.000000e+00 -0.000000e+00
   outer loop
     vertex  7.080000e+01  0.000000e+00  1.800000e+00
     vertex  1.200000e+00  0.000000e+00  0.000000e+00
     vertex  7.080000e+01  0.000000e+00  0.000000e+00
   endloop
 endfacet
 facet normal -0.000000e+00 -1.000000e+00  0.000000e+00
   outer loop
     vertex  7.080000e+01  0.000000e+00  1.800000e+00
     vertex  1.200000e+00  0.000000e+00  1.800000e+00
     vertex  1.200000e+00  0.000000e+00  0.000000e+00
   endloop
 endfacet
 facet normal -1.000000e+00  0.000000e+00  0.000000e+00
   outer loop
     vertex  0.000000e+00  1.200000e+00  1.800000e+00
     vertex  0.000000e+00  6.200000e+00  0.000000e+00
     vertex  0.000000e+00  1.200000e+00  0.000000e+00
   endloop
 endfacet
 facet normal -1.000000e+00  0.000000e+00  0.000000e+00
   outer loop
     vertex  0.000000e+00  1.200000e+00  1.800000e+00
     vertex  0.000000e+00  6.200000e+00  1.800000e+00
     vertex  0.000000e+00  6.200000e+00  0.000000e+00
   endloop
 endfacet
 facet normal  1.354093e-02 -9.999083e-01  0.000000e+00
   outer loop
     vertex  7.083250e+01  4.400565e-04  1.800000e+00
     vertex  7.080000e+01  0.000000e+00  1.800000e+00
     vertex  7.080000e+01  0.000000e+00  0.000000e+00
   endloop
 endfacet
 facet normal  1.354093e-02 -9.999083e-01  0.000000e+00
   outer loop
     vertex  7.083250e+01  4.400565e-04  1.800000e+00
     vertex  7.080000e+01  0.000000e+00  0.000000e+00
     vertex  7.083250e+01  4.400565e-04  0.000000e+00
   endloop
 endfacet
 facet normal  4.061287e-02 -9.991750e-01  0.000000e+00
   outer loop
     vertex  7.086497e+01  1.759903e-03  1.800000e+00
     vertex  7.083250e+01  4.400565e-04  1.800000e+00
     vertex  7.083250e+01  4.400565e-04  0.000000e+00
   endloop
 endfacet
 facet normal  4.061287e-02 -9.991750e-01  0.000000e+00
   outer loop
     vertex  7.086497e+01  1.759903e-03  1.800000e+00
     vertex  7.083250e+01  4.400565e-04  0.000000e+00
     vertex  7.086497e+01  1.759903e-03  0.000000e+00
   endloop
 endfacet
 facet normal  6.765502e-02 -9.977088e-01  0.000000e+00
   outer loop
     vertex  7.089739e+01  3.958573e-03  1.800000e+00
     vertex  7.086497e+01  1.759903e-03  1.800000e+00
     vertex  7.086497e+01  1.759903e-03  0.000000e+00
   endloop
 endfacet
 facet normal  6.765502e-02 -9.977088e-01  0.000000e+00
   outer loop
     vertex  7.089739e+01  3.958573e-03  1.800000e+00
     vertex  7.086497e+01  1.759903e-03  0.000000e+00
     vertex  7.089739e+01  3.958573e-03  0.000000e+00
   endloop
 endfacet
 facet normal  9.464755e-02 -9.955108e-01  0.000000e+00
   outer loop
     vertex  7.092974e+01  7.034451e-03  1.800000e+00
     vertex  7.089739e+01  3.958573e-03  1.800000e+00
     vertex  7.089739e+01  3.958573e-03  0.000000e+00
   endloop
 endfacet
 facet normal  9.464755e-02 -9.955108e-01  0.000000e+00
   outer loop
     vertex  7.092974e+01  7.034451e-03  1.800000e+00
     vertex  7.089739e+01  3.958573e-03  0.000000e+00
     vertex  7.092974e+01  7.034451e-03  0.000000e+00
   endloop
 endfacet
 facet normal  1.215707e-01 -9.925828e-01  0.000000e+00
   outer loop
     vertex  7.096200e+01  1.098528e-02  1.800000e+00
     vertex  7.092974e+01  7.034451e-03  1.800000e+00
     vertex  7.092974e+01  7.034451e-03  0.000000e+00
   endloop
 endfacet
 facet normal  1.215707e-01 -9.925828e-01  0.000000e+00
   outer loop
     vertex  7.096200e+01  1.098528e-02  1.800000e+00
     vertex  7.092974e+01  7.034451e-03  0.000000e+00
     vertex  7.096200e+01  1.098528e-02  0.000000e+00
   endloop
 endfacet
 facet normal  1.484046e-01 -9.889267e-01  0.000000e+00
   outer loop
     vertex  7.096200e+01  1.098528e-02  1.800000e+00
     vertex  7.096200e+01  1.098528e-02  0.000000e+00
     vertex  7.099414e+01  1.580817e-02  0.000000e+00
   endloop
 endfacet
 facet normal  1.484046e-01 -9.889267e-01  0.000000e+00
   outer loop
     vertex  7.099414e+01  1.580817e-02  1.800000e+00
     vertex  7.096200e+01  1.098528e-02  1.800000e+00
     vertex  7.099414e+01  1.580817e-02  0.000000e+00
   endloop
 endfacet
 facet normal  1.751297e-01 -9.845454e-01  0.000000e+00
   outer loop
     vertex  7.102613e+01  2.149958e-02  1.800000e+00
     vertex  7.099414e+01  1.580817e-02  1.800000e+00
     vertex  7.099414e+01  1.580817e-02  0.000000e+00
   endloop
 endfacet
 facet normal  1.751297e-01 -9.845454e-01  0.000000e+00
   outer loop
     vertex  7.102613e+01  2.149958e-02  1.800000e+00
     vertex  7.099414e+01  1.580817e-02  0.000000e+00
     vertex  7.102613e+01  2.149958e-02  0.000000e+00
   endloop
 endfacet
 facet normal  2.017264e-01 -9.794419e-01  0.000000e+00
   outer loop
     vertex  7.105796e+01  2.805533e-02  1.800000e+00
     vertex  7.102613e+01  2.149958e-02  1.800000e+00
     vertex  7.102613e+01  2.149958e-02  0.000000e+00
   endloop
 endfacet
 facet normal  2.017264e-01 -9.794419e-01  0.000000e+00
   outer loop
     vertex  7.105796e+01  2.805533e-02  1.800000e+00
     vertex  7.102613e+01  2.149958e-02  0.000000e+00
     vertex  7.105796e+01  2.805533e-02  0.000000e+00
   endloop
 endfacet
 facet normal  2.281751e-01 -9.736201e-01  0.000000e+00
   outer loop
     vertex  7.108961e+01  3.547062e-02  1.800000e+00
     vertex  7.105796e+01  2.805533e-02  1.800000e+00
     vertex  7.105796e+01  2.805533e-02  0.000000e+00
   endloop
 endfacet
 facet normal  2.281751e-01 -9.736201e-01  0.000000e+00
   outer loop
     vertex  7.108961e+01  3.547062e-02  1.800000e+00
     vertex  7.105796e+01  2.805533e-02  0.000000e+00
     vertex  7.108961e+01  3.547062e-02  0.000000e+00
   endloop
 endfacet
 facet normal  2.544564e-01 -9.670842e-01  0.000000e+00
   outer loop
     vertex  7.112103e+01  4.374001e-02  1.800000e+00
     vertex  7.108961e+01  3.547062e-02  1.800000e+00
     vertex  7.108961e+01  3.547062e-02  0.000000e+00
   endloop
 endfacet
 facet normal  2.544564e-01 -9.670842e-01  0.000000e+00
   outer loop
     vertex  7.112103e+01  4.374001e-02  1.800000e+00
     vertex  7.108961e+01  3.547062e-02  0.000000e+00
     vertex  7.112103e+01  4.374001e-02  0.000000e+00
   endloop
 endfacet
 facet normal  2.805512e-01 -9.598391e-01  0.000000e+00
   outer loop
     vertex  7.112103e+01  4.374001e-02  1.800000e+00
     vertex  7.112103e+01  4.374001e-02  0.000000e+00
     vertex  7.115223e+01  5.285743e-02  0.000000e+00
   endloop
 endfacet
 facet normal  2.805512e-01 -9.598391e-01  0.000000e+00
   outer loop
     vertex  7.115223e+01  5.285743e-02  1.800000e+00
     vertex  7.112103e+01  4.374001e-02  1.800000e+00
     vertex  7.115223e+01  5.285743e-02  0.000000e+00
   endloop
 endfacet
 facet normal  3.064401e-01 -9.518899e-01  0.000000e+00
   outer loop
     vertex  7.118316e+01  6.281619e-02  1.800000e+00
     vertex  7.115223e+01  5.285743e-02  1.800000e+00
     vertex  7.115223e+01  5.285743e-02  0.000000e+00
   endloop
 endfacet
 facet normal  3.064401e-01 -9.518899e-01  0.000000e+00
   outer loop
     vertex  7.118316e+01  6.281619e-02  1.800000e+00
     vertex  7.115223e+01  5.285743e-02  0.000000e+00
     vertex  7.118316e+01  6.281619e-02  0.000000e+00
   endloop
 endfacet
 facet normal  3.321044e-01 -9.432426e-01  0.000000e+00
   outer loop
     vertex  7.118316e+01  6.281619e-02  1.800000e+00
     vertex  7.118316e+01  6.281619e-02  0.000000e+00
     vertex  7.121382e+01  7.360900e-02  0.000000e+00
   endloop
 endfacet
 facet normal  3.321044e-01 -9.432426e-01  0.000000e+00
   outer loop
     vertex  7.121382e+01  7.360900e-02  1.800000e+00
     vertex  7.118316e+01  6.281619e-02  1.800000e+00
     vertex  7.121382e+01  7.360900e-02  0.000000e+00
   endloop
 endfacet
 facet normal  3.575250e-01 -9.339036e-01  0.000000e+00
   outer loop
     vertex  7.124417e+01  8.522794e-02  1.800000e+00
     vertex  7.121382e+01  7.360900e-02  0.000000e+00
     vertex  7.124417e+01  8.522794e-02  0.000000e+00
   endloop
 endfacet
 facet normal  3.575250e-01 -9.339036e-01  0.000000e+00
   outer loop
     vertex  7.124417e+01  8.522794e-02  1.800000e+00
     vertex  7.121382e+01  7.360900e-02  1.800000e+00
     vertex  7.121382e+01  7.360900e-02  0.000000e+00
   endloop
 endfacet
 facet normal  3.826834e-01 -9.238795e-01  0.000000e+00
   outer loop
     vertex  7.127419e+01  9.766447e-02  1.800000e+00
     vertex  7.124417e+01  8.522794e-02  0.000000e+00
     vertex  7.127419e+01  9.766447e-02  0.000000e+00
   endloop
 endfacet
 facet normal  3.826834e-01 -9.238795e-01  0.000000e+00
   outer loop
     vertex  7.127419e+01  9.766447e-02  1.800000e+00
     vertex  7.124417e+01  8.522794e-02  1.800000e+00
     vertex  7.124417e+01  8.522794e-02  0.000000e+00
   endloop
 endfacet
 facet normal  4.075612e-01 -9.131779e-01  0.000000e+00
   outer loop
     vertex  7.130387e+01  1.109095e-01  1.800000e+00
     vertex  7.127419e+01  9.766447e-02  0.000000e+00
     vertex  7.130387e+01  1.109095e-01  0.000000e+00
   endloop
 endfacet
 facet normal  4.075612e-01 -9.131779e-01  0.000000e+00
   outer loop
     vertex  7.130387e+01  1.109095e-01  1.800000e+00
     vertex  7.127419e+01  9.766447e-02  1.800000e+00
     vertex  7.127419e+01  9.766447e-02  0.000000e+00
   endloop
 endfacet
 facet normal  4.321400e-01 -9.018065e-01  0.000000e+00
   outer loop
     vertex  7.133317e+01  1.249533e-01  1.800000e+00
     vertex  7.130387e+01  1.109095e-01  0.000000e+00
     vertex  7.133317e+01  1.249533e-01  0.000000e+00
   endloop
 endfacet
 facet normal  4.321400e-01 -9.018065e-01  0.000000e+00
   outer loop
     vertex  7.133317e+01  1.249533e-01  1.800000e+00
     vertex  7.130387e+01  1.109095e-01  1.800000e+00
     vertex  7.130387e+01  1.109095e-01  0.000000e+00
   endloop
 endfacet
 facet normal  4.564019e-01 -8.897737e-01  0.000000e+00
   outer loop
     vertex  7.136209e+01  1.397855e-01  1.800000e+00
     vertex  7.133317e+01  1.249533e-01  0.000000e+00
     vertex  7.136209e+01  1.397855e-01  0.000000e+00
   endloop
 endfacet
 facet normal  4.803291e-01 -8.770884e-01  0.000000e+00
   outer loop
     vertex  7.136209e+01  1.397855e-01  1.800000e+00
     vertex  7.136209e+01  1.397855e-01  0.000000e+00
     vertex  7.139059e+01  1.553954e-01  0.000000e+00
   endloop
 endfacet
 facet normal  4.564019e-01 -8.897737e-01  0.000000e+00
   outer loop
     vertex  7.136209e+01  1.397855e-01  1.800000e+00
     vertex  7.133317e+01  1.249533e-01  1.800000e+00
     vertex  7.133317e+01  1.249533e-01  0.000000e+00
   endloop
 endfacet
 facet normal  4.803291e-01 -8.770884e-01  0.000000e+00
   outer loop
     vertex  7.139059e+01  1.553954e-01  1.800000e+00
     vertex  7.136209e+01  1.397855e-01  1.800000e+00
     vertex  7.139059e+01  1.553954e-01  0.000000e+00
   endloop
 endfacet
 facet normal  5.039039e-01 -8.637597e-01  0.000000e+00
   outer loop
     vertex  7.141866e+01  1.717714e-01  1.800000e+00
     vertex  7.139059e+01  1.553954e-01  0.000000e+00
     vertex  7.141866e+01  1.717714e-01  0.000000e+00
   endloop
 endfacet
 facet normal  5.039039e-01 -8.637597e-01  0.000000e+00
   outer loop
     vertex  7.141866e+01  1.717714e-01  1.800000e+00
     vertex  7.139059e+01  1.553954e-01  1.800000e+00
     vertex  7.139059e+01  1.553954e-01  0.000000e+00
   endloop
 endfacet
 facet normal  5.271092e-01 -8.497975e-01  0.000000e+00
   outer loop
     vertex  7.144628e+01  1.889015e-01  1.800000e+00
     vertex  7.141866e+01  1.717714e-01  1.800000e+00
     vertex  7.141866e+01  1.717714e-01  0.000000e+00
   endloop
 endfacet
 facet normal  5.271092e-01 -8.497975e-01  0.000000e+00
   outer loop
     vertex  7.144628e+01  1.889015e-01  1.800000e+00
     vertex  7.141866e+01  1.717714e-01  0.000000e+00
     vertex  7.144628e+01  1.889015e-01  0.000000e+00
   endloop
 endfacet
 facet normal  5.499279e-01 -8.352121e-01  0.000000e+00
   outer loop
     vertex  7.147342e+01  2.067732e-01  1.800000e+00
     vertex  7.144628e+01  1.889015e-01  1.800000e+00
     vertex  7.144628e+01  1.889015e-01  0.000000e+00
   endloop
 endfacet
 facet normal  5.499279e-01 -8.352121e-01  0.000000e+00
   outer loop
     vertex  7.147342e+01  2.067732e-01  1.800000e+00
     vertex  7.144628e+01  1.889015e-01  0.000000e+00
     vertex  7.147342e+01  2.067732e-01  0.000000e+00
   endloop
 endfacet
 facet normal  5.723433e-01 -8.200141e-01  0.000000e+00
   outer loop
     vertex  7.150007e+01  2.253734e-01  1.800000e+00
     vertex  7.147342e+01  2.067732e-01  1.800000e+00
     vertex  7.147342e+01  2.067732e-01  0.000000e+00
   endloop
 endfacet
 facet normal  5.723433e-01 -8.200141e-01  0.000000e+00
   outer loop
     vertex  7.150007e+01  2.253734e-01  1.800000e+00
     vertex  7.147342e+01  2.067732e-01  0.000000e+00
     vertex  7.150007e+01  2.253734e-01  0.000000e+00
   endloop
 endfacet
 facet normal  5.943389e-01 -8.042147e-01  0.000000e+00
   outer loop
     vertex  7.152621e+01  2.446883e-01  1.800000e+00
     vertex  7.150007e+01  2.253734e-01  1.800000e+00
     vertex  7.150007e+01  2.253734e-01  0.000000e+00
   endloop
 endfacet
 facet normal  5.943389e-01 -8.042147e-01  0.000000e+00
   outer loop
     vertex  7.152621e+01  2.446883e-01  1.800000e+00
     vertex  7.150007e+01  2.253734e-01  0.000000e+00
     vertex  7.152621e+01  2.446883e-01  0.000000e+00
   endloop
 endfacet
 facet normal  6.158986e-01 -7.878255e-01  0.000000e+00
   outer loop
     vertex  7.155181e+01  2.647039e-01  1.800000e+00
     vertex  7.152621e+01  2.446883e-01  1.800000e+00
     vertex  7.152621e+01  2.446883e-01  0.000000e+00
   endloop
 endfacet
 facet normal  6.158986e-01 -7.878255e-01  0.000000e+00
   outer loop
     vertex  7.155181e+01  2.647039e-01  1.800000e+00
     vertex  7.152621e+01  2.446883e-01  0.000000e+00
     vertex  7.155181e+01  2.647039e-01  0.000000e+00
   endloop
 endfacet
 facet normal  6.370065e-01 -7.708584e-01  0.000000e+00
   outer loop
     vertex  7.157686e+01  2.854055e-01  1.800000e+00
     vertex  7.155181e+01  2.647039e-01  1.800000e+00
     vertex  7.155181e+01  2.647039e-01  0.000000e+00
   endloop
 endfacet
 facet normal  6.370065e-01 -7.708584e-01  0.000000e+00
   outer loop
     vertex  7.157686e+01  2.854055e-01  1.800000e+00
     vertex  7.155181e+01  2.647039e-01  0.000000e+00
     vertex  7.157686e+01  2.854055e-01  0.000000e+00
   endloop
 endfacet
 facet normal  6.576473e-01 -7.533260e-01  0.000000e+00
   outer loop
     vertex  7.160135e+01  3.067779e-01  1.800000e+00
     vertex  7.157686e+01  2.854055e-01  1.800000e+00
     vertex  7.157686e+01  2.854055e-01  0.000000e+00
   endloop
 endfacet
 facet normal  6.576473e-01 -7.533260e-01  0.000000e+00
   outer loop
     vertex  7.160135e+01  3.067779e-01  1.800000e+00
     vertex  7.157686e+01  2.854055e-01  0.000000e+00
     vertex  7.160135e+01  3.067779e-01  0.000000e+00
   endloop
 endfacet
 facet normal  6.778058e-01 -7.352410e-01  0.000000e+00
   outer loop
     vertex  7.162524e+01  3.288054e-01  1.800000e+00
     vertex  7.160135e+01  3.067779e-01  1.800000e+00
     vertex  7.160135e+01  3.067779e-01  0.000000e+00
   endloop
 endfacet
 facet normal  6.778058e-01 -7.352410e-01  0.000000e+00
   outer loop
     vertex  7.162524e+01  3.288054e-01  1.800000e+00
     vertex  7.160135e+01  3.067779e-01  0.000000e+00
     vertex  7.162524e+01  3.288054e-01  0.000000e+00
   endloop
 endfacet
 facet normal  6.974671e-01 -7.166168e-01  0.000000e+00
   outer loop
     vertex  7.164853e+01  3.514719e-01  1.800000e+00
     vertex  7.162524e+01  3.288054e-01  1.800000e+00
     vertex  7.162524e+01  3.288054e-01  0.000000e+00
   endloop
 endfacet
 facet normal  6.974671e-01 -7.166168e-01  0.000000e+00
   outer loop
     vertex  7.164853e+01  3.514719e-01  1.800000e+00
     vertex  7.162524e+01  3.288054e-01  0.000000e+00
     vertex  7.164853e+01  3.514719e-01  0.000000e+00
   endloop
 endfacet
 facet normal  7.166168e-01 -6.974671e-01  0.000000e+00
   outer loop
     vertex  7.167119e+01  3.747606e-01  1.800000e+00
     vertex  7.164853e+01  3.514719e-01  1.800000e+00
     vertex  7.164853e+01  3.514719e-01  0.000000e+00
   endloop
 endfacet
 facet normal  7.166168e-01 -6.974671e-01  0.000000e+00
   outer loop
     vertex  7.167119e+01  3.747606e-01  1.800000e+00
     vertex  7.164853e+01  3.514719e-01  0.000000e+00
     vertex  7.167119e+01  3.747606e-01  0.000000e+00
   endloop
 endfacet
 facet normal  7.352410e-01 -6.778058e-01  0.000000e+00
   outer loop
     vertex  7.169322e+01  3.986547e-01  1.800000e+00
     vertex  7.167119e+01  3.747606e-01  1.800000e+00
     vertex  7.167119e+01  3.747606e-01  0.000000e+00
   endloop
 endfacet
 facet normal  7.352410e-01 -6.778058e-01  0.000000e+00
   outer loop
     vertex  7.169322e+01  3.986547e-01  1.800000e+00
     vertex  7.167119e+01  3.747606e-01  0.000000e+00
     vertex  7.169322e+01  3.986547e-01  0.000000e+00
   endloop
 endfacet
 facet normal  7.533260e-01 -6.576473e-01  0.000000e+00
   outer loop
     vertex  7.171459e+01  4.231365e-01  1.800000e+00
     vertex  7.169322e+01  3.986547e-01  1.800000e+00
     vertex  7.169322e+01  3.986547e-01  0.000000e+00
   endloop
 endfacet
 facet normal  7.533260e-01 -6.576473e-01  0.000000e+00
   outer loop
     vertex  7.171459e+01  4.231365e-01  1.800000e+00
     vertex  7.169322e+01  3.986547e-01  0.000000e+00
     vertex  7.171459e+01  4.231365e-01  0.000000e+00
   endloop
 endfacet
 facet normal  7.708584e-01 -6.370065e-01  0.000000e+00
   outer loop
     vertex  7.173530e+01  4.481880e-01  1.800000e+00
     vertex  7.171459e+01  4.231365e-01  1.800000e+00
     vertex  7.171459e+01  4.231365e-01  0.000000e+00
   endloop
 endfacet
 facet normal  7.708584e-01 -6.370065e-01  0.000000e+00
   outer loop
     vertex  7.173530e+01  4.481880e-01  1.800000e+00
     vertex  7.171459e+01  4.231365e-01  0.000000e+00
     vertex  7.173530e+01  4.481880e-01  0.000000e+00
   endloop
 endfacet
 facet normal  7.878255e-01 -6.158986e-01  0.000000e+00
   outer loop
     vertex  7.175531e+01  4.737909e-01  1.800000e+00
     vertex  7.173530e+01  4.481880e-01  1.800000e+00
     vertex  7.173530e+01  4.481880e-01  0.000000e+00
   endloop
 endfacet
 facet normal  7.878255e-01 -6.158986e-01  0.000000e+00
   outer loop
     vertex  7.175531e+01  4.737909e-01  1.800000e+00
     vertex  7.173530e+01  4.481880e-01  0.000000e+00
     vertex  7.175531e+01  4.737909e-01  0.000000e+00
   endloop
 endfacet
 facet normal  8.042147e-01 -5.943389e-01  0.000000e+00
   outer loop
     vertex  7.177463e+01  4.999265e-01  1.800000e+00
     vertex  7.175531e+01  4.737909e-01  1.800000e+00
     vertex  7.175531e+01  4.737909e-01  0.000000e+00
   endloop
 endfacet
 facet normal  8.042147e-01 -5.943389e-01  0.000000e+00
   outer loop
     vertex  7.177463e+01  4.999265e-01  1.800000e+00
     vertex  7.175531e+01  4.737909e-01  0.000000e+00
     vertex  7.177463e+01  4.999265e-01  0.000000e+00
   endloop
 endfacet
 facet normal  8.200141e-01 -5.723433e-01  0.000000e+00
   outer loop
     vertex  7.179323e+01  5.265755e-01  1.800000e+00
     vertex  7.177463e+01  4.999265e-01  1.800000e+00
     vertex  7.177463e+01  4.999265e-01  0.000000e+00
   endloop
 endfacet
 facet normal  8.200141e-01 -5.723433e-01  0.000000e+00
   outer loop
     vertex  7.179323e+01  5.265755e-01  1.800000e+00
     vertex  7.177463e+01  4.999265e-01  0.000000e+00
     vertex  7.179323e+01  5.265755e-01  0.000000e+00
   endloop
 endfacet
 facet normal  8.352121e-01 -5.499279e-01  0.000000e+00
   outer loop
     vertex  7.181110e+01  5.537184e-01  1.800000e+00
     vertex  7.179323e+01  5.265755e-01  1.800000e+00
     vertex  7.179323e+01  5.265755e-01  0.000000e+00
   endloop
 endfacet
 facet normal  8.352121e-01 -5.499279e-01  0.000000e+00
   outer loop
     vertex  7.181110e+01  5.537184e-01  1.800000e+00
     vertex  7.179323e+01  5.265755e-01  0.000000e+00
     vertex  7.181110e+01  5.537184e-01  0.000000e+00
   endloop
 endfacet
 facet normal  8.497975e-01 -5.271092e-01  0.000000e+00
   outer loop
     vertex  7.182823e+01  5.813354e-01  1.800000e+00
     vertex  7.181110e+01  5.537184e-01  1.800000e+00
     vertex  7.181110e+01  5.537184e-01  0.000000e+00
   endloop
 endfacet
 facet normal  8.497975e-01 -5.271092e-01  0.000000e+00
   outer loop
     vertex  7.182823e+01  5.813354e-01  1.800000e+00
     vertex  7.181110e+01  5.537184e-01  0.000000e+00
     vertex  7.182823e+01  5.813354e-01  0.000000e+00
   endloop
 endfacet
 facet normal  8.637597e-01 -5.039039e-01  0.000000e+00
   outer loop
     vertex  7.184460e+01  6.094060e-01  1.800000e+00
     vertex  7.182823e+01  5.813354e-01  1.800000e+00
     vertex  7.182823e+01  5.813354e-01  0.000000e+00
   endloop
 endfacet
 facet normal  8.637597e-01 -5.039039e-01  0.000000e+00
   outer loop
     vertex  7.184460e+01  6.094060e-01  1.800000e+00
     vertex  7.182823e+01  5.813354e-01  0.000000e+00
     vertex  7.184460e+01  6.094060e-01  0.000000e+00
   endloop
 endfacet
 facet normal  8.770884e-01 -4.803291e-01  0.000000e+00
   outer loop
     vertex  7.186021e+01  6.379099e-01  1.800000e+00
     vertex  7.184460e+01  6.094060e-01  1.800000e+00
     vertex  7.184460e+01  6.094060e-01  0.000000e+00
   endloop
 endfacet
 facet normal  8.770884e-01 -4.803291e-01  0.000000e+00
   outer loop
     vertex  7.186021e+01  6.379099e-01  1.800000e+00
     vertex  7.184460e+01  6.094060e-01  0.000000e+00
     vertex  7.186021e+01  6.379099e-01  0.000000e+00
   endloop
 endfacet
 facet normal  8.897737e-01 -4.564019e-01  0.000000e+00
   outer loop
     vertex  7.187505e+01  6.668260e-01  1.800000e+00
     vertex  7.186021e+01  6.379099e-01  1.800000e+00
     vertex  7.186021e+01  6.379099e-01  0.000000e+00
   endloop
 endfacet
 facet normal  8.897737e-01 -4.564019e-01  0.000000e+00
   outer loop
     vertex  7.187505e+01  6.668260e-01  1.800000e+00
     vertex  7.186021e+01  6.379099e-01  0.000000e+00
     vertex  7.187505e+01  6.668260e-01  0.000000e+00
   endloop
 endfacet
 facet normal  9.018065e-01 -4.321400e-01  0.000000e+00
   outer loop
     vertex  7.188909e+01  6.961331e-01  1.800000e+00
     vertex  7.187505e+01  6.668260e-01  0.000000e+00
     vertex  7.188909e+01  6.961331e-01  0.000000e+00
   endloop
 endfacet
 facet normal  9.131779e-01 -4.075612e-01  0.000000e+00
   outer loop
     vertex  7.188909e+01  6.961331e-01  1.800000e+00
     vertex  7.188909e+01  6.961331e-01  0.000000e+00
     vertex  7.190234e+01  7.258098e-01  0.000000e+00
   endloop
 endfacet
 facet normal  9.018065e-01 -4.321400e-01  0.000000e+00
   outer loop
     vertex  7.188909e+01  6.961331e-01  1.800000e+00
     vertex  7.187505e+01  6.668260e-01  1.800000e+00
     vertex  7.187505e+01  6.668260e-01  0.000000e+00
   endloop
 endfacet
 facet normal  9.131779e-01 -4.075612e-01  0.000000e+00
   outer loop
     vertex  7.190234e+01  7.258098e-01  1.800000e+00
     vertex  7.188909e+01  6.961331e-01  1.800000e+00
     vertex  7.190234e+01  7.258098e-01  0.000000e+00
   endloop
 endfacet
 facet normal  9.238795e-01 -3.826834e-01  0.000000e+00
   outer loop
     vertex  7.191477e+01  7.558342e-01  1.800000e+00
     vertex  7.190234e+01  7.258098e-01  0.000000e+00
     vertex  7.191477e+01  7.558342e-01  0.000000e+00
   endloop
 endfacet
 facet normal  9.238795e-01 -3.826834e-01  0.000000e+00
   outer loop
     vertex  7.191477e+01  7.558342e-01  1.800000e+00
     vertex  7.190234e+01  7.258098e-01  1.800000e+00
     vertex  7.190234e+01  7.258098e-01  0.000000e+00
   endloop
 endfacet
 facet normal  9.339036e-01 -3.575250e-01  0.000000e+00
   outer loop
     vertex  7.192639e+01  7.861844e-01  1.800000e+00
     vertex  7.191477e+01  7.558342e-01  1.800000e+00
     vertex  7.191477e+01  7.558342e-01  0.000000e+00
   endloop
 endfacet
 facet normal  9.339036e-01 -3.575250e-01  0.000000e+00
   outer loop
     vertex  7.192639e+01  7.861844e-01  1.800000e+00
     vertex  7.191477e+01  7.558342e-01  0.000000e+00
     vertex  7.192639e+01  7.861844e-01  0.000000e+00
   endloop
 endfacet
 facet normal  9.432426e-01 -3.321044e-01  0.000000e+00
   outer loop
     vertex  7.193718e+01  8.168382e-01  1.800000e+00
     vertex  7.192639e+01  7.861844e-01  1.800000e+00
     vertex  7.192639e+01  7.861844e-01  0.000000e+00
   endloop
 endfacet
 facet normal  9.432426e-01 -3.321044e-01  0.000000e+00
   outer loop
     vertex  7.193718e+01  8.168382e-01  1.800000e+00
     vertex  7.192639e+01  7.861844e-01  0.000000e+00
     vertex  7.193718e+01  8.168382e-01  0.000000e+00
   endloop
 endfacet
 facet normal  9.518899e-01 -3.064401e-01  0.000000e+00
   outer loop
     vertex  7.194714e+01  8.477729e-01  1.800000e+00
     vertex  7.193718e+01  8.168382e-01  0.000000e+00
     vertex  7.194714e+01  8.477729e-01  0.000000e+00
   endloop
 endfacet
 facet normal  9.518899e-01 -3.064401e-01  0.000000e+00
   outer loop
     vertex  7.194714e+01  8.477729e-01  1.800000e+00
     vertex  7.193718e+01  8.168382e-01  1.800000e+00
     vertex  7.193718e+01  8.168382e-01  0.000000e+00
   endloop
 endfacet
 facet normal  9.598391e-01 -2.805512e-01  0.000000e+00
   outer loop
     vertex  7.195626e+01  8.789660e-01  1.800000e+00
     vertex  7.194714e+01  8.477729e-01  0.000000e+00
     vertex  7.195626e+01  8.789660e-01  0.000000e+00
   endloop
 endfacet
 facet normal  9.670842e-01 -2.544564e-01  0.000000e+00
   outer loop
     vertex  7.195626e+01  8.789660e-01  1.800000e+00
     vertex  7.195626e+01  8.789660e-01  0.000000e+00
     vertex  7.196453e+01  9.103945e-01  0.000000e+00
   endloop
 endfacet
 facet normal  9.598391e-01 -2.805512e-01  0.000000e+00
   outer loop
     vertex  7.195626e+01  8.789660e-01  1.800000e+00
     vertex  7.194714e+01  8.477729e-01  1.800000e+00
     vertex  7.194714e+01  8.477729e-01  0.000000e+00
   endloop
 endfacet
 facet normal  9.670842e-01 -2.544564e-01  0.000000e+00
   outer loop
     vertex  7.196453e+01  9.103945e-01  1.800000e+00
     vertex  7.195626e+01  8.789660e-01  1.800000e+00
     vertex  7.196453e+01  9.103945e-01  0.000000e+00
   endloop
 endfacet
 facet normal  9.736201e-01 -2.281751e-01  0.000000e+00
   outer loop
     vertex  7.197194e+01  9.420355e-01  1.800000e+00
     vertex  7.196453e+01  9.103945e-01  0.000000e+00
     vertex  7.197194e+01  9.420355e-01  0.000000e+00
   endloop
 endfacet
 facet normal  9.736201e-01 -2.281751e-01  0.000000e+00
   outer loop
     vertex  7.197194e+01  9.420355e-01  1.800000e+00
     vertex  7.196453e+01  9.103945e-01  1.800000e+00
     vertex  7.196453e+01  9.103945e-01  0.000000e+00
   endloop
 endfacet
 facet normal  9.794419e-01 -2.017264e-01  0.000000e+00
   outer loop
     vertex  7.197850e+01  9.738656e-01  1.800000e+00
     vertex  7.197194e+01  9.420355e-01  0.000000e+00
     vertex  7.197850e+01  9.738656e-01  0.000000e+00
   endloop
 endfacet
 facet normal  9.845454e-01 -1.751297e-01  0.000000e+00
   outer loop
     vertex  7.197850e+01  9.738656e-01  1.800000e+00
     vertex  7.197850e+01  9.738656e-01  0.000000e+00
     vertex  7.198419e+01  1.005862e+00  0.000000e+00
   endloop
 endfacet
 facet normal  9.794419e-01 -2.017264e-01  0.000000e+00
   outer loop
     vertex  7.197850e+01  9.738656e-01  1.800000e+00
     vertex  7.197194e+01  9.420355e-01  1.800000e+00
     vertex  7.197194e+01  9.420355e-01  0.000000e+00
   endloop
 endfacet
 facet normal  9.889267e-01 -1.484046e-01  0.000000e+00
   outer loop
     vertex  7.198419e+01  1.005862e+00  1.800000e+00
     vertex  7.198419e+01  1.005862e+00  0.000000e+00
     vertex  7.198901e+01  1.038000e+00  0.000000e+00
   endloop
 endfacet
 facet normal  9.845454e-01 -1.751297e-01  0.000000e+00
   outer loop
     vertex  7.198419e+01  1.005862e+00  1.800000e+00
     vertex  7.197850e+01  9.738656e-01  1.800000e+00
     vertex  7.198419e+01  1.005862e+00  0.000000e+00
   endloop
 endfacet
 facet normal  9.889267e-01 -1.484046e-01  0.000000e+00
   outer loop
     vertex  7.198901e+01  1.038000e+00  1.800000e+00
     vertex  7.198419e+01  1.005862e+00  1.800000e+00
     vertex  7.198901e+01  1.038000e+00  0.000000e+00
   endloop
 endfacet
 facet normal  9.925828e-01 -1.215707e-01  0.000000e+00
   outer loop
     vertex  7.199297e+01  1.070257e+00  1.800000e+00
     vertex  7.198901e+01  1.038000e+00  0.000000e+00
     vertex  7.199297e+01  1.070257e+00  0.000000e+00
   endloop
 endfacet
 facet normal  9.925828e-01 -1.215707e-01  0.000000e+00
   outer loop
     vertex  7.199297e+01  1.070257e+00  1.800000e+00
     vertex  7.198901e+01  1.038000e+00  1.800000e+00
     vertex  7.198901e+01  1.038000e+00  0.000000e+00
   endloop
 endfacet
 facet normal  9.955108e-01 -9.464755e-02  0.000000e+00
   outer loop
     vertex  7.199604e+01  1.102610e+00  1.800000e+00
     vertex  7.199297e+01  1.070257e+00  0.000000e+00
     vertex  7.199604e+01  1.102610e+00  0.000000e+00
   endloop
 endfacet
 facet normal  9.955108e-01 -9.464755e-02  0.000000e+00
   outer loop
     vertex  7.199604e+01  1.102610e+00  1.800000e+00
     vertex  7.199297e+01  1.070257e+00  1.800000e+00
     vertex  7.199297e+01  1.070257e+00  0.000000e+00
   endloop
 endfacet
 facet normal  9.977088e-01 -6.765502e-02  0.000000e+00
   outer loop
     vertex  7.199824e+01  1.135033e+00  1.800000e+00
     vertex  7.199604e+01  1.102610e+00  0.000000e+00
     vertex  7.199824e+01  1.135033e+00  0.000000e+00
   endloop
 endfacet
 facet normal  9.991750e-01 -4.061287e-02  0.000000e+00
   outer loop
     vertex  7.199824e+01  1.135033e+00  1.800000e+00
     vertex  7.199824e+01  1.135033e+00  0.000000e+00
     vertex  7.199956e+01  1.167505e+00  0.000000e+00
   endloop
 endfacet
 facet normal  9.977088e-01 -6.765502e-02  0.000000e+00
   outer loop
     vertex  7.199824e+01  1.135033e+00  1.800000e+00
     vertex  7.199604e+01  1.102610e+00  1.800000e+00
     vertex  7.199604e+01  1.102610e+00  0.000000e+00
   endloop
 endfacet
 facet normal  9.999083e-01 -1.354093e-02  0.000000e+00
   outer loop
     vertex  7.199956e+01  1.167505e+00  1.800000e+00
     vertex  7.199956e+01  1.167505e+00  0.000000e+00
     vertex  7.200000e+01  1.200000e+00  0.000000e+00
   endloop
 endfacet
 facet normal  9.991750e-01 -4.061287e-02  0.000000e+00
   outer loop
     vertex  7.199956e+01  1.167505e+00  1.800000e+00
     vertex  7.199824e+01  1.135033e+00  1.800000e+00
     vertex  7.199956e+01  1.167505e+00  0.000000e+00
   endloop
 endfacet
 facet normal  9.999083e-01 -1.354093e-02  0.000000e+00
   outer loop
     vertex  7.200000e+01  1.200000e+00  1.800000e+00
     vertex  7.199956e+01  1.167505e+00  1.800000e+00
     vertex  7.200000e+01  1.200000e+00  0.000000e+00
   endloop
 endfacet
 facet normal -1.354093e-02  9.999083e-01  0.000000e+00
   outer loop
     vertex  1.167505e+00  7.399560e+00  1.800000e+00
     vertex  1.200000e+00  7.400000e+00  1.800000e+00
     vertex  1.200000e+00  7.400000e+00  0.000000e+00
   endloop
 endfacet
 facet normal -1.354093e-02  9.999083e-01  0.000000e+00
   outer loop
     vertex  1.167505e+00  7.399560e+00  1.800000e+00
     vertex  1.200000e+00  7.400000e+00  0.000000e+00
     vertex  1.167505e+00  7.399560e+00  0.000000e+00
   endloop
 endfacet
 facet normal -4.061287e-02  9.991750e-01  0.000000e+00
   outer loop
     vertex  1.135033e+00  7.398240e+00  1.800000e+00
     vertex  1.167505e+00  7.399560e+00  1.800000e+00
     vertex  1.167505e+00  7.399560e+00  0.000000e+00
   endloop
 endfacet
 facet normal -4.061287e-02  9.991750e-01  0.000000e+00
   outer loop
     vertex  1.135033e+00  7.398240e+00  1.800000e+00
     vertex  1.167505e+00  7.399560e+00  0.000000e+00
     vertex  1.135033e+00  7.398240e+00  0.000000e+00
   endloop
 endfacet
 facet normal -6.765502e-02  9.977088e-01  0.000000e+00
   outer loop
     vertex  1.102610e+00  7.396041e+00  1.800000e+00
     vertex  1.135033e+00  7.398240e+00  1.800000e+00
     vertex  1.135033e+00  7.398240e+00  0.000000e+00
   endloop
 endfacet
 facet normal -6.765502e-02  9.977088e-01  0.000000e+00
   outer loop
     vertex  1.102610e+00  7.396041e+00  1.800000e+00
     vertex  1.135033e+00  7.398240e+00  0.000000e+00
     vertex  1.102610e+00  7.396041e+00  0.000000e+00
   endloop
 endfacet
 facet normal -9.464755e-02  9.955108e-01  0.000000e+00
   outer loop
     vertex  1.070257e+00  7.392966e+00  1.800000e+00
     vertex  1.102610e+00  7.396041e+00  1.800000e+00
     vertex  1.102610e+00  7.396041e+00  0.000000e+00
   endloop
 endfacet
 facet normal -9.464755e-02  9.955108e-01  0.000000e+00
   outer loop
     vertex  1.070257e+00  7.392966e+00  1.800000e+00
     vertex  1.102610e+00  7.396041e+00  0.000000e+00
     vertex  1.070257e+00  7.392966e+00  0.000000e+00
   endloop
 endfacet
 facet normal -1.215707e-01  9.925828e-01  0.000000e+00
   outer loop
     vertex  1.038000e+00  7.389015e+00  1.800000e+00
     vertex  1.070257e+00  7.392966e+00  1.800000e+00
     vertex  1.070257e+00  7.392966e+00  0.000000e+00
   endloop
 endfacet
 facet normal -1.215707e-01  9.925828e-01  0.000000e+00
   outer loop
     vertex  1.038000e+00  7.389015e+00  1.800000e+00
     vertex  1.070257e+00  7.392966e+00  0.000000e+00
     vertex  1.038000e+00  7.389015e+00  0.000000e+00
   endloop
 endfacet
 facet normal -1.484046e-01  9.889267e-01  0.000000e+00
   outer loop
     vertex  1.005862e+00  7.384192e+00  1.800000e+00
     vertex  1.038000e+00  7.389015e+00  1.800000e+00
     vertex  1.038000e+00  7.389015e+00  0.000000e+00
   endloop
 endfacet
 facet normal -1.484046e-01  9.889267e-01  0.000000e+00
   outer loop
     vertex  1.005862e+00  7.384192e+00  1.800000e+00
     vertex  1.038000e+00  7.389015e+00  0.000000e+00
     vertex  1.005862e+00  7.384192e+00  0.000000e+00
   endloop
 endfacet
 facet normal -1.751297e-01  9.845454e-01  0.000000e+00
   outer loop
     vertex  9.738656e-01  7.378500e+00  1.800000e+00
     vertex  1.005862e+00  7.384192e+00  1.800000e+00
     vertex  1.005862e+00  7.384192e+00  0.000000e+00
   endloop
 endfacet
 facet normal -1.751297e-01  9.845454e-01  0.000000e+00
   outer loop
     vertex  9.738656e-01  7.378500e+00  1.800000e+00
     vertex  1.005862e+00  7.384192e+00  0.000000e+00
     vertex  9.738656e-01  7.378500e+00  0.000000e+00
   endloop
 endfacet
 facet normal -2.017264e-01  9.794419e-01  0.000000e+00
   outer loop
     vertex  9.420355e-01  7.371945e+00  1.800000e+00
     vertex  9.738656e-01  7.378500e+00  1.800000e+00
     vertex  9.738656e-01  7.378500e+00  0.000000e+00
   endloop
 endfacet
 facet normal -2.017264e-01  9.794419e-01  0.000000e+00
   outer loop
     vertex  9.420355e-01  7.371945e+00  1.800000e+00
     vertex  9.738656e-01  7.378500e+00  0.000000e+00
     vertex  9.420355e-01  7.371945e+00  0.000000e+00
   endloop
 endfacet
 facet normal -2.281751e-01  9.736201e-01  0.000000e+00
   outer loop
     vertex  9.103945e-01  7.364529e+00  1.800000e+00
     vertex  9.420355e-01  7.371945e+00  1.800000e+00
     vertex  9.420355e-01  7.371945e+00  0.000000e+00
   endloop
 endfacet
 facet normal -2.281751e-01  9.736201e-01  0.000000e+00
   outer loop
     vertex  9.103945e-01  7.364529e+00  1.800000e+00
     vertex  9.420355e-01  7.371945e+00  0.000000e+00
     vertex  9.103945e-01  7.364529e+00  0.000000e+00
   endloop
 endfacet
 facet normal -2.544564e-01  9.670842e-01  0.000000e+00
   outer loop
     vertex  8.789660e-01  7.356260e+00  1.800000e+00
     vertex  9.103945e-01  7.364529e+00  1.800000e+00
     vertex  9.103945e-01  7.364529e+00  0.000000e+00
   endloop
 endfacet
 facet normal -2.544564e-01  9.670842e-01  0.000000e+00
   outer loop
     vertex  8.789660e-01  7.356260e+00  1.800000e+00
     vertex  9.103945e-01  7.364529e+00  0.000000e+00
     vertex  8.789660e-01  7.356260e+00  0.000000e+00
   endloop
 endfacet
 facet normal -2.805512e-01  9.598391e-01  0.000000e+00
   outer loop
     vertex  8.477729e-01  7.347143e+00  1.800000e+00
     vertex  8.789660e-01  7.356260e+00  1.800000e+00
     vertex  8.789660e-01  7.356260e+00  0.000000e+00
   endloop
 endfacet
 facet normal -2.805512e-01  9.598391e-01  0.000000e+00
   outer loop
     vertex  8.477729e-01  7.347143e+00  1.800000e+00
     vertex  8.789660e-01  7.356260e+00  0.000000e+00
     vertex  8.477729e-01  7.347143e+00  0.000000e+00
   endloop
 endfacet
 facet normal -3.064401e-01  9.518899e-01  0.000000e+00
   outer loop
     vertex  8.477729e-01  7.347143e+00  1.800000e+00
     vertex  8.477729e-01  7.347143e+00  0.000000e+00
     vertex  8.168382e-01  7.337184e+00  0.000000e+00
   endloop
 endfacet
 facet normal -3.064401e-01  9.518899e-01  0.000000e+00
   outer loop
     vertex  8.168382e-01  7.337184e+00  1.800000e+00
     vertex  8.477729e-01  7.347143e+00  1.800000e+00
     vertex  8.168382e-01  7.337184e+00  0.000000e+00
   endloop
 endfacet
 facet normal -3.321044e-01  9.432426e-01  0.000000e+00
   outer loop
     vertex  7.861844e-01  7.326391e+00  1.800000e+00
     vertex  8.168382e-01  7.337184e+00  0.000000e+00
     vertex  7.861844e-01  7.326391e+00  0.000000e+00
   endloop
 endfacet
 facet normal -3.321044e-01  9.432426e-01  0.000000e+00
   outer loop
     vertex  7.861844e-01  7.326391e+00  1.800000e+00
     vertex  8.168382e-01  7.337184e+00  1.800000e+00
     vertex  8.168382e-01  7.337184e+00  0.000000e+00
   endloop
 endfacet
 facet normal -3.575250e-01  9.339036e-01  0.000000e+00
   outer loop
     vertex  7.558342e-01  7.314772e+00  1.800000e+00
     vertex  7.861844e-01  7.326391e+00  0.000000e+00
     vertex  7.558342e-01  7.314772e+00  0.000000e+00
   endloop
 endfacet
 facet normal -3.575250e-01  9.339036e-01  0.000000e+00
   outer loop
     vertex  7.558342e-01  7.314772e+00  1.800000e+00
     vertex  7.861844e-01  7.326391e+00  1.800000e+00
     vertex  7.861844e-01  7.326391e+00  0.000000e+00
   endloop
 endfacet
 facet normal -3.826834e-01  9.238795e-01  0.000000e+00
   outer loop
     vertex  7.258098e-01  7.302336e+00  1.800000e+00
     vertex  7.558342e-01  7.314772e+00  0.000000e+00
     vertex  7.258098e-01  7.302336e+00  0.000000e+00
   endloop
 endfacet
 facet normal -4.075612e-01  9.131779e-01  0.000000e+00
   outer loop
     vertex  7.258098e-01  7.302336e+00  1.800000e+00
     vertex  7.258098e-01  7.302336e+00  0.000000e+00
     vertex  6.961331e-01  7.289091e+00  0.000000e+00
   endloop
 endfacet
 facet normal -3.826834e-01  9.238795e-01  0.000000e+00
   outer loop
     vertex  7.258098e-01  7.302336e+00  1.800000e+00
     vertex  7.558342e-01  7.314772e+00  1.800000e+00
     vertex  7.558342e-01  7.314772e+00  0.000000e+00
   endloop
 endfacet
 facet normal -4.075612e-01  9.131779e-01  0.000000e+00
   outer loop
     vertex  6.961331e-01  7.289091e+00  1.800000e+00
     vertex  7.258098e-01  7.302336e+00  1.800000e+00
     vertex  6.961331e-01  7.289091e+00  0.000000e+00
   endloop
 endfacet
 facet normal -4.321400e-01  9.018065e-01  0.000000e+00
   outer loop
     vertex  6.668260e-01  7.275047e+00  1.800000e+00
     vertex  6.961331e-01  7.289091e+00  0.000000e+00
     vertex  6.668260e-01  7.275047e+00  0.000000e+00
   endloop
 endfacet
 facet normal -4.321400e-01  9.018065e-01  0.000000e+00
   outer loop
     vertex  6.668260e-01  7.275047e+00  1.800000e+00
     vertex  6.961331e-01  7.289091e+00  1.800000e+00
     vertex  6.961331e-01  7.289091e+00  0.000000e+00
   endloop
 endfacet
 facet normal -4.564019e-01  8.897737e-01  0.000000e+00
   outer loop
     vertex  6.379099e-01  7.260214e+00  1.800000e+00
     vertex  6.668260e-01  7.275047e+00  0.000000e+00
     vertex  6.379099e-01  7.260214e+00  0.000000e+00
   endloop
 endfacet
 facet normal -4.564019e-01  8.897737e-01  0.000000e+00
   outer loop
     vertex  6.379099e-01  7.260214e+00  1.800000e+00
     vertex  6.668260e-01  7.275047e+00  1.800000e+00
     vertex  6.668260e-01  7.275047e+00  0.000000e+00
   endloop
 endfacet
 facet normal -4.803291e-01  8.770884e-01  0.000000e+00
   outer loop
     vertex  6.094060e-01  7.244605e+00  1.800000e+00
     vertex  6.379099e-01  7.260214e+00  0.000000e+00
     vertex  6.094060e-01  7.244605e+00  0.000000e+00
   endloop
 endfacet
 facet normal -4.803291e-01  8.770884e-01  0.000000e+00
   outer loop
     vertex  6.094060e-01  7.244605e+00  1.800000e+00
     vertex  6.379099e-01  7.260214e+00  1.800000e+00
     vertex  6.379099e-01  7.260214e+00  0.000000e+00
   endloop
 endfacet
 facet normal -5.039039e-01  8.637597e-01  0.000000e+00
   outer loop
     vertex  5.813354e-01  7.228229e+00  1.800000e+00
     vertex  6.094060e-01  7.244605e+00  0.000000e+00
     vertex  5.813354e-01  7.228229e+00  0.000000e+00
   endloop
 endfacet
 facet normal -5.039039e-01  8.637597e-01  0.000000e+00
   outer loop
     vertex  5.813354e-01  7.228229e+00  1.800000e+00
     vertex  6.094060e-01  7.244605e+00  1.800000e+00
     vertex  6.094060e-01  7.244605e+00  0.000000e+00
   endloop
 endfacet
 facet normal -5.271092e-01  8.497975e-01  0.000000e+00
   outer loop
     vertex  5.537184e-01  7.211098e+00  1.800000e+00
     vertex  5.813354e-01  7.228229e+00  1.800000e+00
     vertex  5.813354e-01  7.228229e+00  0.000000e+00
   endloop
 endfacet
 facet normal -5.271092e-01  8.497975e-01  0.000000e+00
   outer loop
     vertex  5.537184e-01  7.211098e+00  1.800000e+00
     vertex  5.813354e-01  7.228229e+00  0.000000e+00
     vertex  5.537184e-01  7.211098e+00  0.000000e+00
   endloop
 endfacet
 facet normal -5.499279e-01  8.352121e-01  0.000000e+00
   outer loop
     vertex  5.265755e-01  7.193227e+00  1.800000e+00
     vertex  5.537184e-01  7.211098e+00  1.800000e+00
     vertex  5.537184e-01  7.211098e+00  0.000000e+00
   endloop
 endfacet
 facet normal -5.499279e-01  8.352121e-01  0.000000e+00
   outer loop
     vertex  5.265755e-01  7.193227e+00  1.800000e+00
     vertex  5.537184e-01  7.211098e+00  0.000000e+00
     vertex  5.265755e-01  7.193227e+00  0.000000e+00
   endloop
 endfacet
 facet normal -5.723433e-01  8.200141e-01  0.000000e+00
   outer loop
     vertex  4.999265e-01  7.174627e+00  1.800000e+00
     vertex  5.265755e-01  7.193227e+00  1.800000e+00
     vertex  5.265755e-01  7.193227e+00  0.000000e+00
   endloop
 endfacet
 facet normal -5.723433e-01  8.200141e-01  0.000000e+00
   outer loop
     vertex  4.999265e-01  7.174627e+00  1.800000e+00
     vertex  5.265755e-01  7.193227e+00  0.000000e+00
     vertex  4.999265e-01  7.174627e+00  0.000000e+00
   endloop
 endfacet
 facet normal -5.943389e-01  8.042147e-01  0.000000e+00
   outer loop
     vertex  4.737909e-01  7.155312e+00  1.800000e+00
     vertex  4.999265e-01  7.174627e+00  1.800000e+00
     vertex  4.999265e-01  7.174627e+00  0.000000e+00
   endloop
 endfacet
 facet normal -5.943389e-01  8.042147e-01  0.000000e+00
   outer loop
     vertex  4.737909e-01  7.155312e+00  1.800000e+00
     vertex  4.999265e-01  7.174627e+00  0.000000e+00
     vertex  4.737909e-01  7.155312e+00  0.000000e+00
   endloop
 endfacet
 facet normal -6.158986e-01  7.878255e-01  0.000000e+00
   outer loop
     vertex  4.481880e-01  7.135296e+00  1.800000e+00
     vertex  4.737909e-01  7.155312e+00  1.800000e+00
     vertex  4.737909e-01  7.155312e+00  0.000000e+00
   endloop
 endfacet
 facet normal -6.158986e-01  7.878255e-01  0.000000e+00
   outer loop
     vertex  4.481880e-01  7.135296e+00  1.800000e+00
     vertex  4.737909e-01  7.155312e+00  0.000000e+00
     vertex  4.481880e-01  7.135296e+00  0.000000e+00
   endloop
 endfacet
 facet normal -6.370065e-01  7.708584e-01  0.000000e+00
   outer loop
     vertex  4.231365e-01  7.114594e+00  1.800000e+00
     vertex  4.481880e-01  7.135296e+00  1.800000e+00
     vertex  4.481880e-01  7.135296e+00  0.000000e+00
   endloop
 endfacet
 facet normal -6.370065e-01  7.708584e-01  0.000000e+00
   outer loop
     vertex  4.231365e-01  7.114594e+00  1.800000e+00
     vertex  4.481880e-01  7.135296e+00  0.000000e+00
     vertex  4.231365e-01  7.114594e+00  0.000000e+00
   endloop
 endfacet
 facet normal -6.576473e-01  7.533260e-01  0.000000e+00
   outer loop
     vertex  3.986547e-01  7.093222e+00  1.800000e+00
     vertex  4.231365e-01  7.114594e+00  1.800000e+00
     vertex  4.231365e-01  7.114594e+00  0.000000e+00
   endloop
 endfacet
 facet normal -6.576473e-01  7.533260e-01  0.000000e+00
   outer loop
     vertex  3.986547e-01  7.093222e+00  1.800000e+00
     vertex  4.231365e-01  7.114594e+00  0.000000e+00
     vertex  3.986547e-01  7.093222e+00  0.000000e+00
   endloop
 endfacet
 facet normal -6.778058e-01  7.352410e-01  0.000000e+00
   outer loop
     vertex  3.747606e-01  7.071195e+00  1.800000e+00
     vertex  3.986547e-01  7.093222e+00  1.800000e+00
     vertex  3.986547e-01  7.093222e+00  0.000000e+00
   endloop
 endfacet
 facet normal -6.778058e-01  7.352410e-01  0.000000e+00
   outer loop
     vertex  3.747606e-01  7.071195e+00  1.800000e+00
     vertex  3.986547e-01  7.093222e+00  0.000000e+00
     vertex  3.747606e-01  7.071195e+00  0.000000e+00
   endloop
 endfacet
 facet normal -6.974671e-01  7.166168e-01  0.000000e+00
   outer loop
     vertex  3.514719e-01  7.048528e+00  1.800000e+00
     vertex  3.747606e-01  7.071195e+00  1.800000e+00
     vertex  3.747606e-01  7.071195e+00  0.000000e+00
   endloop
 endfacet
 facet normal -6.974671e-01  7.166168e-01  0.000000e+00
   outer loop
     vertex  3.514719e-01  7.048528e+00  1.800000e+00
     vertex  3.747606e-01  7.071195e+00  0.000000e+00
     vertex  3.514719e-01  7.048528e+00  0.000000e+00
   endloop
 endfacet
 facet normal -7.166168e-01  6.974671e-01  0.000000e+00
   outer loop
     vertex  3.288054e-01  7.025239e+00  1.800000e+00
     vertex  3.514719e-01  7.048528e+00  1.800000e+00
     vertex  3.514719e-01  7.048528e+00  0.000000e+00
   endloop
 endfacet
 facet normal -7.166168e-01  6.974671e-01  0.000000e+00
   outer loop
     vertex  3.288054e-01  7.025239e+00  1.800000e+00
     vertex  3.514719e-01  7.048528e+00  0.000000e+00
     vertex  3.288054e-01  7.025239e+00  0.000000e+00
   endloop
 endfacet
 facet normal -7.352410e-01  6.778058e-01  0.000000e+00
   outer loop
     vertex  3.067779e-01  7.001345e+00  1.800000e+00
     vertex  3.288054e-01  7.025239e+00  1.800000e+00
     vertex  3.288054e-01  7.025239e+00  0.000000e+00
   endloop
 endfacet
 facet normal -7.352410e-01  6.778058e-01  0.000000e+00
   outer loop
     vertex  3.067779e-01  7.001345e+00  1.800000e+00
     vertex  3.288054e-01  7.025239e+00  0.000000e+00
     vertex  3.067779e-01  7.001345e+00  0.000000e+00
   endloop
 endfacet
 facet normal -7.533260e-01  6.576473e-01  0.000000e+00
   outer loop
     vertex  2.854055e-01  6.976864e+00  1.800000e+00
     vertex  3.067779e-01  7.001345e+00  1.800000e+00
     vertex  3.067779e-01  7.001345e+00  0.000000e+00
   endloop
 endfacet
 facet normal -7.533260e-01  6.576473e-01  0.000000e+00
   outer loop
     vertex  2.854055e-01  6.976864e+00  1.800000e+00
     vertex  3.067779e-01  7.001345e+00  0.000000e+00
     vertex  2.854055e-01  6.976864e+00  0.000000e+00
   endloop
 endfacet
 facet normal -7.708584e-01  6.370065e-01  0.000000e+00
   outer loop
     vertex  2.647039e-01  6.951812e+00  1.800000e+00
     vertex  2.854055e-01  6.976864e+00  1.800000e+00
     vertex  2.854055e-01  6.976864e+00  0.000000e+00
   endloop
 endfacet
 facet normal -7.708584e-01  6.370065e-01  0.000000e+00
   outer loop
     vertex  2.647039e-01  6.951812e+00  1.800000e+00
     vertex  2.854055e-01  6.976864e+00  0.000000e+00
     vertex  2.647039e-01  6.951812e+00  0.000000e+00
   endloop
 endfacet
 facet normal -7.878255e-01  6.158986e-01  0.000000e+00
   outer loop
     vertex  2.446883e-01  6.926209e+00  1.800000e+00
     vertex  2.647039e-01  6.951812e+00  1.800000e+00
     vertex  2.647039e-01  6.951812e+00  0.000000e+00
   endloop
 endfacet
 facet normal -7.878255e-01  6.158986e-01  0.000000e+00
   outer loop
     vertex  2.446883e-01  6.926209e+00  1.800000e+00
     vertex  2.647039e-01  6.951812e+00  0.000000e+00
     vertex  2.446883e-01  6.926209e+00  0.000000e+00
   endloop
 endfacet
 facet normal -8.042147e-01  5.943389e-01  0.000000e+00
   outer loop
     vertex  2.253734e-01  6.900073e+00  1.800000e+00
     vertex  2.446883e-01  6.926209e+00  1.800000e+00
     vertex  2.446883e-01  6.926209e+00  0.000000e+00
   endloop
 endfacet
 facet normal -8.042147e-01  5.943389e-01  0.000000e+00
   outer loop
     vertex  2.253734e-01  6.900073e+00  1.800000e+00
     vertex  2.446883e-01  6.926209e+00  0.000000e+00
     vertex  2.253734e-01  6.900073e+00  0.000000e+00
   endloop
 endfacet
 facet normal -8.200141e-01  5.723433e-01  0.000000e+00
   outer loop
     vertex  2.067732e-01  6.873424e+00  1.800000e+00
     vertex  2.253734e-01  6.900073e+00  1.800000e+00
     vertex  2.253734e-01  6.900073e+00  0.000000e+00
   endloop
 endfacet
 facet normal -8.200141e-01  5.723433e-01  0.000000e+00
   outer loop
     vertex  2.067732e-01  6.873424e+00  1.800000e+00
     vertex  2.253734e-01  6.900073e+00  0.000000e+00
     vertex  2.067732e-01  6.873424e+00  0.000000e+00
   endloop
 endfacet
 facet normal -8.352121e-01  5.499279e-01  0.000000e+00
   outer loop
     vertex  1.889015e-01  6.846282e+00  1.800000e+00
     vertex  2.067732e-01  6.873424e+00  1.800000e+00
     vertex  2.067732e-01  6.873424e+00  0.000000e+00
   endloop
 endfacet
 facet normal -8.352121e-01  5.499279e-01  0.000000e+00
   outer loop
     vertex  1.889015e-01  6.846282e+00  1.800000e+00
     vertex  2.067732e-01  6.873424e+00  0.000000e+00
     vertex  1.889015e-01  6.846282e+00  0.000000e+00
   endloop
 endfacet
 facet normal -8.497975e-01  5.271092e-01  0.000000e+00
   outer loop
     vertex  1.889015e-01  6.846282e+00  1.800000e+00
     vertex  1.889015e-01  6.846282e+00  0.000000e+00
     vertex  1.717714e-01  6.818665e+00  0.000000e+00
   endloop
 endfacet
 facet normal -8.497975e-01  5.271092e-01  0.000000e+00
   outer loop
     vertex  1.717714e-01  6.818665e+00  1.800000e+00
     vertex  1.889015e-01  6.846282e+00  1.800000e+00
     vertex  1.717714e-01  6.818665e+00  0.000000e+00
   endloop
 endfacet
 facet normal -8.637597e-01  5.039039e-01  0.000000e+00
   outer loop
     vertex  1.553954e-01  6.790594e+00  1.800000e+00
     vertex  1.717714e-01  6.818665e+00  1.800000e+00
     vertex  1.717714e-01  6.818665e+00  0.000000e+00
   endloop
 endfacet
 facet normal -8.637597e-01  5.039039e-01  0.000000e+00
   outer loop
     vertex  1.553954e-01  6.790594e+00  1.800000e+00
     vertex  1.717714e-01  6.818665e+00  0.000000e+00
     vertex  1.553954e-01  6.790594e+00  0.000000e+00
   endloop
 endfacet
 facet normal -8.770884e-01  4.803291e-01  0.000000e+00
   outer loop
     vertex  1.397855e-01  6.762090e+00  1.800000e+00
     vertex  1.553954e-01  6.790594e+00  1.800000e+00
     vertex  1.553954e-01  6.790594e+00  0.000000e+00
   endloop
 endfacet
 facet normal -8.770884e-01  4.803291e-01  0.000000e+00
   outer loop
     vertex  1.397855e-01  6.762090e+00  1.800000e+00
     vertex  1.553954e-01  6.790594e+00  0.000000e+00
     vertex  1.397855e-01  6.762090e+00  0.000000e+00
   endloop
 endfacet
 facet normal -9.018065e-01  4.321400e-01  0.000000e+00
   outer loop
     vertex  1.249533e-01  6.733174e+00  1.800000e+00
     vertex  1.249533e-01  6.733174e+00  0.000000e+00
     vertex  1.109095e-01  6.703867e+00  0.000000e+00
   endloop
 endfacet
 facet normal -8.897737e-01  4.564019e-01  0.000000e+00
   outer loop
     vertex  1.249533e-01  6.733174e+00  1.800000e+00
     vertex  1.397855e-01  6.762090e+00  1.800000e+00
     vertex  1.397855e-01  6.762090e+00  0.000000e+00
   endloop
 endfacet
 facet normal -8.897737e-01  4.564019e-01  0.000000e+00
   outer loop
     vertex  1.249533e-01  6.733174e+00  1.800000e+00
     vertex  1.397855e-01  6.762090e+00  0.000000e+00
     vertex  1.249533e-01  6.733174e+00  0.000000e+00
   endloop
 endfacet
 facet normal -9.018065e-01  4.321400e-01  0.000000e+00
   outer loop
     vertex  1.109095e-01  6.703867e+00  1.800000e+00
     vertex  1.249533e-01  6.733174e+00  1.800000e+00
     vertex  1.109095e-01  6.703867e+00  0.000000e+00
   endloop
 endfacet
 facet normal -9.131779e-01  4.075612e-01  0.000000e+00
   outer loop
     vertex  9.766447e-02  6.674190e+00  1.800000e+00
     vertex  1.109095e-01  6.703867e+00  0.000000e+00
     vertex  9.766447e-02  6.674190e+00  0.000000e+00
   endloop
 endfacet
 facet normal -9.131779e-01  4.075612e-01  0.000000e+00
   outer loop
     vertex  9.766447e-02  6.674190e+00  1.800000e+00
     vertex  1.109095e-01  6.703867e+00  1.800000e+00
     vertex  1.109095e-01  6.703867e+00  0.000000e+00
   endloop
 endfacet
 facet normal -9.238795e-01  3.826834e-01  0.000000e+00
   outer loop
     vertex  8.522794e-02  6.644166e+00  1.800000e+00
     vertex  9.766447e-02  6.674190e+00  0.000000e+00
     vertex  8.522794e-02  6.644166e+00  0.000000e+00
   endloop
 endfacet
 facet normal -9.238795e-01  3.826834e-01  0.000000e+00
   outer loop
     vertex  8.522794e-02  6.644166e+00  1.800000e+00
     vertex  9.766447e-02  6.674190e+00  1.800000e+00
     vertex  9.766447e-02  6.674190e+00  0.000000e+00
   endloop
 endfacet
 facet normal -9.339036e-01  3.575250e-01  0.000000e+00
   outer loop
     vertex  7.360900e-02  6.613816e+00  1.800000e+00
     vertex  8.522794e-02  6.644166e+00  1.800000e+00
     vertex  8.522794e-02  6.644166e+00  0.000000e+00
   endloop
 endfacet
 facet normal -9.339036e-01  3.575250e-01  0.000000e+00
   outer loop
     vertex  7.360900e-02  6.613816e+00  1.800000e+00
     vertex  8.522794e-02  6.644166e+00  0.000000e+00
     vertex  7.360900e-02  6.613816e+00  0.000000e+00
   endloop
 endfacet
 facet normal -9.432426e-01  3.321044e-01  0.000000e+00
   outer loop
     vertex  6.281619e-02  6.583162e+00  1.800000e+00
     vertex  7.360900e-02  6.613816e+00  1.800000e+00
     vertex  7.360900e-02  6.613816e+00  0.000000e+00
   endloop
 endfacet
 facet normal -9.432426e-01  3.321044e-01  0.000000e+00
   outer loop
     vertex  6.281619e-02  6.583162e+00  1.800000e+00
     vertex  7.360900e-02  6.613816e+00  0.000000e+00
     vertex  6.281619e-02  6.583162e+00  0.000000e+00
   endloop
 endfacet
 facet normal -9.518899e-01  3.064401e-01  0.000000e+00
   outer loop
     vertex  6.281619e-02  6.583162e+00  1.800000e+00
     vertex  6.281619e-02  6.583162e+00  0.000000e+00
     vertex  5.285743e-02  6.552227e+00  0.000000e+00
   endloop
 endfacet
 facet normal -9.518899e-01  3.064401e-01  0.000000e+00
   outer loop
     vertex  5.285743e-02  6.552227e+00  1.800000e+00
     vertex  6.281619e-02  6.583162e+00  1.800000e+00
     vertex  5.285743e-02  6.552227e+00  0.000000e+00
   endloop
 endfacet
 facet normal -9.598391e-01  2.805512e-01  0.000000e+00
   outer loop
     vertex  4.374001e-02  6.521034e+00  1.800000e+00
     vertex  5.285743e-02  6.552227e+00  0.000000e+00
     vertex  4.374001e-02  6.521034e+00  0.000000e+00
   endloop
 endfacet
 facet normal -9.598391e-01  2.805512e-01  0.000000e+00
   outer loop
     vertex  4.374001e-02  6.521034e+00  1.800000e+00
     vertex  5.285743e-02  6.552227e+00  1.800000e+00
     vertex  5.285743e-02  6.552227e+00  0.000000e+00
   endloop
 endfacet
 facet normal -9.670842e-01  2.544564e-01  0.000000e+00
   outer loop
     vertex  3.547062e-02  6.489605e+00  1.800000e+00
     vertex  4.374001e-02  6.521034e+00  0.000000e+00
     vertex  3.547062e-02  6.489605e+00  0.000000e+00
   endloop
 endfacet
 facet normal -9.736201e-01  2.281751e-01  0.000000e+00
   outer loop
     vertex  3.547062e-02  6.489605e+00  1.800000e+00
     vertex  3.547062e-02  6.489605e+00  0.000000e+00
     vertex  2.805533e-02  6.457965e+00  0.000000e+00
   endloop
 endfacet
 facet normal -9.670842e-01  2.544564e-01  0.000000e+00
   outer loop
     vertex  3.547062e-02  6.489605e+00  1.800000e+00
     vertex  4.374001e-02  6.521034e+00  1.800000e+00
     vertex  4.374001e-02  6.521034e+00  0.000000e+00
   endloop
 endfacet
 facet normal -9.736201e-01  2.281751e-01  0.000000e+00
   outer loop
     vertex  2.805533e-02  6.457965e+00  1.800000e+00
     vertex  3.547062e-02  6.489605e+00  1.800000e+00
     vertex  2.805533e-02  6.457965e+00  0.000000e+00
   endloop
 endfacet
 facet normal -9.794419e-01  2.017264e-01  0.000000e+00
   outer loop
     vertex  2.149958e-02  6.426134e+00  1.800000e+00
     vertex  2.805533e-02  6.457965e+00  0.000000e+00
     vertex  2.149958e-02  6.426134e+00  0.000000e+00
   endloop
 endfacet
 facet normal -9.794419e-01  2.017264e-01  0.000000e+00
   outer loop
     vertex  2.149958e-02  6.426134e+00  1.800000e+00
     vertex  2.805533e-02  6.457965e+00  1.800000e+00
     vertex  2.805533e-02  6.457965e+00  0.000000e+00
   endloop
 endfacet
 facet normal -9.845454e-01  1.751297e-01  0.000000e+00
   outer loop
     vertex  1.580817e-02  6.394138e+00  1.800000e+00
     vertex  2.149958e-02  6.426134e+00  0.000000e+00
     vertex  1.580817e-02  6.394138e+00  0.000000e+00
   endloop
 endfacet
 facet normal -9.845454e-01  1.751297e-01  0.000000e+00
   outer loop
     vertex  1.580817e-02  6.394138e+00  1.800000e+00
     vertex  2.149958e-02  6.426134e+00  1.800000e+00
     vertex  2.149958e-02  6.426134e+00  0.000000e+00
   endloop
 endfacet
 facet normal -9.889267e-01  1.484046e-01  0.000000e+00
   outer loop
     vertex  1.098528e-02  6.362000e+00  1.800000e+00
     vertex  1.580817e-02  6.394138e+00  0.000000e+00
     vertex  1.098528e-02  6.362000e+00  0.000000e+00
   endloop
 endfacet
 facet normal -9.925828e-01  1.215707e-01  0.000000e+00
   outer loop
     vertex  1.098528e-02  6.362000e+00  1.800000e+00
     vertex  1.098528e-02  6.362000e+00  0.000000e+00
     vertex  7.034451e-03  6.329743e+00  0.000000e+00
   endloop
 endfacet
 facet normal -9.889267e-01  1.484046e-01  0.000000e+00
   outer loop
     vertex  1.098528e-02  6.362000e+00  1.800000e+00
     vertex  1.580817e-02  6.394138e+00  1.800000e+00
     vertex  1.580817e-02  6.394138e+00  0.000000e+00
   endloop
 endfacet
 facet normal -9.955108e-01  9.464755e-02  0.000000e+00
   outer loop
     vertex  7.034451e-03  6.329743e+00  1.800000e+00
     vertex  7.034451e-03  6.329743e+00  0.000000e+00
     vertex  3.958573e-03  6.297390e+00  0.000000e+00
   endloop
 endfacet
 facet normal -9.925828e-01  1.215707e-01  0.000000e+00
   outer loop
     vertex  7.034451e-03  6.329743e+00  1.800000e+00
     vertex  1.098528e-02  6.362000e+00  1.800000e+00
     vertex  7.034451e-03  6.329743e+00  0.000000e+00
   endloop
 endfacet
 facet normal -9.955108e-01  9.464755e-02  0.000000e+00
   outer loop
     vertex  3.958573e-03  6.297390e+00  1.800000e+00
     vertex  7.034451e-03  6.329743e+00  1.800000e+00
     vertex  3.958573e-03  6.297390e+00  0.000000e+00
   endloop
 endfacet
 facet normal -9.977088e-01  6.765502e-02  0.000000e+00
   outer loop
     vertex  1.759903e-03  6.264967e+00  1.800000e+00
     vertex  3.958573e-03  6.297390e+00  0.000000e+00
     vertex  1.759903e-03  6.264967e+00  0.000000e+00
   endloop
 endfacet
 facet normal -9.977088e-01  6.765502e-02  0.000000e+00
   outer loop
     vertex  1.759903e-03  6.264967e+00  1.800000e+00
     vertex  3.958573e-03  6.297390e+00  1.800000e+00
     vertex  3.958573e-03  6.297390e+00  0.000000e+00
   endloop
 endfacet
 facet normal -9.991750e-01  4.061287e-02  0.000000e+00
   outer loop
     vertex  4.400565e-04  6.232495e+00  1.800000e+00
     vertex  1.759903e-03  6.264967e+00  0.000000e+00
     vertex  4.400565e-04  6.232495e+00  0.000000e+00
   endloop
 endfacet
 facet normal -9.999083e-01  1.354093e-02  0.000000e+00
   outer loop
     vertex  4.400565e-04  6.232495e+00  1.800000e+00
     vertex  4.400565e-04  6.232495e+00  0.000000e+00
     vertex  0.000000e+00  6.200000e+00  0.000000e+00
   endloop
 endfacet
 facet normal -9.991750e-01  4.061287e-02  0.000000e+00
   outer loop
     vertex  4.400565e-04  6.232495e+00  1.800000e+00
     vertex  1.759903e-03  6.264967e+00  1.800000e+00
     vertex  1.759903e-03  6.264967e+00  0.000000e+00
   endloop
 endfacet
 facet normal -9.999083e-01  1.354093e-02  0.000000e+00
   outer loop
     vertex  0.000000e+00  6.200000e+00  1.800000e+00
     vertex  4.400565e-04  6.232495e+00  1.800000e+00
     vertex  0.000000e+00  6.200000e+00  0.000000e+00
   endloop
 endfacet
 facet normal  0.000000e+00  1.000000e+00  0.000000e+00
   outer loop
     vertex  7.080000e+01  7.400000e+00  1.800000e+00
     vertex  7.080000e+01  7.400000e+00  0.000000e+00
     vertex  1.200000e+00  7.400000e+00  0.000000e+00
   endloop
 endfacet
 facet normal  0.000000e+00  1.000000e+00  0.000000e+00
   outer loop
     vertex  7.080000e+01  7.400000e+00  1.800000e+00
     vertex  1.200000e+00  7.400000e+00  0.000000e+00
     vertex  1.200000e+00  7.400000e+00  1.800000e+00
   endloop
 endfacet
 facet normal  1.000000e+00  0.000000e+00  0.000000e+00
   outer loop
     vertex  7.200000e+01  1.200000e+00  1.800000e+00
     vertex  7.200000e+01  1.200000e+00  0.000000e+00
     vertex  7.200000e+01  6.200000e+00  0.000000e+00
   endloop
 endfacet
 facet normal  1.000000e+00 -0.000000e+00  0.000000e+00
   outer loop
     vertex  7.200000e+01  1.200000e+00  1.800000e+00
     vertex  7.200000e+01  6.200000e+00  0.000000e+00
     vertex  7.200000e+01  6.200000e+00  1.800000e+00
   endloop
 endfacet
 facet normal  9.999083e-01  1.354093e-02  0.000000e+00
   outer loop
     vertex  7.199956e+01  6.232495e+00  1.800000e+00
     vertex  7.200000e+01  6.200000e+00  1.800000e+00
     vertex  7.200000e+01  6.200000e+00  0.000000e+00
   endloop
 endfacet
 facet normal  9.999083e-01  1.354093e-02  0.000000e+00
   outer loop
     vertex  7.199956e+01  6.232495e+00  1.800000e+00
     vertex  7.200000e+01  6.200000e+00  0.000000e+00
     vertex  7.199956e+01  6.232495e+00  0.000000e+00
   endloop
 endfacet
 facet normal  9.991750e-01  4.061287e-02  0.000000e+00
   outer loop
     vertex  7.199824e+01  6.264967e+00  1.800000e+00
     vertex  7.199956e+01  6.232495e+00  1.800000e+00
     vertex  7.199956e+01  6.232495e+00  0.000000e+00
   endloop
 endfacet
 facet normal  9.991750e-01  4.061287e-02  0.000000e+00
   outer loop
     vertex  7.199824e+01  6.264967e+00  1.800000e+00
     vertex  7.199956e+01  6.232495e+00  0.000000e+00
     vertex  7.199824e+01  6.264967e+00  0.000000e+00
   endloop
 endfacet
 facet normal  9.977088e-01  6.765502e-02  0.000000e+00
   outer loop
     vertex  7.199604e+01  6.297390e+00  1.800000e+00
     vertex  7.199824e+01  6.264967e+00  1.800000e+00
     vertex  7.199824e+01  6.264967e+00  0.000000e+00
   endloop
 endfacet
 facet normal  9.977088e-01  6.765502e-02  0.000000e+00
   outer loop
     vertex  7.199604e+01  6.297390e+00  1.800000e+00
     vertex  7.199824e+01  6.264967e+00  0.000000e+00
     vertex  7.199604e+01  6.297390e+00  0.000000e+00
   endloop
 endfacet
 facet normal  9.955108e-01  9.464755e-02  0.000000e+00
   outer loop
     vertex  7.199297e+01  6.329743e+00  1.800000e+00
     vertex  7.199604e+01  6.297390e+00  1.800000e+00
     vertex  7.199604e+01  6.297390e+00  0.000000e+00
   endloop
 endfacet
 facet normal  9.955108e-01  9.464755e-02  0.000000e+00
   outer loop
     vertex  7.199297e+01  6.329743e+00  1.800000e+00
     vertex  7.199604e+01  6.297390e+00  0.000000e+00
     vertex  7.199297e+01  6.329743e+00  0.000000e+00
   endloop
 endfacet
 facet normal  9.925828e-01  1.215707e-01  0.000000e+00
   outer loop
     vertex  7.198901e+01  6.362000e+00  1.800000e+00
     vertex  7.199297e+01  6.329743e+00  1.800000e+00
     vertex  7.199297e+01  6.329743e+00  0.000000e+00
   endloop
 endfacet
 facet normal  9.925828e-01  1.215707e-01  0.000000e+00
   outer loop
     vertex  7.198901e+01  6.362000e+00  1.800000e+00
     vertex  7.199297e+01  6.329743e+00  0.000000e+00
     vertex  7.198901e+01  6.362000e+00  0.000000e+00
   endloop
 endfacet
 facet normal  9.889267e-01  1.484046e-01  0.000000e+00
   outer loop
     vertex  7.198419e+01  6.394138e+00  1.800000e+00
     vertex  7.198901e+01  6.362000e+00  1.800000e+00
     vertex  7.198901e+01  6.362000e+00  0.000000e+00
   endloop
 endfacet
 facet normal  9.889267e-01  1.484046e-01  0.000000e+00
   outer loop
     vertex  7.198419e+01  6.394138e+00  1.800000e+00
     vertex  7.198901e+01  6.362000e+00  0.000000e+00
     vertex  7.198419e+01  6.394138e+00  0.000000e+00
   endloop
 endfacet
 facet normal  9.845454e-01  1.751297e-01  0.000000e+00
   outer loop
     vertex  7.197850e+01  6.426134e+00  1.800000e+00
     vertex  7.198419e+01  6.394138e+00  1.800000e+00
     vertex  7.198419e+01  6.394138e+00  0.000000e+00
   endloop
 endfacet
 facet normal  9.845454e-01  1.751297e-01  0.000000e+00
   outer loop
     vertex  7.197850e+01  6.426134e+00  1.800000e+00
     vertex  7.198419e+01  6.394138e+00  0.000000e+00
     vertex  7.197850e+01  6.426134e+00  0.000000e+00
   endloop
 endfacet
 facet normal  9.794419e-01  2.017264e-01  0.000000e+00
   outer loop
     vertex  7.197194e+01  6.457965e+00  1.800000e+00
     vertex  7.197850e+01  6.426134e+00  1.800000e+00
     vertex  7.197850e+01  6.426134e+00  0.000000e+00
   endloop
 endfacet
 facet normal  9.794419e-01  2.017264e-01  0.000000e+00
   outer loop
     vertex  7.197194e+01  6.457965e+00  1.800000e+00
     vertex  7.197850e+01  6.426134e+00  0.000000e+00
     vertex  7.197194e+01  6.457965e+00  0.000000e+00
   endloop
 endfacet
 facet normal  9.736201e-01  2.281751e-01  0.000000e+00
   outer loop
     vertex  7.196453e+01  6.489605e+00  1.800000e+00
     vertex  7.197194e+01  6.457965e+00  1.800000e+00
     vertex  7.197194e+01  6.457965e+00  0.000000e+00
   endloop
 endfacet
 facet normal  9.736201e-01  2.281751e-01  0.000000e+00
   outer loop
     vertex  7.196453e+01  6.489605e+00  1.800000e+00
     vertex  7.197194e+01  6.457965e+00  0.000000e+00
     vertex  7.196453e+01  6.489605e+00  0.000000e+00
   endloop
 endfacet
 facet normal  9.670842e-01  2.544564e-01  0.000000e+00
   outer loop
     vertex  7.195626e+01  6.521034e+00  1.800000e+00
     vertex  7.196453e+01  6.489605e+00  1.800000e+00
     vertex  7.196453e+01  6.489605e+00  0.000000e+00
   endloop
 endfacet
 facet normal  9.670842e-01  2.544564e-01  0.000000e+00
   outer loop
     vertex  7.195626e+01  6.521034e+00  1.800000e+00
     vertex  7.196453e+01  6.489605e+00  0.000000e+00
     vertex  7.195626e+01  6.521034e+00  0.000000e+00
   endloop
 endfacet
 facet normal  9.598391e-01  2.805512e-01  0.000000e+00
   outer loop
     vertex  7.195626e+01  6.521034e+00  1.800000e+00
     vertex  7.195626e+01  6.521034e+00  0.000000e+00
     vertex  7.194714e+01  6.552227e+00  0.000000e+00
   endloop
 endfacet
 facet normal  9.598391e-01  2.805512e-01  0.000000e+00
   outer loop
     vertex  7.194714e+01  6.552227e+00  1.800000e+00
     vertex  7.195626e+01  6.521034e+00  1.800000e+00
     vertex  7.194714e+01  6.552227e+00  0.000000e+00
   endloop
 endfacet
 facet normal  9.518899e-01  3.064401e-01  0.000000e+00
   outer loop
     vertex  7.193718e+01  6.583162e+00  1.800000e+00
     vertex  7.194714e+01  6.552227e+00  1.800000e+00
     vertex  7.194714e+01  6.552227e+00  0.000000e+00
   endloop
 endfacet
 facet normal  9.518899e-01  3.064401e-01  0.000000e+00
   outer loop
     vertex  7.193718e+01  6.583162e+00  1.800000e+00
     vertex  7.194714e+01  6.552227e+00  0.000000e+00
     vertex  7.193718e+01  6.583162e+00  0.000000e+00
   endloop
 endfacet
 facet normal  9.432426e-01  3.321044e-01  0.000000e+00
   outer loop
     vertex  7.193718e+01  6.583162e+00  1.800000e+00
     vertex  7.193718e+01  6.583162e+00  0.000000e+00
     vertex  7.192639e+01  6.613816e+00  0.000000e+00
   endloop
 endfacet
 facet normal  9.432426e-01  3.321044e-01  0.000000e+00
   outer loop
     vertex  7.192639e+01  6.613816e+00  1.800000e+00
     vertex  7.193718e+01  6.583162e+00  1.800000e+00
     vertex  7.192639e+01  6.613816e+00  0.000000e+00
   endloop
 endfacet
 facet normal  9.339036e-01  3.575250e-01  0.000000e+00
   outer loop
     vertex  7.191477e+01  6.644166e+00  1.800000e+00
     vertex  7.192639e+01  6.613816e+00  0.000000e+00
     vertex  7.191477e+01  6.644166e+00  0.000000e+00
   endloop
 endfacet
 facet normal  9.339036e-01  3.575250e-01  0.000000e+00
   outer loop
     vertex  7.191477e+01  6.644166e+00  1.800000e+00
     vertex  7.192639e+01  6.613816e+00  1.800000e+00
     vertex  7.192639e+01  6.613816e+00  0.000000e+00
   endloop
 endfacet
 facet normal  9.238795e-01  3.826834e-01  0.000000e+00
   outer loop
     vertex  7.190234e+01  6.674190e+00  1.800000e+00
     vertex  7.191477e+01  6.644166e+00  0.000000e+00
     vertex  7.190234e+01  6.674190e+00  0.000000e+00
   endloop
 endfacet
 facet normal  9.238795e-01  3.826834e-01  0.000000e+00
   outer loop
     vertex  7.190234e+01  6.674190e+00  1.800000e+00
     vertex  7.191477e+01  6.644166e+00  1.800000e+00
     vertex  7.191477e+01  6.644166e+00  0.000000e+00
   endloop
 endfacet
 facet normal  9.131779e-01  4.075612e-01  0.000000e+00
   outer loop
     vertex  7.188909e+01  6.703867e+00  1.800000e+00
     vertex  7.190234e+01  6.674190e+00  0.000000e+00
     vertex  7.188909e+01  6.703867e+00  0.000000e+00
   endloop
 endfacet
 facet normal  9.131779e-01  4.075612e-01  0.000000e+00
   outer loop
     vertex  7.188909e+01  6.703867e+00  1.800000e+00
     vertex  7.190234e+01  6.674190e+00  1.800000e+00
     vertex  7.190234e+01  6.674190e+00  0.000000e+00
   endloop
 endfacet
 facet normal  9.018065e-01  4.321400e-01  0.000000e+00
   outer loop
     vertex  7.187505e+01  6.733174e+00  1.800000e+00
     vertex  7.188909e+01  6.703867e+00  0.000000e+00
     vertex  7.187505e+01  6.733174e+00  0.000000e+00
   endloop
 endfacet
 facet normal  9.018065e-01  4.321400e-01  0.000000e+00
   outer loop
     vertex  7.187505e+01  6.733174e+00  1.800000e+00
     vertex  7.188909e+01  6.703867e+00  1.800000e+00
     vertex  7.188909e+01  6.703867e+00  0.000000e+00
   endloop
 endfacet
 facet normal  8.897737e-01  4.564019e-01  0.000000e+00
   outer loop
     vertex  7.186021e+01  6.762090e+00  1.800000e+00
     vertex  7.187505e+01  6.733174e+00  0.000000e+00
     vertex  7.186021e+01  6.762090e+00  0.000000e+00
   endloop
 endfacet
 facet normal  8.897737e-01  4.564019e-01  0.000000e+00
   outer loop
     vertex  7.186021e+01  6.762090e+00  1.800000e+00
     vertex  7.187505e+01  6.733174e+00  1.800000e+00
     vertex  7.187505e+01  6.733174e+00  0.000000e+00
   endloop
 endfacet
 facet normal  8.770884e-01  4.803291e-01  0.000000e+00
   outer loop
     vertex  7.184460e+01  6.790594e+00  1.800000e+00
     vertex  7.186021e+01  6.762090e+00  0.000000e+00
     vertex  7.184460e+01  6.790594e+00  0.000000e+00
   endloop
 endfacet
 facet normal  8.770884e-01  4.803291e-01  0.000000e+00
   outer loop
     vertex  7.184460e+01  6.790594e+00  1.800000e+00
     vertex  7.186021e+01  6.762090e+00  1.800000e+00
     vertex  7.186021e+01  6.762090e+00  0.000000e+00
   endloop
 endfacet
 facet normal  8.637597e-01  5.039039e-01  0.000000e+00
   outer loop
     vertex  7.182823e+01  6.818665e+00  1.800000e+00
     vertex  7.184460e+01  6.790594e+00  1.800000e+00
     vertex  7.184460e+01  6.790594e+00  0.000000e+00
   endloop
 endfacet
 facet normal  8.637597e-01  5.039039e-01  0.000000e+00
   outer loop
     vertex  7.182823e+01  6.818665e+00  1.800000e+00
     vertex  7.184460e+01  6.790594e+00  0.000000e+00
     vertex  7.182823e+01  6.818665e+00  0.000000e+00
   endloop
 endfacet
 facet normal  8.497975e-01  5.271092e-01  0.000000e+00
   outer loop
     vertex  7.181110e+01  6.846282e+00  1.800000e+00
     vertex  7.182823e+01  6.818665e+00  1.800000e+00
     vertex  7.182823e+01  6.818665e+00  0.000000e+00
   endloop
 endfacet
 facet normal  8.497975e-01  5.271092e-01  0.000000e+00
   outer loop
     vertex  7.181110e+01  6.846282e+00  1.800000e+00
     vertex  7.182823e+01  6.818665e+00  0.000000e+00
     vertex  7.181110e+01  6.846282e+00  0.000000e+00
   endloop
 endfacet
 facet normal  8.352121e-01  5.499279e-01  0.000000e+00
   outer loop
     vertex  7.181110e+01  6.846282e+00  1.800000e+00
     vertex  7.181110e+01  6.846282e+00  0.000000e+00
     vertex  7.179323e+01  6.873424e+00  0.000000e+00
   endloop
 endfacet
 facet normal  8.352121e-01  5.499279e-01  0.000000e+00
   outer loop
     vertex  7.179323e+01  6.873424e+00  1.800000e+00
     vertex  7.181110e+01  6.846282e+00  1.800000e+00
     vertex  7.179323e+01  6.873424e+00  0.000000e+00
   endloop
 endfacet
 facet normal  8.200141e-01  5.723433e-01  0.000000e+00
   outer loop
     vertex  7.179323e+01  6.873424e+00  1.800000e+00
     vertex  7.179323e+01  6.873424e+00  0.000000e+00
     vertex  7.177463e+01  6.900073e+00  0.000000e+00
   endloop
 endfacet
 facet normal  8.200141e-01  5.723433e-01  0.000000e+00
   outer loop
     vertex  7.177463e+01  6.900073e+00  1.800000e+00
     vertex  7.179323e+01  6.873424e+00  1.800000e+00
     vertex  7.177463e+01  6.900073e+00  0.000000e+00
   endloop
 endfacet
 facet normal  8.042147e-01  5.943389e-01  0.000000e+00
   outer loop
     vertex  7.175531e+01  6.926209e+00  1.800000e+00
     vertex  7.177463e+01  6.900073e+00  1.800000e+00
     vertex  7.177463e+01  6.900073e+00  0.000000e+00
   endloop
 endfacet
 facet normal  8.042147e-01  5.943389e-01  0.000000e+00
   outer loop
     vertex  7.175531e+01  6.926209e+00  1.800000e+00
     vertex  7.177463e+01  6.900073e+00  0.000000e+00
     vertex  7.175531e+01  6.926209e+00  0.000000e+00
   endloop
 endfacet
 facet normal  7.878255e-01  6.158986e-01  0.000000e+00
   outer loop
     vertex  7.173530e+01  6.951812e+00  1.800000e+00
     vertex  7.175531e+01  6.926209e+00  1.800000e+00
     vertex  7.175531e+01  6.926209e+00  0.000000e+00
   endloop
 endfacet
 facet normal  7.878255e-01  6.158986e-01  0.000000e+00
   outer loop
     vertex  7.173530e+01  6.951812e+00  1.800000e+00
     vertex  7.175531e+01  6.926209e+00  0.000000e+00
     vertex  7.173530e+01  6.951812e+00  0.000000e+00
   endloop
 endfacet
 facet normal  7.708584e-01  6.370065e-01  0.000000e+00
   outer loop
     vertex  7.171459e+01  6.976864e+00  1.800000e+00
     vertex  7.173530e+01  6.951812e+00  1.800000e+00
     vertex  7.173530e+01  6.951812e+00  0.000000e+00
   endloop
 endfacet
 facet normal  7.708584e-01  6.370065e-01  0.000000e+00
   outer loop
     vertex  7.171459e+01  6.976864e+00  1.800000e+00
     vertex  7.173530e+01  6.951812e+00  0.000000e+00
     vertex  7.171459e+01  6.976864e+00  0.000000e+00
   endloop
 endfacet
 facet normal  7.533260e-01  6.576473e-01  0.000000e+00
   outer loop
     vertex  7.169322e+01  7.001345e+00  1.800000e+00
     vertex  7.171459e+01  6.976864e+00  1.800000e+00
     vertex  7.171459e+01  6.976864e+00  0.000000e+00
   endloop
 endfacet
 facet normal  7.533260e-01  6.576473e-01  0.000000e+00
   outer loop
     vertex  7.169322e+01  7.001345e+00  1.800000e+00
     vertex  7.171459e+01  6.976864e+00  0.000000e+00
     vertex  7.169322e+01  7.001345e+00  0.000000e+00
   endloop
 endfacet
 facet normal  7.352410e-01  6.778058e-01  0.000000e+00
   outer loop
     vertex  7.167119e+01  7.025239e+00  1.800000e+00
     vertex  7.169322e+01  7.001345e+00  1.800000e+00
     vertex  7.169322e+01  7.001345e+00  0.000000e+00
   endloop
 endfacet
 facet normal  7.352410e-01  6.778058e-01  0.000000e+00
   outer loop
     vertex  7.167119e+01  7.025239e+00  1.800000e+00
     vertex  7.169322e+01  7.001345e+00  0.000000e+00
     vertex  7.167119e+01  7.025239e+00  0.000000e+00
   endloop
 endfacet
 facet normal  7.166168e-01  6.974671e-01  0.000000e+00
   outer loop
     vertex  7.164853e+01  7.048528e+00  1.800000e+00
     vertex  7.167119e+01  7.025239e+00  1.800000e+00
     vertex  7.167119e+01  7.025239e+00  0.000000e+00
   endloop
 endfacet
 facet normal  7.166168e-01  6.974671e-01  0.000000e+00
   outer loop
     vertex  7.164853e+01  7.048528e+00  1.800000e+00
     vertex  7.167119e+01  7.025239e+00  0.000000e+00
     vertex  7.164853e+01  7.048528e+00  0.000000e+00
   endloop
 endfacet
 facet normal  6.974671e-01  7.166168e-01  0.000000e+00
   outer loop
     vertex  7.162524e+01  7.071195e+00  1.800000e+00
     vertex  7.164853e+01  7.048528e+00  1.800000e+00
     vertex  7.164853e+01  7.048528e+00  0.000000e+00
   endloop
 endfacet
 facet normal  6.974671e-01  7.166168e-01  0.000000e+00
   outer loop
     vertex  7.162524e+01  7.071195e+00  1.800000e+00
     vertex  7.164853e+01  7.048528e+00  0.000000e+00
     vertex  7.162524e+01  7.071195e+00  0.000000e+00
   endloop
 endfacet
 facet normal  6.778058e-01  7.352410e-01  0.000000e+00
   outer loop
     vertex  7.160135e+01  7.093222e+00  1.800000e+00
     vertex  7.162524e+01  7.071195e+00  1.800000e+00
     vertex  7.162524e+01  7.071195e+00  0.000000e+00
   endloop
 endfacet
 facet normal  6.778058e-01  7.352410e-01  0.000000e+00
   outer loop
     vertex  7.160135e+01  7.093222e+00  1.800000e+00
     vertex  7.162524e+01  7.071195e+00  0.000000e+00
     vertex  7.160135e+01  7.093222e+00  0.000000e+00
   endloop
 endfacet
 facet normal  6.576473e-01  7.533260e-01  0.000000e+00
   outer loop
     vertex  7.157686e+01  7.114594e+00  1.800000e+00
     vertex  7.160135e+01  7.093222e+00  1.800000e+00
     vertex  7.160135e+01  7.093222e+00  0.000000e+00
   endloop
 endfacet
 facet normal  6.576473e-01  7.533260e-01  0.000000e+00
   outer loop
     vertex  7.157686e+01  7.114594e+00  1.800000e+00
     vertex  7.160135e+01  7.093222e+00  0.000000e+00
     vertex  7.157686e+01  7.114594e+00  0.000000e+00
   endloop
 endfacet
 facet normal  6.370065e-01  7.708584e-01  0.000000e+00
   outer loop
     vertex  7.155181e+01  7.135296e+00  1.800000e+00
     vertex  7.157686e+01  7.114594e+00  1.800000e+00
     vertex  7.157686e+01  7.114594e+00  0.000000e+00
   endloop
 endfacet
 facet normal  6.370065e-01  7.708584e-01  0.000000e+00
   outer loop
     vertex  7.155181e+01  7.135296e+00  1.800000e+00
     vertex  7.157686e+01  7.114594e+00  0.000000e+00
     vertex  7.155181e+01  7.135296e+00  0.000000e+00
   endloop
 endfacet
 facet normal  6.158986e-01  7.878255e-01  0.000000e+00
   outer loop
     vertex  7.152621e+01  7.155312e+00  1.800000e+00
     vertex  7.155181e+01  7.135296e+00  1.800000e+00
     vertex  7.155181e+01  7.135296e+00  0.000000e+00
   endloop
 endfacet
 facet normal  6.158986e-01  7.878255e-01  0.000000e+00
   outer loop
     vertex  7.152621e+01  7.155312e+00  1.800000e+00
     vertex  7.155181e+01  7.135296e+00  0.000000e+00
     vertex  7.152621e+01  7.155312e+00  0.000000e+00
   endloop
 endfacet
 facet normal  5.943389e-01  8.042147e-01  0.000000e+00
   outer loop
     vertex  7.150007e+01  7.174627e+00  1.800000e+00
     vertex  7.152621e+01  7.155312e+00  1.800000e+00
     vertex  7.152621e+01  7.155312e+00  0.000000e+00
   endloop
 endfacet
 facet normal  5.943389e-01  8.042147e-01  0.000000e+00
   outer loop
     vertex  7.150007e+01  7.174627e+00  1.800000e+00
     vertex  7.152621e+01  7.155312e+00  0.000000e+00
     vertex  7.150007e+01  7.174627e+00  0.000000e+00
   endloop
 endfacet
 facet normal  5.723433e-01  8.200141e-01  0.000000e+00
   outer loop
     vertex  7.147342e+01  7.193227e+00  1.800000e+00
     vertex  7.150007e+01  7.174627e+00  1.800000e+00
     vertex  7.150007e+01  7.174627e+00  0.000000e+00
   endloop
 endfacet
 facet normal  5.723433e-01  8.200141e-01  0.000000e+00
   outer loop
     vertex  7.147342e+01  7.193227e+00  1.800000e+00
     vertex  7.150007e+01  7.174627e+00  0.000000e+00
     vertex  7.147342e+01  7.193227e+00  0.000000e+00
   endloop
 endfacet
 facet normal  5.499279e-01  8.352121e-01  0.000000e+00
   outer loop
     vertex  7.144628e+01  7.211098e+00  1.800000e+00
     vertex  7.147342e+01  7.193227e+00  1.800000e+00
     vertex  7.147342e+01  7.193227e+00  0.000000e+00
   endloop
 endfacet
 facet normal  5.499279e-01  8.352121e-01  0.000000e+00
   outer loop
     vertex  7.144628e+01  7.211098e+00  1.800000e+00
     vertex  7.147342e+01  7.193227e+00  0.000000e+00
     vertex  7.144628e+01  7.211098e+00  0.000000e+00
   endloop
 endfacet
 facet normal  5.271092e-01  8.497975e-01  0.000000e+00
   outer loop
     vertex  7.141866e+01  7.228229e+00  1.800000e+00
     vertex  7.144628e+01  7.211098e+00  1.800000e+00
     vertex  7.144628e+01  7.211098e+00  0.000000e+00
   endloop
 endfacet
 facet normal  5.271092e-01  8.497975e-01  0.000000e+00
   outer loop
     vertex  7.141866e+01  7.228229e+00  1.800000e+00
     vertex  7.144628e+01  7.211098e+00  0.000000e+00
     vertex  7.141866e+01  7.228229e+00  0.000000e+00
   endloop
 endfacet
 facet normal  5.039039e-01  8.637597e-01  0.000000e+00
   outer loop
     vertex  7.139059e+01  7.244605e+00  1.800000e+00
     vertex  7.141866e+01  7.228229e+00  1.800000e+00
     vertex  7.141866e+01  7.228229e+00  0.000000e+00
   endloop
 endfacet
 facet normal  5.039039e-01  8.637597e-01  0.000000e+00
   outer loop
     vertex  7.139059e+01  7.244605e+00  1.800000e+00
     vertex  7.141866e+01  7.228229e+00  0.000000e+00
     vertex  7.139059e+01  7.244605e+00  0.000000e+00
   endloop
 endfacet
 facet normal  4.803291e-01  8.770884e-01  0.000000e+00
   outer loop
     vertex  7.136209e+01  7.260214e+00  1.800000e+00
     vertex  7.139059e+01  7.244605e+00  1.800000e+00
     vertex  7.139059e+01  7.244605e+00  0.000000e+00
   endloop
 endfacet
 facet normal  4.803291e-01  8.770884e-01  0.000000e+00
   outer loop
     vertex  7.136209e+01  7.260214e+00  1.800000e+00
     vertex  7.139059e+01  7.244605e+00  0.000000e+00
     vertex  7.136209e+01  7.260214e+00  0.000000e+00
   endloop
 endfacet
 facet normal  4.564019e-01  8.897737e-01  0.000000e+00
   outer loop
     vertex  7.136209e+01  7.260214e+00  1.800000e+00
     vertex  7.136209e+01  7.260214e+00  0.000000e+00
     vertex  7.133317e+01  7.275047e+00  0.000000e+00
   endloop
 endfacet
 facet normal  4.564019e-01  8.897737e-01  0.000000e+00
   outer loop
     vertex  7.133317e+01  7.275047e+00  1.800000e+00
     vertex  7.136209e+01  7.260214e+00  1.800000e+00
     vertex  7.133317e+01  7.275047e+00  0.000000e+00
   endloop
 endfacet
 facet normal  4.321400e-01  9.018065e-01  0.000000e+00
   outer loop
     vertex  7.130387e+01  7.289091e+00  1.800000e+00
     vertex  7.133317e+01  7.275047e+00  0.000000e+00
     vertex  7.130387e+01  7.289091e+00  0.000000e+00
   endloop
 endfacet
 facet normal  4.321400e-01  9.018065e-01  0.000000e+00
   outer loop
     vertex  7.130387e+01  7.289091e+00  1.800000e+00
     vertex  7.133317e+01  7.275047e+00  1.800000e+00
     vertex  7.133317e+01  7.275047e+00  0.000000e+00
   endloop
 endfacet
 facet normal  4.075612e-01  9.131779e-01  0.000000e+00
   outer loop
     vertex  7.127419e+01  7.302336e+00  1.800000e+00
     vertex  7.130387e+01  7.289091e+00  0.000000e+00
     vertex  7.127419e+01  7.302336e+00  0.000000e+00
   endloop
 endfacet
 facet normal  4.075612e-01  9.131779e-01  0.000000e+00
   outer loop
     vertex  7.127419e+01  7.302336e+00  1.800000e+00
     vertex  7.130387e+01  7.289091e+00  1.800000e+00
     vertex  7.130387e+01  7.289091e+00  0.000000e+00
   endloop
 endfacet
 facet normal  3.826834e-01  9.238795e-01  0.000000e+00
   outer loop
     vertex  7.124417e+01  7.314772e+00  1.800000e+00
     vertex  7.127419e+01  7.302336e+00  0.000000e+00
     vertex  7.124417e+01  7.314772e+00  0.000000e+00
   endloop
 endfacet
 facet normal  3.826834e-01  9.238795e-01  0.000000e+00
   outer loop
     vertex  7.124417e+01  7.314772e+00  1.800000e+00
     vertex  7.127419e+01  7.302336e+00  1.800000e+00
     vertex  7.127419e+01  7.302336e+00  0.000000e+00
   endloop
 endfacet
 facet normal  3.575250e-01  9.339036e-01  0.000000e+00
   outer loop
     vertex  7.121382e+01  7.326391e+00  1.800000e+00
     vertex  7.124417e+01  7.314772e+00  1.800000e+00
     vertex  7.124417e+01  7.314772e+00  0.000000e+00
   endloop
 endfacet
 facet normal  3.575250e-01  9.339036e-01  0.000000e+00
   outer loop
     vertex  7.121382e+01  7.326391e+00  1.800000e+00
     vertex  7.124417e+01  7.314772e+00  0.000000e+00
     vertex  7.121382e+01  7.326391e+00  0.000000e+00
   endloop
 endfacet
 facet normal  3.321044e-01  9.432426e-01  0.000000e+00
   outer loop
     vertex  7.118316e+01  7.337184e+00  1.800000e+00
     vertex  7.121382e+01  7.326391e+00  1.800000e+00
     vertex  7.121382e+01  7.326391e+00  0.000000e+00
   endloop
 endfacet
 facet normal  3.321044e-01  9.432426e-01  0.000000e+00
   outer loop
     vertex  7.118316e+01  7.337184e+00  1.800000e+00
     vertex  7.121382e+01  7.326391e+00  0.000000e+00
     vertex  7.118316e+01  7.337184e+00  0.000000e+00
   endloop
 endfacet
 facet normal  3.064401e-01  9.518899e-01  0.000000e+00
   outer loop
     vertex  7.115223e+01  7.347143e+00  1.800000e+00
     vertex  7.118316e+01  7.337184e+00  0.000000e+00
     vertex  7.115223e+01  7.347143e+00  0.000000e+00
   endloop
 endfacet
 facet normal  3.064401e-01  9.518899e-01  0.000000e+00
   outer loop
     vertex  7.115223e+01  7.347143e+00  1.800000e+00
     vertex  7.118316e+01  7.337184e+00  1.800000e+00
     vertex  7.118316e+01  7.337184e+00  0.000000e+00
   endloop
 endfacet
 facet normal  2.805512e-01  9.598391e-01  0.000000e+00
   outer loop
     vertex  7.112103e+01  7.356260e+00  1.800000e+00
     vertex  7.115223e+01  7.347143e+00  0.000000e+00
     vertex  7.112103e+01  7.356260e+00  0.000000e+00
   endloop
 endfacet
 facet normal  2.805512e-01  9.598391e-01  0.000000e+00
   outer loop
     vertex  7.112103e+01  7.356260e+00  1.800000e+00
     vertex  7.115223e+01  7.347143e+00  1.800000e+00
     vertex  7.115223e+01  7.347143e+00  0.000000e+00
   endloop
 endfacet
 facet normal  2.544564e-01  9.670842e-01  0.000000e+00
   outer loop
     vertex  7.108961e+01  7.364529e+00  1.800000e+00
     vertex  7.112103e+01  7.356260e+00  0.000000e+00
     vertex  7.108961e+01  7.364529e+00  0.000000e+00
   endloop
 endfacet
 facet normal  2.544564e-01  9.670842e-01  0.000000e+00
   outer loop
     vertex  7.108961e+01  7.364529e+00  1.800000e+00
     vertex  7.112103e+01  7.356260e+00  1.800000e+00
     vertex  7.112103e+01  7.356260e+00  0.000000e+00
   endloop
 endfacet
 facet normal  2.281751e-01  9.736201e-01  0.000000e+00
   outer loop
     vertex  7.105796e+01  7.371945e+00  1.800000e+00
     vertex  7.108961e+01  7.364529e+00  0.000000e+00
     vertex  7.105796e+01  7.371945e+00  0.000000e+00
   endloop
 endfacet
 facet normal  2.281751e-01  9.736201e-01  0.000000e+00
   outer loop
     vertex  7.105796e+01  7.371945e+00  1.800000e+00
     vertex  7.108961e+01  7.364529e+00  1.800000e+00
     vertex  7.108961e+01  7.364529e+00  0.000000e+00
   endloop
 endfacet
 facet normal  2.017264e-01  9.794419e-01  0.000000e+00
   outer loop
     vertex  7.102613e+01  7.378500e+00  1.800000e+00
     vertex  7.105796e+01  7.371945e+00  0.000000e+00
     vertex  7.102613e+01  7.378500e+00  0.000000e+00
   endloop
 endfacet
 facet normal  2.017264e-01  9.794419e-01  0.000000e+00
   outer loop
     vertex  7.102613e+01  7.378500e+00  1.800000e+00
     vertex  7.105796e+01  7.371945e+00  1.800000e+00
     vertex  7.105796e+01  7.371945e+00  0.000000e+00
   endloop
 endfacet
 facet normal  1.751297e-01  9.845454e-01  0.000000e+00
   outer loop
     vertex  7.099414e+01  7.384192e+00  1.800000e+00
     vertex  7.102613e+01  7.378500e+00  0.000000e+00
     vertex  7.099414e+01  7.384192e+00  0.000000e+00
   endloop
 endfacet
 facet normal  1.484046e-01  9.889267e-01  0.000000e+00
   outer loop
     vertex  7.099414e+01  7.384192e+00  1.800000e+00
     vertex  7.099414e+01  7.384192e+00  0.000000e+00
     vertex  7.096200e+01  7.389015e+00  0.000000e+00
   endloop
 endfacet
 facet normal  1.751297e-01  9.845454e-01  0.000000e+00
   outer loop
     vertex  7.099414e+01  7.384192e+00  1.800000e+00
     vertex  7.102613e+01  7.378500e+00  1.800000e+00
     vertex  7.102613e+01  7.378500e+00  0.000000e+00
   endloop
 endfacet
 facet normal  1.484046e-01  9.889267e-01  0.000000e+00
   outer loop
     vertex  7.096200e+01  7.389015e+00  1.800000e+00
     vertex  7.099414e+01  7.384192e+00  1.800000e+00
     vertex  7.096200e+01  7.389015e+00  0.000000e+00
   endloop
 endfacet
 facet normal  1.215707e-01  9.925828e-01  0.000000e+00
   outer loop
     vertex  7.096200e+01  7.389015e+00  1.800000e+00
     vertex  7.096200e+01  7.389015e+00  0.000000e+00
     vertex  7.092974e+01  7.392966e+00  0.000000e+00
   endloop
 endfacet
 facet normal  9.464755e-02  9.955108e-01  0.000000e+00
   outer loop
     vertex  7.092974e+01  7.392966e+00  1.800000e+00
     vertex  7.092974e+01  7.392966e+00  0.000000e+00
     vertex  7.089739e+01  7.396041e+00  0.000000e+00
   endloop
 endfacet
 facet normal  1.215707e-01  9.925828e-01  0.000000e+00
   outer loop
     vertex  7.092974e+01  7.392966e+00  1.800000e+00
     vertex  7.096200e+01  7.389015e+00  1.800000e+00
     vertex  7.092974e+01  7.392966e+00  0.000000e+00
   endloop
 endfacet
 facet normal  6.765502e-02  9.977088e-01  0.000000e+00
   outer loop
     vertex  7.089739e+01  7.396041e+00  1.800000e+00
     vertex  7.089739e+01  7.396041e+00  0.000000e+00
     vertex  7.086497e+01  7.398240e+00  0.000000e+00
   endloop
 endfacet
 facet normal  9.464755e-02  9.955108e-01  0.000000e+00
   outer loop
     vertex  7.089739e+01  7.396041e+00  1.800000e+00
     vertex  7.092974e+01  7.392966e+00  1.800000e+00
     vertex  7.089739e+01  7.396041e+00  0.000000e+00
   endloop
 endfacet
 facet normal  6.765502e-02  9.977088e-01  0.000000e+00
   outer loop
     vertex  7.086497e+01  7.398240e+00  1.800000e+00
     vertex  7.089739e+01  7.396041e+00  1.800000e+00
     vertex  7.086497e+01  7.398240e+00  0.000000e+00
   endloop
 endfacet
 facet normal  4.061287e-02  9.991750e-01  0.000000e+00
   outer loop
     vertex  7.083250e+01  7.399560e+00  1.800000e+00
     vertex  7.086497e+01  7.398240e+00  0.000000e+00
     vertex  7.083250e+01  7.399560e+00  0.000000e+00
   endloop
 endfacet
 facet normal  1.354093e-02  9.999083e-01  0.000000e+00
   outer loop
     vertex  7.083250e+01  7.399560e+00  1.800000e+00
     vertex  7.083250e+01  7.399560e+00  0.000000e+00
     vertex  7.080000e+01  7.400000e+00  0.000000e+00
   endloop
 endfacet
 facet normal  4.061287e-02  9.991750e-01  0.000000e+00
   outer loop
     vertex  7.083250e+01  7.399560e+00  1.800000e+00
     vertex  7.086497e+01  7.398240e+00  1.800000e+00
     vertex  7.086497e+01  7.398240e+00  0.000000e+00
   endloop
 endfacet
 facet normal  1.354093e-02  9.999083e-01  0.000000e+00
   outer loop
     vertex  7.080000e+01  7.400000e+00  1.800000e+00
     vertex  7.083250e+01  7.399560e+00  1.800000e+00
     vertex  7.080000e+01  7.400000e+00  0.000000e+00
   endloop
 endfacet
 facet normal  0.000000e+00  0.000000e+00  1.000000e+00
   outer loop
     vertex  3.747606e-01  3.288054e-01  1.800000e+00
     vertex  3.288054e-01  3.747606e-01  1.800000e+00
     vertex  3.514719e-01  3.514719e-01  1.800000e+00
   endloop
 endfacet
 facet normal  0.000000e+00  0.000000e+00  1.000000e+00
   outer loop
     vertex  3.067779e-01  3.986547e-01  1.800000e+00
     vertex  3.288054e-01  3.747606e-01  1.800000e+00
     vertex  3.747606e-01  3.288054e-01  1.800000e+00
   endloop
 endfacet
 facet normal  0.000000e+00  0.000000e+00  1.000000e+00
   outer loop
     vertex  4.231365e-01  2.854055e-01  1.800000e+00
     vertex  3.747606e-01  3.288054e-01  1.800000e+00
     vertex  3.986547e-01  3.067779e-01  1.800000e+00
   endloop
 endfacet
 facet normal  0.000000e+00  0.000000e+00  1.000000e+00
   outer loop
     vertex  2.647039e-01  4.481880e-01  1.800000e+00
     vertex  2.854055e-01  4.231365e-01  1.800000e+00
     vertex  3.067779e-01  3.986547e-01  1.800000e+00
   endloop
 endfacet
 facet normal  0.000000e+00  0.000000e+00  1.000000e+00
   outer loop
     vertex  2.446883e-01  4.737909e-01  1.800000e+00
     vertex  2.647039e-01  4.481880e-01  1.800000e+00
     vertex  3.067779e-01  3.986547e-01  1.800000e+00
   endloop
 endfacet
 facet normal  0.000000e+00  0.000000e+00  1.000000e+00
   outer loop
     vertex  4.737909e-01  2.446883e-01  1.800000e+00
     vertex  4.231365e-01  2.854055e-01  1.800000e+00
     vertex  4.481880e-01  2.647039e-01  1.800000e+00
   endloop
 endfacet
 facet normal  0.000000e+00  0.000000e+00  1.000000e+00
   outer loop
     vertex  4.999265e-01  2.253734e-01  1.800000e+00
     vertex  4.231365e-01  2.854055e-01  1.800000e+00
     vertex  4.737909e-01  2.446883e-01  1.800000e+00
   endloop
 endfacet
 facet normal  0.000000e+00  0.000000e+00  1.000000e+00
   outer loop
     vertex  1.889015e-01  5.537184e-01  1.800000e+00
     vertex  2.067732e-01  5.265755e-01  1.800000e+00
     vertex  2.253734e-01  4.999265e-01  1.800000e+00
   endloop
 endfacet
 facet normal  0.000000e+00  0.000000e+00  1.000000e+00
   outer loop
     vertex  1.889015e-01  5.537184e-01  1.800000e+00
     vertex  2.253734e-01  4.999265e-01  1.800000e+00
     vertex  2.446883e-01  4.737909e-01  1.800000e+00
   endloop
 endfacet
 facet normal  0.000000e+00  0.000000e+00  1.000000e+00
   outer loop
     vertex  1.889015e-01  5.537184e-01  1.800000e+00
     vertex  2.446883e-01  4.737909e-01  1.800000e+00
     vertex  3.067779e-01  3.986547e-01  1.800000e+00
   endloop
 endfacet
 facet normal  0.000000e+00  0.000000e+00  1.000000e+00
   outer loop
     vertex  1.553954e-01  6.094060e-01  1.800000e+00
     vertex  1.717714e-01  5.813354e-01  1.800000e+00
     vertex  1.889015e-01  5.537184e-01  1.800000e+00
   endloop
 endfacet
 facet normal  0.000000e+00  0.000000e+00  1.000000e+00
   outer loop
     vertex  1.553954e-01  6.094060e-01  1.800000e+00
     vertex  1.889015e-01  5.537184e-01  1.800000e+00
     vertex  3.067779e-01  3.986547e-01  1.800000e+00
   endloop
 endfacet
 facet normal  0.000000e+00  0.000000e+00  1.000000e+00
   outer loop
     vertex  6.668260e-01  1.249533e-01  1.800000e+00
     vertex  5.265755e-01  2.067732e-01  1.800000e+00
     vertex  5.537184e-01  1.889015e-01  1.800000e+00
   endloop
 endfacet
 facet normal  0.000000e+00  0.000000e+00  1.000000e+00
   outer loop
     vertex  6.668260e-01  1.249533e-01  1.800000e+00
     vertex  5.537184e-01  1.889015e-01  1.800000e+00
     vertex  5.813354e-01  1.717714e-01  1.800000e+00
   endloop
 endfacet
 facet normal  0.000000e+00  0.000000e+00  1.000000e+00
   outer loop
     vertex  6.668260e-01  1.249533e-01  1.800000e+00
     vertex  5.813354e-01  1.717714e-01  1.800000e+00
     vertex  6.094060e-01  1.553954e-01  1.800000e+00
   endloop
 endfacet
 facet normal  0.000000e+00  0.000000e+00  1.000000e+00
   outer loop
     vertex  6.668260e-01  1.249533e-01  1.800000e+00
     vertex  6.094060e-01  1.553954e-01  1.800000e+00
     vertex  6.379099e-01  1.397855e-01  1.800000e+00
   endloop
 endfacet
 facet normal  0.000000e+00  0.000000e+00  1.000000e+00
   outer loop
     vertex  1.109095e-01  6.961331e-01  1.800000e+00
     vertex  1.249533e-01  6.668260e-01  1.800000e+00
     vertex  1.397855e-01  6.379099e-01  1.800000e+00
   endloop
 endfacet
 facet normal  0.000000e+00  0.000000e+00  1.000000e+00
   outer loop
     vertex  6.961331e-01  1.109095e-01  1.800000e+00
     vertex  4.999265e-01  2.253734e-01  1.800000e+00
     vertex  5.265755e-01  2.067732e-01  1.800000e+00
   endloop
 endfacet
 facet normal  0.000000e+00  0.000000e+00  1.000000e+00
   outer loop
     vertex  6.961331e-01  1.109095e-01  1.800000e+00
     vertex  3.067779e-01  3.986547e-01  1.800000e+00
     vertex  3.747606e-01  3.288054e-01  1.800000e+00
   endloop
 endfacet
 facet normal  0.000000e+00  0.000000e+00  1.000000e+00
   outer loop
     vertex  6.961331e-01  1.109095e-01  1.800000e+00
     vertex  3.747606e-01  3.288054e-01  1.800000e+00
     vertex  4.231365e-01  2.854055e-01  1.800000e+00
   endloop
 endfacet
 facet normal  0.000000e+00  0.000000e+00  1.000000e+00
   outer loop
     vertex  6.961331e-01  1.109095e-01  1.800000e+00
     vertex  5.265755e-01  2.067732e-01  1.800000e+00
     vertex  6.668260e-01  1.249533e-01  1.800000e+00
   endloop
 endfacet
 facet normal  0.000000e+00  0.000000e+00  1.000000e+00
   outer loop
     vertex  6.961331e-01  1.109095e-01  1.800000e+00
     vertex  4.231365e-01  2.854055e-01  1.800000e+00
     vertex  4.999265e-01  2.253734e-01  1.800000e+00
   endloop
 endfacet
 facet normal  0.000000e+00  0.000000e+00  1.000000e+00
   outer loop
     vertex  9.766447e-02  7.258098e-01  1.800000e+00
     vertex  1.397855e-01  6.379099e-01  1.800000e+00
     vertex  1.553954e-01  6.094060e-01  1.800000e+00
   endloop
 endfacet
 facet normal  0.000000e+00  0.000000e+00  1.000000e+00
   outer loop
     vertex  9.766447e-02  7.258098e-01  1.800000e+00
     vertex  1.109095e-01  6.961331e-01  1.800000e+00
     vertex  1.397855e-01  6.379099e-01  1.800000e+00
   endloop
 endfacet
 facet normal  0.000000e+00  0.000000e+00  1.000000e+00
   outer loop
     vertex  9.766447e-02  7.258098e-01  1.800000e+00
     vertex  1.553954e-01  6.094060e-01  1.800000e+00
     vertex  3.067779e-01  3.986547e-01  1.800000e+00
   endloop
 endfacet
 facet normal  0.000000e+00  0.000000e+00  1.000000e+00
   outer loop
     vertex  7.558342e-01  8.522794e-02  1.800000e+00
     vertex  6.961331e-01  1.109095e-01  1.800000e+00
     vertex  7.258098e-01  9.766447e-02  1.800000e+00
   endloop
 endfacet
 facet normal  0.000000e+00  0.000000e+00  1.000000e+00
   outer loop
     vertex  7.360900e-02  7.861844e-01  1.800000e+00
     vertex  8.522794e-02  7.558342e-01  1.800000e+00
     vertex  9.766447e-02  7.258098e-01  1.800000e+00
   endloop
 endfacet
 facet normal  0.000000e+00  0.000000e+00  1.000000e+00
   outer loop
     vertex  7.861844e-01  7.360900e-02  1.800000e+00
     vertex  6.961331e-01  1.109095e-01  1.800000e+00
     vertex  7.558342e-01  8.522794e-02  1.800000e+00
   endloop
 endfacet
 facet normal  0.000000e+00  0.000000e+00  1.000000e+00
   outer loop
     vertex  6.281619e-02  8.168382e-01  1.800000e+00
     vertex  7.360900e-02  7.861844e-01  1.800000e+00
     vertex  9.766447e-02  7.258098e-01  1.800000e+00
   endloop
 endfacet
 facet normal  0.000000e+00  0.000000e+00  1.000000e+00
   outer loop
     vertex  5.285743e-02  8.477729e-01  1.800000e+00
     vertex  6.281619e-02  8.168382e-01  1.800000e+00
     vertex  9.766447e-02  7.258098e-01  1.800000e+00
   endloop
 endfacet
 facet normal  0.000000e+00  0.000000e+00  1.000000e+00
   outer loop
     vertex  8.477729e-01  5.285743e-02  1.800000e+00
     vertex  7.861844e-01  7.360900e-02  1.800000e+00
     vertex  8.168382e-01  6.281619e-02  1.800000e+00
   endloop
 endfacet
 facet normal  0.000000e+00  0.000000e+00  1.000000e+00
   outer loop
     vertex  3.547062e-02  9.103945e-01  1.800000e+00
     vertex  4.374001e-02  8.789660e-01  1.800000e+00
     vertex  5.285743e-02  8.477729e-01  1.800000e+00
   endloop
 endfacet
 facet normal  0.000000e+00  0.000000e+00  1.000000e+00
   outer loop
     vertex  9.420355e-01  2.805533e-02  1.800000e+00
     vertex  8.477729e-01  5.285743e-02  1.800000e+00
     vertex  8.789660e-01  4.374001e-02  1.800000e+00
   endloop
 endfacet
 facet normal  0.000000e+00  0.000000e+00  1.000000e+00
   outer loop
     vertex  9.420355e-01  2.805533e-02  1.800000e+00
     vertex  8.789660e-01  4.374001e-02  1.800000e+00
     vertex  9.103945e-01  3.547062e-02  1.800000e+00
   endloop
 endfacet
 facet normal  0.000000e+00  0.000000e+00  1.000000e+00
   outer loop
     vertex  2.149958e-02  9.738656e-01  1.800000e+00
     vertex  2.805533e-02  9.420355e-01  1.800000e+00
     vertex  3.547062e-02  9.103945e-01  1.800000e+00
   endloop
 endfacet
 facet normal  0.000000e+00  0.000000e+00  1.000000e+00
   outer loop
     vertex  1.005862e+00  1.580817e-02  1.800000e+00
     vertex  9.420355e-01  2.805533e-02  1.800000e+00
     vertex  9.738656e-01  2.149958e-02  1.800000e+00
   endloop
 endfacet
 facet normal  0.000000e+00  0.000000e+00  1.000000e+00
   outer loop
     vertex  1.098528e-02  1.038000e+00  1.800000e+00
     vertex  3.547062e-02  9.103945e-01  1.800000e+00
     vertex  5.285743e-02  8.477729e-01  1.800000e+00
   endloop
 endfacet
 facet normal  0.000000e+00  0.000000e+00  1.000000e+00
   outer loop
     vertex  1.098528e-02  1.038000e+00  1.800000e+00
     vertex  1.580817e-02  1.005862e+00  1.800000e+00
     vertex  2.149958e-02  9.738656e-01  1.800000e+00
   endloop
 endfacet
 facet normal  0.000000e+00  0.000000e+00  1.000000e+00
   outer loop
     vertex  1.098528e-02  1.038000e+00  1.800000e+00
     vertex  2.149958e-02  9.738656e-01  1.800000e+00
     vertex  3.547062e-02  9.103945e-01  1.800000e+00
   endloop
 endfacet
 facet normal  0.000000e+00  0.000000e+00  1.000000e+00
   outer loop
     vertex  7.034451e-03  1.070257e+00  1.800000e+00
     vertex  1.098528e-02  1.038000e+00  1.800000e+00
     vertex  5.285743e-02  8.477729e-01  1.800000e+00
   endloop
 endfacet
 facet normal  0.000000e+00  0.000000e+00  1.000000e+00
   outer loop
     vertex  7.034451e-03  1.070257e+00  1.800000e+00
     vertex  5.285743e-02  8.477729e-01  1.800000e+00
     vertex  9.766447e-02  7.258098e-01  1.800000e+00
   endloop
 endfacet
 facet normal  0.000000e+00  0.000000e+00  1.000000e+00
   outer loop
     vertex  1.102610e+00  3.958573e-03  1.800000e+00
     vertex  9.420355e-01  2.805533e-02  1.800000e+00
     vertex  1.005862e+00  1.580817e-02  1.800000e+00
   endloop
 endfacet
 facet normal  0.000000e+00  0.000000e+00  1.000000e+00
   outer loop
     vertex  1.102610e+00  3.958573e-03  1.800000e+00
     vertex  1.005862e+00  1.580817e-02  1.800000e+00
     vertex  1.038000e+00  1.098528e-02  1.800000e+00
   endloop
 endfacet
 facet normal  0.000000e+00  0.000000e+00  1.000000e+00
   outer loop
     vertex  1.102610e+00  3.958573e-03  1.800000e+00
     vertex  1.038000e+00  1.098528e-02  1.800000e+00
     vertex  1.070257e+00  7.034451e-03  1.800000e+00
   endloop
 endfacet
 facet normal  0.000000e+00  0.000000e+00  1.000000e+00
   outer loop
     vertex  1.759903e-03  1.135033e+00  1.800000e+00
     vertex  3.958573e-03  1.102610e+00  1.800000e+00
     vertex  7.034451e-03  1.070257e+00  1.800000e+00
   endloop
 endfacet
 facet normal  0.000000e+00  0.000000e+00  1.000000e+00
   outer loop
     vertex  4.400565e-04  1.167505e+00  1.800000e+00
     vertex  1.759903e-03  1.135033e+00  1.800000e+00
     vertex  7.034451e-03  1.070257e+00  1.800000e+00
   endloop
 endfacet
 facet normal  0.000000e+00  0.000000e+00  1.000000e+00
   outer loop
     vertex  1.167505e+00  4.400565e-04  1.800000e+00
     vertex  1.102610e+00  3.958573e-03  1.800000e+00
     vertex  1.135033e+00  1.759903e-03  1.800000e+00
   endloop
 endfacet
 facet normal  0.000000e+00  0.000000e+00  1.000000e+00
   outer loop
     vertex  1.200000e+00  0.000000e+00  1.800000e+00
     vertex  0.000000e+00  1.200000e+00  1.800000e+00
     vertex  4.400565e-04  1.167505e+00  1.800000e+00
   endloop
 endfacet
 facet normal  0.000000e+00  0.000000e+00  1.000000e+00
   outer loop
     vertex  1.200000e+00  0.000000e+00  1.800000e+00
     vertex  8.477729e-01  5.285743e-02  1.800000e+00
     vertex  9.420355e-01  2.805533e-02  1.800000e+00
   endloop
 endfacet
 facet normal  0.000000e+00  0.000000e+00  1.000000e+00
   outer loop
     vertex  1.200000e+00  0.000000e+00  1.800000e+00
     vertex  7.861844e-01  7.360900e-02  1.800000e+00
     vertex  8.477729e-01  5.285743e-02  1.800000e+00
   endloop
 endfacet
 facet normal  0.000000e+00  0.000000e+00  1.000000e+00
   outer loop
     vertex  1.200000e+00  0.000000e+00  1.800000e+00
     vertex  9.420355e-01  2.805533e-02  1.800000e+00
     vertex  1.102610e+00  3.958573e-03  1.800000e+00
   endloop
 endfacet
 facet normal  0.000000e+00  0.000000e+00  1.000000e+00
   outer loop
     vertex  1.200000e+00  0.000000e+00  1.800000e+00
     vertex  7.034451e-03  1.070257e+00  1.800000e+00
     vertex  9.766447e-02  7.258098e-01  1.800000e+00
   endloop
 endfacet
 facet normal  0.000000e+00  0.000000e+00  1.000000e+00
   outer loop
     vertex  1.200000e+00  0.000000e+00  1.800000e+00
     vertex  1.102610e+00  3.958573e-03  1.800000e+00
     vertex  1.167505e+00  4.400565e-04  1.800000e+00
   endloop
 endfacet
 facet normal  0.000000e+00  0.000000e+00  1.000000e+00
   outer loop
     vertex  1.200000e+00  0.000000e+00  1.800000e+00
     vertex  4.400565e-04  1.167505e+00  1.800000e+00
     vertex  7.034451e-03  1.070257e+00  1.800000e+00
   endloop
 endfacet
 facet normal  0.000000e+00  0.000000e+00  1.000000e+00
   outer loop
     vertex  1.200000e+00  0.000000e+00  1.800000e+00
     vertex  3.067779e-01  3.986547e-01  1.800000e+00
     vertex  6.961331e-01  1.109095e-01  1.800000e+00
   endloop
 endfacet
 facet normal  0.000000e+00  0.000000e+00  1.000000e+00
   outer loop
     vertex  1.200000e+00  0.000000e+00  1.800000e+00
     vertex  6.961331e-01  1.109095e-01  1.800000e+00
     vertex  7.861844e-01  7.360900e-02  1.800000e+00
   endloop
 endfacet
 facet normal  0.000000e+00  0.000000e+00  1.000000e+00
   outer loop
     vertex  1.200000e+00  0.000000e+00  1.800000e+00
     vertex  9.766447e-02  7.258098e-01  1.800000e+00
     vertex  3.067779e-01  3.986547e-01  1.800000e+00
   endloop
 endfacet
 facet normal  0.000000e+00  0.000000e+00  1.000000e+00
   outer loop
     vertex  1.580817e-02  6.394138e+00  1.800000e+00
     vertex  1.098528e-02  6.362000e+00  1.800000e+00
     vertex  7.034451e-03  6.329743e+00  1.800000e+00
   endloop
 endfacet
 facet normal  0.000000e+00  0.000000e+00  1.000000e+00
   outer loop
     vertex  1.580817e-02  6.394138e+00  1.800000e+00
     vertex  7.034451e-03  6.329743e+00  1.800000e+00
     vertex  3.958573e-03  6.297390e+00  1.800000e+00
   endloop
 endfacet
 facet normal  0.000000e+00  0.000000e+00  1.000000e+00
   outer loop
     vertex  3.547062e-02  6.489605e+00  1.800000e+00
     vertex  2.805533e-02  6.457965e+00  1.800000e+00
     vertex  2.149958e-02  6.426134e+00  1.800000e+00
   endloop
 endfacet
 facet normal  0.000000e+00  0.000000e+00  1.000000e+00
   outer loop
     vertex  3.547062e-02  6.489605e+00  1.800000e+00
     vertex  2.149958e-02  6.426134e+00  1.800000e+00
     vertex  1.580817e-02  6.394138e+00  1.800000e+00
   endloop
 endfacet
 facet normal  0.000000e+00  0.000000e+00  1.000000e+00
   outer loop
     vertex  3.547062e-02  6.489605e+00  1.800000e+00
     vertex  3.958573e-03  6.297390e+00  1.800000e+00
     vertex  1.759903e-03  6.264967e+00  1.800000e+00
   endloop
 endfacet
 facet normal  0.000000e+00  0.000000e+00  1.000000e+00
   outer loop
     vertex  3.547062e-02  6.489605e+00  1.800000e+00
     vertex  1.580817e-02  6.394138e+00  1.800000e+00
     vertex  3.958573e-03  6.297390e+00  1.800000e+00
   endloop
 endfacet
 facet normal  0.000000e+00  0.000000e+00  1.000000e+00
   outer loop
     vertex  5.285743e-02  6.552227e+00  1.800000e+00
     vertex  4.374001e-02  6.521034e+00  1.800000e+00
     vertex  3.547062e-02  6.489605e+00  1.800000e+00
   endloop
 endfacet
 facet normal  0.000000e+00  0.000000e+00  1.000000e+00
   outer loop
     vertex  5.285743e-02  6.552227e+00  1.800000e+00
     vertex  3.547062e-02  6.489605e+00  1.800000e+00
     vertex  1.759903e-03  6.264967e+00  1.800000e+00
   endloop
 endfacet
 facet normal  0.000000e+00  0.000000e+00  1.000000e+00
   outer loop
     vertex  8.522794e-02  6.644166e+00  1.800000e+00
     vertex  7.360900e-02  6.613816e+00  1.800000e+00
     vertex  6.281619e-02  6.583162e+00  1.800000e+00
   endloop
 endfacet
 facet normal  0.000000e+00  0.000000e+00  1.000000e+00
   outer loop
     vertex  1.397855e-01  6.762090e+00  1.800000e+00
     vertex  1.249533e-01  6.733174e+00  1.800000e+00
     vertex  1.109095e-01  6.703867e+00  1.800000e+00
   endloop
 endfacet
 facet normal  0.000000e+00  0.000000e+00  1.000000e+00
   outer loop
     vertex  1.553954e-01  6.790594e+00  1.800000e+00
     vertex  1.397855e-01  6.762090e+00  1.800000e+00
     vertex  1.109095e-01  6.703867e+00  1.800000e+00
   endloop
 endfacet
 facet normal  0.000000e+00  0.000000e+00  1.000000e+00
   outer loop
     vertex  1.717714e-01  6.818665e+00  1.800000e+00
     vertex  1.109095e-01  6.703867e+00  1.800000e+00
     vertex  9.766447e-02  6.674190e+00  1.800000e+00
   endloop
 endfacet
 facet normal  0.000000e+00  0.000000e+00  1.000000e+00
   outer loop
     vertex  1.717714e-01  6.818665e+00  1.800000e+00
     vertex  9.766447e-02  6.674190e+00  1.800000e+00
     vertex  8.522794e-02  6.644166e+00  1.800000e+00
   endloop
 endfacet
 facet normal  0.000000e+00  0.000000e+00  1.000000e+00
   outer loop
     vertex  1.717714e-01  6.818665e+00  1.800000e+00
     vertex  6.281619e-02  6.583162e+00  1.800000e+00
     vertex  5.285743e-02  6.552227e+00  1.800000e+00
   endloop
 endfacet
 facet normal  0.000000e+00  0.000000e+00  1.000000e+00
   outer loop
     vertex  1.717714e-01  6.818665e+00  1.800000e+00
     vertex  8.522794e-02  6.644166e+00  1.800000e+00
     vertex  6.281619e-02  6.583162e+00  1.800000e+00
   endloop
 endfacet
 facet normal  0.000000e+00  0.000000e+00  1.000000e+00
   outer loop
     vertex  1.717714e-01  6.818665e+00  1.800000e+00
     vertex  5.285743e-02  6.552227e+00  1.800000e+00
     vertex  1.759903e-03  6.264967e+00  1.800000e+00
   endloop
 endfacet
 facet normal  0.000000e+00  0.000000e+00  1.000000e+00
   outer loop
     vertex  1.717714e-01  6.818665e+00  1.800000e+00
     vertex  1.553954e-01  6.790594e+00  1.800000e+00
     vertex  1.109095e-01  6.703867e+00  1.800000e+00
   endloop
 endfacet
 facet normal  0.000000e+00  0.000000e+00  1.000000e+00
   outer loop
     vertex  2.067732e-01  6.873424e+00  1.800000e+00
     vertex  1.889015e-01  6.846282e+00  1.800000e+00
     vertex  1.717714e-01  6.818665e+00  1.800000e+00
   endloop
 endfacet
 facet normal  0.000000e+00  0.000000e+00  1.000000e+00
   outer loop
     vertex  2.253734e-01  6.900073e+00  1.800000e+00
     vertex  2.067732e-01  6.873424e+00  1.800000e+00
     vertex  1.717714e-01  6.818665e+00  1.800000e+00
   endloop
 endfacet
 facet normal  0.000000e+00  0.000000e+00  1.000000e+00
   outer loop
     vertex  2.854055e-01  6.976864e+00  1.800000e+00
     vertex  2.253734e-01  6.900073e+00  1.800000e+00
     vertex  1.717714e-01  6.818665e+00  1.800000e+00
   endloop
 endfacet
 facet normal  0.000000e+00  0.000000e+00  1.000000e+00
   outer loop
     vertex  2.854055e-01  6.976864e+00  1.800000e+00
     vertex  2.647039e-01  6.951812e+00  1.800000e+00
     vertex  2.446883e-01  6.926209e+00  1.800000e+00
   endloop
 endfacet
 facet normal  0.000000e+00  0.000000e+00  1.000000e+00
   outer loop
     vertex  2.854055e-01  6.976864e+00  1.800000e+00
     vertex  2.446883e-01  6.926209e+00  1.800000e+00
     vertex  2.253734e-01  6.900073e+00  1.800000e+00
   endloop
 endfacet
 facet normal  0.000000e+00  0.000000e+00  1.000000e+00
   outer loop
     vertex  2.854055e-01  6.976864e+00  1.800000e+00
     vertex  1.717714e-01  6.818665e+00  1.800000e+00
     vertex  1.759903e-03  6.264967e+00  1.800000e+00
   endloop
 endfacet
 facet normal  0.000000e+00  0.000000e+00  1.000000e+00
   outer loop
     vertex  3.288054e-01  7.025239e+00  1.800000e+00
     vertex  3.067779e-01  7.001345e+00  1.800000e+00
     vertex  2.854055e-01  6.976864e+00  1.800000e+00
   endloop
 endfacet
 facet normal  0.000000e+00  0.000000e+00  1.000000e+00
   outer loop
     vertex  3.514719e-01  7.048528e+00  1.800000e+00
     vertex  3.288054e-01  7.025239e+00  1.800000e+00
     vertex  2.854055e-01  6.976864e+00  1.800000e+00
   endloop
 endfacet
 facet normal  0.000000e+00  0.000000e+00  1.000000e+00
   outer loop
     vertex  3.747606e-01  7.071195e+00  1.800000e+00
     vertex  3.514719e-01  7.048528e+00  1.800000e+00
     vertex  2.854055e-01  6.976864e+00  1.800000e+00
   endloop
 endfacet
 facet normal  0.000000e+00  0.000000e+00  1.000000e+00
   outer loop
     vertex  3.747606e-01  7.071195e+00  1.800000e+00
     vertex  2.854055e-01  6.976864e+00  1.800000e+00
     vertex  1.759903e-03  6.264967e+00  1.800000e+00
   endloop
 endfacet
 facet normal  0.000000e+00  0.000000e+00  1.000000e+00
   outer loop
     vertex  3.986547e-01  7.093222e+00  1.800000e+00
     vertex  3.747606e-01  7.071195e+00  1.800000e+00
     vertex  1.759903e-03  6.264967e+00  1.800000e+00
   endloop
 endfacet
 facet normal  0.000000e+00  0.000000e+00  1.000000e+00
   outer loop
     vertex  4.231365e-01  7.114594e+00  1.800000e+00
     vertex  3.986547e-01  7.093222e+00  1.800000e+00
     vertex  1.759903e-03  6.264967e+00  1.800000e+00
   endloop
 endfacet
 facet normal  0.000000e+00  0.000000e+00  1.000000e+00
   outer loop
     vertex  5.265755e-01  7.193227e+00  1.800000e+00
     vertex  4.737909e-01  7.155312e+00  1.800000e+00
     vertex  4.481880e-01  7.135296e+00  1.800000e+00
   endloop
 endfacet
 facet normal  0.000000e+00  0.000000e+00  1.000000e+00
   outer loop
     vertex  5.265755e-01  7.193227e+00  1.800000e+00
     vertex  4.481880e-01  7.135296e+00  1.800000e+00
     vertex  4.231365e-01  7.114594e+00  1.800000e+00
   endloop
 endfacet
 facet normal  0.000000e+00  0.000000e+00  1.000000e+00
   outer loop
     vertex  5.265755e-01  7.193227e+00  1.800000e+00
     vertex  4.999265e-01  7.174627e+00  1.800000e+00
     vertex  4.737909e-01  7.155312e+00  1.800000e+00
   endloop
 endfacet
 facet normal  0.000000e+00  0.000000e+00  1.000000e+00
   outer loop
     vertex  5.537184e-01  7.211098e+00  1.800000e+00
     vertex  5.265755e-01  7.193227e+00  1.800000e+00
     vertex  4.231365e-01  7.114594e+00  1.800000e+00
   endloop
 endfacet
 facet normal  0.000000e+00  0.000000e+00  1.000000e+00
   outer loop
     vertex  5.813354e-01  7.228229e+00  1.800000e+00
     vertex  4.231365e-01  7.114594e+00  1.800000e+00
     vertex  1.759903e-03  6.264967e+00  1.800000e+00
   endloop
 endfacet
 facet normal  0.000000e+00  0.000000e+00  1.000000e+00
   outer loop
     vertex  5.813354e-01  7.228229e+00  1.800000e+00
     vertex  5.537184e-01  7.211098e+00  1.800000e+00
     vertex  4.231365e-01  7.114594e+00  1.800000e+00
   endloop
 endfacet
 facet normal  0.000000e+00  0.000000e+00  1.000000e+00
   outer loop
     vertex  6.668260e-01  7.275047e+00  1.800000e+00
     vertex  6.379099e-01  7.260214e+00  1.800000e+00
     vertex  6.094060e-01  7.244605e+00  1.800000e+00
   endloop
 endfacet
 facet normal  0.000000e+00  0.000000e+00  1.000000e+00
   outer loop
     vertex  6.668260e-01  7.275047e+00  1.800000e+00
     vertex  6.094060e-01  7.244605e+00  1.800000e+00
     vertex  5.813354e-01  7.228229e+00  1.800000e+00
   endloop
 endfacet
 facet normal  0.000000e+00  0.000000e+00  1.000000e+00
   outer loop
     vertex  6.961331e-01  7.289091e+00  1.800000e+00
     vertex  6.668260e-01  7.275047e+00  1.800000e+00
     vertex  5.813354e-01  7.228229e+00  1.800000e+00
   endloop
 endfacet
 facet normal  0.000000e+00  0.000000e+00  1.000000e+00
   outer loop
     vertex  7.558342e-01  7.314772e+00  1.800000e+00
     vertex  5.813354e-01  7.228229e+00  1.800000e+00
     vertex  1.759903e-03  6.264967e+00  1.800000e+00
   endloop
 endfacet
 facet normal  0.000000e+00  0.000000e+00  1.000000e+00
   outer loop
     vertex  7.558342e-01  7.314772e+00  1.800000e+00
     vertex  1.759903e-03  6.264967e+00  1.800000e+00
     vertex  4.400565e-04  6.232495e+00  1.800000e+00
   endloop
 endfacet
 facet normal  0.000000e+00  0.000000e+00  1.000000e+00
   outer loop
     vertex  7.558342e-01  7.314772e+00  1.800000e+00
     vertex  4.400565e-04  6.232495e+00  1.800000e+00
     vertex  0.000000e+00  6.200000e+00  1.800000e+00
   endloop
 endfacet
 facet normal  0.000000e+00  0.000000e+00  1.000000e+00
   outer loop
     vertex  7.558342e-01  7.314772e+00  1.800000e+00
     vertex  6.961331e-01  7.289091e+00  1.800000e+00
     vertex  5.813354e-01  7.228229e+00  1.800000e+00
   endloop
 endfacet
 facet normal  0.000000e+00  0.000000e+00  1.000000e+00
   outer loop
     vertex  7.558342e-01  7.314772e+00  1.800000e+00
     vertex  7.258098e-01  7.302336e+00  1.800000e+00
     vertex  6.961331e-01  7.289091e+00  1.800000e+00
   endloop
 endfacet
 facet normal  0.000000e+00  0.000000e+00  1.000000e+00
   outer loop
     vertex  7.861844e-01  7.326391e+00  1.800000e+00
     vertex  7.558342e-01  7.314772e+00  1.800000e+00
     vertex  0.000000e+00  6.200000e+00  1.800000e+00
   endloop
 endfacet
 facet normal  0.000000e+00  0.000000e+00  1.000000e+00
   outer loop
     vertex  8.168382e-01  7.337184e+00  1.800000e+00
     vertex  7.861844e-01  7.326391e+00  1.800000e+00
     vertex  0.000000e+00  6.200000e+00  1.800000e+00
   endloop
 endfacet
 facet normal  0.000000e+00  0.000000e+00  1.000000e+00
   outer loop
     vertex  8.477729e-01  7.347143e+00  1.800000e+00
     vertex  8.168382e-01  7.337184e+00  1.800000e+00
     vertex  0.000000e+00  6.200000e+00  1.800000e+00
   endloop
 endfacet
 facet normal  0.000000e+00  0.000000e+00  1.000000e+00
   outer loop
     vertex  9.103945e-01  7.364529e+00  1.800000e+00
     vertex  8.789660e-01  7.356260e+00  1.800000e+00
     vertex  8.477729e-01  7.347143e+00  1.800000e+00
   endloop
 endfacet
 facet normal  0.000000e+00  0.000000e+00  1.000000e+00
   outer loop
     vertex  9.420355e-01  7.371945e+00  1.800000e+00
     vertex  8.477729e-01  7.347143e+00  1.800000e+00
     vertex  0.000000e+00  6.200000e+00  1.800000e+00
   endloop
 endfacet
 facet normal  0.000000e+00  0.000000e+00  1.000000e+00
   outer loop
     vertex  9.420355e-01  7.371945e+00  1.800000e+00
     vertex  9.103945e-01  7.364529e+00  1.800000e+00
     vertex  8.477729e-01  7.347143e+00  1.800000e+00
   endloop
 endfacet
 facet normal  0.000000e+00  0.000000e+00  1.000000e+00
   outer loop
     vertex  1.005862e+00  7.384192e+00  1.800000e+00
     vertex  9.738656e-01  7.378500e+00  1.800000e+00
     vertex  9.420355e-01  7.371945e+00  1.800000e+00
   endloop
 endfacet
 facet normal  0.000000e+00  0.000000e+00  1.000000e+00
   outer loop
     vertex  1.038000e+00  7.389015e+00  1.800000e+00
     vertex  1.005862e+00  7.384192e+00  1.800000e+00
     vertex  9.420355e-01  7.371945e+00  1.800000e+00
   endloop
 endfacet
 facet normal  0.000000e+00  0.000000e+00  1.000000e+00
   outer loop
     vertex  1.102610e+00  7.396041e+00  1.800000e+00
     vertex  1.038000e+00  7.389015e+00  1.800000e+00
     vertex  9.420355e-01  7.371945e+00  1.800000e+00
   endloop
 endfacet
 facet normal  0.000000e+00  0.000000e+00  1.000000e+00
   outer loop
     vertex  1.102610e+00  7.396041e+00  1.800000e+00
     vertex  1.070257e+00  7.392966e+00  1.800000e+00
     vertex  1.038000e+00  7.389015e+00  1.800000e+00
   endloop
 endfacet
 facet normal  0.000000e+00  0.000000e+00  1.000000e+00
   outer loop
     vertex  1.167505e+00  7.399560e+00  1.800000e+00
     vertex  1.102610e+00  7.396041e+00  1.800000e+00
     vertex  9.420355e-01  7.371945e+00  1.800000e+00
   endloop
 endfacet
 facet normal  0.000000e+00  0.000000e+00  1.000000e+00
   outer loop
     vertex  1.167505e+00  7.399560e+00  1.800000e+00
     vertex  1.135033e+00  7.398240e+00  1.800000e+00
     vertex  1.102610e+00  7.396041e+00  1.800000e+00
   endloop
 endfacet
 facet normal  0.000000e+00  0.000000e+00  1.000000e+00
   outer loop
     vertex  1.200000e+00  7.400000e+00  1.800000e+00
     vertex  0.000000e+00  1.200000e+00  1.800000e+00
     vertex  1.200000e+00  0.000000e+00  1.800000e+00
   endloop
 endfacet
 facet normal  0.000000e+00  0.000000e+00  1.000000e+00
   outer loop
     vertex  1.200000e+00  7.400000e+00  1.800000e+00
     vertex  0.000000e+00  6.200000e+00  1.800000e+00
     vertex  0.000000e+00  1.200000e+00  1.800000e+00
   endloop
 endfacet
 facet normal  0.000000e+00  0.000000e+00  1.000000e+00
   outer loop
     vertex  1.200000e+00  7.400000e+00  1.800000e+00
     vertex  9.420355e-01  7.371945e+00  1.800000e+00
     vertex  0.000000e+00  6.200000e+00  1.800000e+00
   endloop
 endfacet
 facet normal  0.000000e+00  0.000000e+00  1.000000e+00
   outer loop
     vertex  1.200000e+00  7.400000e+00  1.800000e+00
     vertex  1.167505e+00  7.399560e+00  1.800000e+00
     vertex  9.420355e-01  7.371945e+00  1.800000e+00
   endloop
 endfacet
 facet normal  0.000000e+00  0.000000e+00  1.000000e+00
   outer loop
     vertex  7.086497e+01  1.759903e-03  1.800000e+00
     vertex  7.080000e+01  0.000000e+00  1.800000e+00
     vertex  7.083250e+01  4.400565e-04  1.800000e+00
   endloop
 endfacet
 facet normal  0.000000e+00  0.000000e+00  1.000000e+00
   outer loop
     vertex  7.092974e+01  7.034451e-03  1.800000e+00
     vertex  7.086497e+01  1.759903e-03  1.800000e+00
     vertex  7.089739e+01  3.958573e-03  1.800000e+00
   endloop
 endfacet
 facet normal  0.000000e+00  0.000000e+00  1.000000e+00
   outer loop
     vertex  7.092974e+01  7.034451e-03  1.800000e+00
     vertex  7.080000e+01  0.000000e+00  1.800000e+00
     vertex  7.086497e+01  1.759903e-03  1.800000e+00
   endloop
 endfacet
 facet normal  0.000000e+00  0.000000e+00  1.000000e+00
   outer loop
     vertex  7.096200e+01  1.098528e-02  1.800000e+00
     vertex  7.080000e+01  0.000000e+00  1.800000e+00
     vertex  7.092974e+01  7.034451e-03  1.800000e+00
   endloop
 endfacet
 facet normal  0.000000e+00  0.000000e+00  1.000000e+00
   outer loop
     vertex  7.099414e+01  1.580817e-02  1.800000e+00
     vertex  7.080000e+01  0.000000e+00  1.800000e+00
     vertex  7.096200e+01  1.098528e-02  1.800000e+00
   endloop
 endfacet
 facet normal  0.000000e+00  0.000000e+00  1.000000e+00
   outer loop
     vertex  7.105796e+01  2.805533e-02  1.800000e+00
     vertex  7.099414e+01  1.580817e-02  1.800000e+00
     vertex  7.102613e+01  2.149958e-02  1.800000e+00
   endloop
 endfacet
 facet normal  0.000000e+00  0.000000e+00  1.000000e+00
   outer loop
     vertex  7.105796e+01  2.805533e-02  1.800000e+00
     vertex  7.080000e+01  0.000000e+00  1.800000e+00
     vertex  7.099414e+01  1.580817e-02  1.800000e+00
   endloop
 endfacet
 facet normal  0.000000e+00  0.000000e+00  1.000000e+00
   outer loop
     vertex  7.108961e+01  3.547062e-02  1.800000e+00
     vertex  7.080000e+01  0.000000e+00  1.800000e+00
     vertex  7.105796e+01  2.805533e-02  1.800000e+00
   endloop
 endfacet
 facet normal  0.000000e+00  0.000000e+00  1.000000e+00
   outer loop
     vertex  7.112103e+01  4.374001e-02  1.800000e+00
     vertex  7.080000e+01  0.000000e+00  1.800000e+00
     vertex  7.108961e+01  3.547062e-02  1.800000e+00
   endloop
 endfacet
 facet normal  0.000000e+00  0.000000e+00  1.000000e+00
   outer loop
     vertex  7.121382e+01  7.360900e-02  1.800000e+00
     vertex  7.112103e+01  4.374001e-02  1.800000e+00
     vertex  7.115223e+01  5.285743e-02  1.800000e+00
   endloop
 endfacet
 facet normal  0.000000e+00  0.000000e+00  1.000000e+00
   outer loop
     vertex  7.121382e+01  7.360900e-02  1.800000e+00
     vertex  7.115223e+01  5.285743e-02  1.800000e+00
     vertex  7.118316e+01  6.281619e-02  1.800000e+00
   endloop
 endfacet
 facet normal  0.000000e+00  0.000000e+00  1.000000e+00
   outer loop
     vertex  7.124417e+01  8.522794e-02  1.800000e+00
     vertex  7.112103e+01  4.374001e-02  1.800000e+00
     vertex  7.121382e+01  7.360900e-02  1.800000e+00
   endloop
 endfacet
 facet normal  0.000000e+00  0.000000e+00  1.000000e+00
   outer loop
     vertex  7.127419e+01  9.766447e-02  1.800000e+00
     vertex  7.112103e+01  4.374001e-02  1.800000e+00
     vertex  7.124417e+01  8.522794e-02  1.800000e+00
   endloop
 endfacet
 facet normal  0.000000e+00  0.000000e+00  1.000000e+00
   outer loop
     vertex  7.130387e+01  1.109095e-01  1.800000e+00
     vertex  7.080000e+01  0.000000e+00  1.800000e+00
     vertex  7.112103e+01  4.374001e-02  1.800000e+00
   endloop
 endfacet
 facet normal  0.000000e+00  0.000000e+00  1.000000e+00
   outer loop
     vertex  7.130387e+01  1.109095e-01  1.800000e+00
     vertex  7.112103e+01  4.374001e-02  1.800000e+00
     vertex  7.127419e+01  9.766447e-02  1.800000e+00
   endloop
 endfacet
 facet normal  0.000000e+00  0.000000e+00  1.000000e+00
   outer loop
     vertex  7.136209e+01  1.397855e-01  1.800000e+00
     vertex  7.080000e+01  0.000000e+00  1.800000e+00
     vertex  7.130387e+01  1.109095e-01  1.800000e+00
   endloop
 endfacet
 facet normal  0.000000e+00  0.000000e+00  1.000000e+00
   outer loop
     vertex  7.136209e+01  1.397855e-01  1.800000e+00
     vertex  7.130387e+01  1.109095e-01  1.800000e+00
     vertex  7.133317e+01  1.249533e-01  1.800000e+00
   endloop
 endfacet
 facet normal  0.000000e+00  0.000000e+00  1.000000e+00
   outer loop
     vertex  7.141866e+01  1.717714e-01  1.800000e+00
     vertex  7.080000e+01  0.000000e+00  1.800000e+00
     vertex  7.136209e+01  1.397855e-01  1.800000e+00
   endloop
 endfacet
 facet normal  0.000000e+00  0.000000e+00  1.000000e+00
   outer loop
     vertex  7.141866e+01  1.717714e-01  1.800000e+00
     vertex  7.136209e+01  1.397855e-01  1.800000e+00
     vertex  7.139059e+01  1.553954e-01  1.800000e+00
   endloop
 endfacet
 facet normal  0.000000e+00  0.000000e+00  1.000000e+00
   outer loop
     vertex  7.147342e+01  2.067732e-01  1.800000e+00
     vertex  7.141866e+01  1.717714e-01  1.800000e+00
     vertex  7.144628e+01  1.889015e-01  1.800000e+00
   endloop
 endfacet
 facet normal  0.000000e+00  0.000000e+00  1.000000e+00
   outer loop
     vertex  7.152621e+01  2.446883e-01  1.800000e+00
     vertex  7.141866e+01  1.717714e-01  1.800000e+00
     vertex  7.147342e+01  2.067732e-01  1.800000e+00
   endloop
 endfacet
 facet normal  0.000000e+00  0.000000e+00  1.000000e+00
   outer loop
     vertex  7.152621e+01  2.446883e-01  1.800000e+00
     vertex  7.147342e+01  2.067732e-01  1.800000e+00
     vertex  7.150007e+01  2.253734e-01  1.800000e+00
   endloop
 endfacet
 facet normal  0.000000e+00  0.000000e+00  1.000000e+00
   outer loop
     vertex  7.157686e+01  2.854055e-01  1.800000e+00
     vertex  7.141866e+01  1.717714e-01  1.800000e+00
     vertex  7.152621e+01  2.446883e-01  1.800000e+00
   endloop
 endfacet
 facet normal  0.000000e+00  0.000000e+00  1.000000e+00
   outer loop
     vertex  7.157686e+01  2.854055e-01  1.800000e+00
     vertex  7.152621e+01  2.446883e-01  1.800000e+00
     vertex  7.155181e+01  2.647039e-01  1.800000e+00
   endloop
 endfacet
 facet normal  0.000000e+00  0.000000e+00  1.000000e+00
   outer loop
     vertex  7.162524e+01  3.288054e-01  1.800000e+00
     vertex  7.141866e+01  1.717714e-01  1.800000e+00
     vertex  7.157686e+01  2.854055e-01  1.800000e+00
   endloop
 endfacet
 facet normal  0.000000e+00  0.000000e+00  1.000000e+00
   outer loop
     vertex  7.162524e+01  3.288054e-01  1.800000e+00
     vertex  7.157686e+01  2.854055e-01  1.800000e+00
     vertex  7.160135e+01  3.067779e-01  1.800000e+00
   endloop
 endfacet
 facet normal  0.000000e+00  0.000000e+00  1.000000e+00
   outer loop
     vertex  7.167119e+01  3.747606e-01  1.800000e+00
     vertex  7.141866e+01  1.717714e-01  1.800000e+00
     vertex  7.162524e+01  3.288054e-01  1.800000e+00
   endloop
 endfacet
 facet normal  0.000000e+00  0.000000e+00  1.000000e+00
   outer loop
     vertex  7.167119e+01  3.747606e-01  1.800000e+00
     vertex  7.162524e+01  3.288054e-01  1.800000e+00
     vertex  7.164853e+01  3.514719e-01  1.800000e+00
   endloop
 endfacet
 facet normal  0.000000e+00  0.000000e+00  1.000000e+00
   outer loop
     vertex  7.169322e+01  3.986547e-01  1.800000e+00
     vertex  7.080000e+01  0.000000e+00  1.800000e+00
     vertex  7.141866e+01  1.717714e-01  1.800000e+00
   endloop
 endfacet
 facet normal  0.000000e+00  0.000000e+00  1.000000e+00
   outer loop
     vertex  7.169322e+01  3.986547e-01  1.800000e+00
     vertex  7.141866e+01  1.717714e-01  1.800000e+00
     vertex  7.167119e+01  3.747606e-01  1.800000e+00
   endloop
 endfacet
 facet normal  0.000000e+00  0.000000e+00  1.000000e+00
   outer loop
     vertex  7.173530e+01  4.481880e-01  1.800000e+00
     vertex  7.080000e+01  0.000000e+00  1.800000e+00
     vertex  7.169322e+01  3.986547e-01  1.800000e+00
   endloop
 endfacet
 facet normal  0.000000e+00  0.000000e+00  1.000000e+00
   outer loop
     vertex  7.173530e+01  4.481880e-01  1.800000e+00
     vertex  7.169322e+01  3.986547e-01  1.800000e+00
     vertex  7.171459e+01  4.231365e-01  1.800000e+00
   endloop
 endfacet
 facet normal  0.000000e+00  0.000000e+00  1.000000e+00
   outer loop
     vertex  7.177463e+01  4.999265e-01  1.800000e+00
     vertex  7.173530e+01  4.481880e-01  1.800000e+00
     vertex  7.175531e+01  4.737909e-01  1.800000e+00
   endloop
 endfacet
 facet normal  0.000000e+00  0.000000e+00  1.000000e+00
   outer loop
     vertex  7.179323e+01  5.265755e-01  1.800000e+00
     vertex  7.080000e+01  0.000000e+00  1.800000e+00
     vertex  7.173530e+01  4.481880e-01  1.800000e+00
   endloop
 endfacet
 facet normal  0.000000e+00  0.000000e+00  1.000000e+00
   outer loop
     vertex  7.179323e+01  5.265755e-01  1.800000e+00
     vertex  7.173530e+01  4.481880e-01  1.800000e+00
     vertex  7.177463e+01  4.999265e-01  1.800000e+00
   endloop
 endfacet
 facet normal  0.000000e+00  0.000000e+00  1.000000e+00
   outer loop
     vertex  7.182823e+01  5.813354e-01  1.800000e+00
     vertex  7.080000e+01  0.000000e+00  1.800000e+00
     vertex  7.179323e+01  5.265755e-01  1.800000e+00
   endloop
 endfacet
 facet normal  0.000000e+00  0.000000e+00  1.000000e+00
   outer loop
     vertex  7.182823e+01  5.813354e-01  1.800000e+00
     vertex  7.179323e+01  5.265755e-01  1.800000e+00
     vertex  7.181110e+01  5.537184e-01  1.800000e+00
   endloop
 endfacet
 facet normal  0.000000e+00  0.000000e+00  1.000000e+00
   outer loop
     vertex  7.186021e+01  6.379099e-01  1.800000e+00
     vertex  7.182823e+01  5.813354e-01  1.800000e+00
     vertex  7.184460e+01  6.094060e-01  1.800000e+00
   endloop
 endfacet
 facet normal  0.000000e+00  0.000000e+00  1.000000e+00
   outer loop
     vertex  7.187505e+01  6.668260e-01  1.800000e+00
     vertex  7.080000e+01  0.000000e+00  1.800000e+00
     vertex  7.182823e+01  5.813354e-01  1.800000e+00
   endloop
 endfacet
 facet normal  0.000000e+00  0.000000e+00  1.000000e+00
   outer loop
     vertex  7.187505e+01  6.668260e-01  1.800000e+00
     vertex  7.182823e+01  5.813354e-01  1.800000e+00
     vertex  7.186021e+01  6.379099e-01  1.800000e+00
   endloop
 endfacet
 facet normal  0.000000e+00  0.000000e+00  1.000000e+00
   outer loop
     vertex  7.190234e+01  7.258098e-01  1.800000e+00
     vertex  7.187505e+01  6.668260e-01  1.800000e+00
     vertex  7.188909e+01  6.961331e-01  1.800000e+00
   endloop
 endfacet
 facet normal  0.000000e+00  0.000000e+00  1.000000e+00
   outer loop
     vertex  7.190234e+01  7.258098e-01  1.800000e+00
     vertex  7.080000e+01  0.000000e+00  1.800000e+00
     vertex  7.187505e+01  6.668260e-01  1.800000e+00
   endloop
 endfacet
 facet normal  0.000000e+00  0.000000e+00  1.000000e+00
   outer loop
     vertex  7.192639e+01  7.861844e-01  1.800000e+00
     vertex  7.190234e+01  7.258098e-01  1.800000e+00
     vertex  7.191477e+01  7.558342e-01  1.800000e+00
   endloop
 endfacet
 facet normal  0.000000e+00  0.000000e+00  1.000000e+00
   outer loop
     vertex  7.195626e+01  8.789660e-01  1.800000e+00
     vertex  7.192639e+01  7.861844e-01  1.800000e+00
     vertex  7.193718e+01  8.168382e-01  1.800000e+00
   endloop
 endfacet
 facet normal  0.000000e+00  0.000000e+00  1.000000e+00
   outer loop
     vertex  7.195626e+01  8.789660e-01  1.800000e+00
     vertex  7.193718e+01  8.168382e-01  1.800000e+00
     vertex  7.194714e+01  8.477729e-01  1.800000e+00
   endloop
 endfacet
 facet normal  0.000000e+00  0.000000e+00  1.000000e+00
   outer loop
     vertex  7.195626e+01  8.789660e-01  1.800000e+00
     vertex  7.190234e+01  7.258098e-01  1.800000e+00
     vertex  7.192639e+01  7.861844e-01  1.800000e+00
   endloop
 endfacet
 facet normal  0.000000e+00  0.000000e+00  1.000000e+00
   outer loop
     vertex  7.196453e+01  9.103945e-01  1.800000e+00
     vertex  7.080000e+01  0.000000e+00  1.800000e+00
     vertex  7.190234e+01  7.258098e-01  1.800000e+00
   endloop
 endfacet
 facet normal  0.000000e+00  0.000000e+00  1.000000e+00
   outer loop
     vertex  7.196453e+01  9.103945e-01  1.800000e+00
     vertex  7.190234e+01  7.258098e-01  1.800000e+00
     vertex  7.195626e+01  8.789660e-01  1.800000e+00
   endloop
 endfacet
 facet normal  0.000000e+00  0.000000e+00  1.000000e+00
   outer loop
     vertex  7.198901e+01  1.038000e+00  1.800000e+00
     vertex  7.196453e+01  9.103945e-01  1.800000e+00
     vertex  7.197194e+01  9.420355e-01  1.800000e+00
   endloop
 endfacet
 facet normal  0.000000e+00  0.000000e+00  1.000000e+00
   outer loop
     vertex  7.198901e+01  1.038000e+00  1.800000e+00
     vertex  7.197194e+01  9.420355e-01  1.800000e+00
     vertex  7.197850e+01  9.738656e-01  1.800000e+00
   endloop
 endfacet
 facet normal  0.000000e+00  0.000000e+00  1.000000e+00
   outer loop
     vertex  7.198901e+01  1.038000e+00  1.800000e+00
     vertex  7.197850e+01  9.738656e-01  1.800000e+00
     vertex  7.198419e+01  1.005862e+00  1.800000e+00
   endloop
 endfacet
 facet normal  0.000000e+00  0.000000e+00  1.000000e+00
   outer loop
     vertex  7.198901e+01  1.038000e+00  1.800000e+00
     vertex  7.080000e+01  0.000000e+00  1.800000e+00
     vertex  7.196453e+01  9.103945e-01  1.800000e+00
   endloop
 endfacet
 facet normal  0.000000e+00  0.000000e+00  1.000000e+00
   outer loop
     vertex  7.199824e+01  1.135033e+00  1.800000e+00
     vertex  7.198901e+01  1.038000e+00  1.800000e+00
     vertex  7.199297e+01  1.070257e+00  1.800000e+00
   endloop
 endfacet
 facet normal  0.000000e+00  0.000000e+00  1.000000e+00
   outer loop
     vertex  7.199824e+01  1.135033e+00  1.800000e+00
     vertex  7.199297e+01  1.070257e+00  1.800000e+00
     vertex  7.199604e+01  1.102610e+00  1.800000e+00
   endloop
 endfacet
 facet normal  0.000000e+00  0.000000e+00  1.000000e+00
   outer loop
     vertex  7.199824e+01  1.135033e+00  1.800000e+00
     vertex  7.080000e+01  0.000000e+00  1.800000e+00
     vertex  7.198901e+01  1.038000e+00  1.800000e+00
   endloop
 endfacet
 facet normal  0.000000e+00  0.000000e+00  1.000000e+00
   outer loop
     vertex  7.199956e+01  1.167505e+00  1.800000e+00
     vertex  7.080000e+01  0.000000e+00  1.800000e+00
     vertex  7.199824e+01  1.135033e+00  1.800000e+00
   endloop
 endfacet
 facet normal  0.000000e+00  0.000000e+00  1.000000e+00
   outer loop
     vertex  7.200000e+01  1.200000e+00  1.800000e+00
     vertex  7.080000e+01  0.000000e+00  1.800000e+00
     vertex  7.199956e+01  1.167505e+00  1.800000e+00
   endloop
 endfacet
 facet normal  0.000000e+00  0.000000e+00  1.000000e+00
   outer loop
     vertex  7.080000e+01  7.400000e+00  1.800000e+00
     vertex  1.200000e+00  0.000000e+00  1.800000e+00
     vertex  7.080000e+01  0.000000e+00  1.800000e+00
   endloop
 endfacet
 facet normal  0.000000e+00  0.000000e+00  1.000000e+00
   outer loop
     vertex  7.080000e+01  7.400000e+00  1.800000e+00
     vertex  1.200000e+00  7.400000e+00  1.800000e+00
     vertex  1.200000e+00  0.000000e+00  1.800000e+00
   endloop
 endfacet
 facet normal  0.000000e+00  0.000000e+00  1.000000e+00
   outer loop
     vertex  7.200000e+01  6.200000e+00  1.800000e+00
     vertex  7.080000e+01  0.000000e+00  1.800000e+00
     vertex  7.200000e+01  1.200000e+00  1.800000e+00
   endloop
 endfacet
 facet normal  0.000000e+00  0.000000e+00  1.000000e+00
   outer loop
     vertex  7.200000e+01  6.200000e+00  1.800000e+00
     vertex  7.080000e+01  7.400000e+00  1.800000e+00
     vertex  7.080000e+01  0.000000e+00  1.800000e+00
   endloop
 endfacet
 facet normal  0.000000e+00  0.000000e+00  1.000000e+00
   outer loop
     vertex  7.086497e+01  7.398240e+00  1.800000e+00
     vertex  7.083250e+01  7.399560e+00  1.800000e+00
     vertex  7.080000e+01  7.400000e+00  1.800000e+00
   endloop
 endfacet
 facet normal  0.000000e+00  0.000000e+00  1.000000e+00
   outer loop
     vertex  7.092974e+01  7.392966e+00  1.800000e+00
     vertex  7.089739e+01  7.396041e+00  1.800000e+00
     vertex  7.086497e+01  7.398240e+00  1.800000e+00
   endloop
 endfacet
 facet normal  0.000000e+00  0.000000e+00  1.000000e+00
   outer loop
     vertex  7.199297e+01  6.329743e+00  1.800000e+00
     vertex  7.200000e+01  6.200000e+00  1.800000e+00
     vertex  7.199956e+01  6.232495e+00  1.800000e+00
   endloop
 endfacet
 facet normal  0.000000e+00  0.000000e+00  1.000000e+00
   outer loop
     vertex  7.199297e+01  6.329743e+00  1.800000e+00
     vertex  7.199956e+01  6.232495e+00  1.800000e+00
     vertex  7.199824e+01  6.264967e+00  1.800000e+00
   endloop
 endfacet
 facet normal  0.000000e+00  0.000000e+00  1.000000e+00
   outer loop
     vertex  7.199297e+01  6.329743e+00  1.800000e+00
     vertex  7.199824e+01  6.264967e+00  1.800000e+00
     vertex  7.199604e+01  6.297390e+00  1.800000e+00
   endloop
 endfacet
 facet normal  0.000000e+00  0.000000e+00  1.000000e+00
   outer loop
     vertex  7.198419e+01  6.394138e+00  1.800000e+00
     vertex  7.199297e+01  6.329743e+00  1.800000e+00
     vertex  7.198901e+01  6.362000e+00  1.800000e+00
   endloop
 endfacet
 facet normal  0.000000e+00  0.000000e+00  1.000000e+00
   outer loop
     vertex  7.197850e+01  6.426134e+00  1.800000e+00
     vertex  7.199297e+01  6.329743e+00  1.800000e+00
     vertex  7.198419e+01  6.394138e+00  1.800000e+00
   endloop
 endfacet
 facet normal  0.000000e+00  0.000000e+00  1.000000e+00
   outer loop
     vertex  7.197850e+01  6.426134e+00  1.800000e+00
     vertex  7.200000e+01  6.200000e+00  1.800000e+00
     vertex  7.199297e+01  6.329743e+00  1.800000e+00
   endloop
 endfacet
 facet normal  0.000000e+00  0.000000e+00  1.000000e+00
   outer loop
     vertex  7.108961e+01  7.364529e+00  1.800000e+00
     vertex  7.086497e+01  7.398240e+00  1.800000e+00
     vertex  7.080000e+01  7.400000e+00  1.800000e+00
   endloop
 endfacet
 facet normal  0.000000e+00  0.000000e+00  1.000000e+00
   outer loop
     vertex  7.108961e+01  7.364529e+00  1.800000e+00
     vertex  7.092974e+01  7.392966e+00  1.800000e+00
     vertex  7.086497e+01  7.398240e+00  1.800000e+00
   endloop
 endfacet
 facet normal  0.000000e+00  0.000000e+00  1.000000e+00
   outer loop
     vertex  7.108961e+01  7.364529e+00  1.800000e+00
     vertex  7.105796e+01  7.371945e+00  1.800000e+00
     vertex  7.102613e+01  7.378500e+00  1.800000e+00
   endloop
 endfacet
 facet normal  0.000000e+00  0.000000e+00  1.000000e+00
   outer loop
     vertex  7.108961e+01  7.364529e+00  1.800000e+00
     vertex  7.102613e+01  7.378500e+00  1.800000e+00
     vertex  7.099414e+01  7.384192e+00  1.800000e+00
   endloop
 endfacet
 facet normal  0.000000e+00  0.000000e+00  1.000000e+00
   outer loop
     vertex  7.108961e+01  7.364529e+00  1.800000e+00
     vertex  7.099414e+01  7.384192e+00  1.800000e+00
     vertex  7.096200e+01  7.389015e+00  1.800000e+00
   endloop
 endfacet
 facet normal  0.000000e+00  0.000000e+00  1.000000e+00
   outer loop
     vertex  7.108961e+01  7.364529e+00  1.800000e+00
     vertex  7.096200e+01  7.389015e+00  1.800000e+00
     vertex  7.092974e+01  7.392966e+00  1.800000e+00
   endloop
 endfacet
 facet normal  0.000000e+00  0.000000e+00  1.000000e+00
   outer loop
     vertex  7.108961e+01  7.364529e+00  1.800000e+00
     vertex  7.080000e+01  7.400000e+00  1.800000e+00
     vertex  7.200000e+01  6.200000e+00  1.800000e+00
   endloop
 endfacet
 facet normal  0.000000e+00  0.000000e+00  1.000000e+00
   outer loop
     vertex  7.115223e+01  7.347143e+00  1.800000e+00
     vertex  7.112103e+01  7.356260e+00  1.800000e+00
     vertex  7.108961e+01  7.364529e+00  1.800000e+00
   endloop
 endfacet
 facet normal  0.000000e+00  0.000000e+00  1.000000e+00
   outer loop
     vertex  7.193718e+01  6.583162e+00  1.800000e+00
     vertex  7.200000e+01  6.200000e+00  1.800000e+00
     vertex  7.197850e+01  6.426134e+00  1.800000e+00
   endloop
 endfacet
 facet normal  0.000000e+00  0.000000e+00  1.000000e+00
   outer loop
     vertex  7.193718e+01  6.583162e+00  1.800000e+00
     vertex  7.197850e+01  6.426134e+00  1.800000e+00
     vertex  7.197194e+01  6.457965e+00  1.800000e+00
   endloop
 endfacet
 facet normal  0.000000e+00  0.000000e+00  1.000000e+00
   outer loop
     vertex  7.193718e+01  6.583162e+00  1.800000e+00
     vertex  7.197194e+01  6.457965e+00  1.800000e+00
     vertex  7.196453e+01  6.489605e+00  1.800000e+00
   endloop
 endfacet
 facet normal  0.000000e+00  0.000000e+00  1.000000e+00
   outer loop
     vertex  7.193718e+01  6.583162e+00  1.800000e+00
     vertex  7.196453e+01  6.489605e+00  1.800000e+00
     vertex  7.195626e+01  6.521034e+00  1.800000e+00
   endloop
 endfacet
 facet normal  0.000000e+00  0.000000e+00  1.000000e+00
   outer loop
     vertex  7.193718e+01  6.583162e+00  1.800000e+00
     vertex  7.195626e+01  6.521034e+00  1.800000e+00
     vertex  7.194714e+01  6.552227e+00  1.800000e+00
   endloop
 endfacet
 facet normal  0.000000e+00  0.000000e+00  1.000000e+00
   outer loop
     vertex  7.118316e+01  7.337184e+00  1.800000e+00
     vertex  7.115223e+01  7.347143e+00  1.800000e+00
     vertex  7.108961e+01  7.364529e+00  1.800000e+00
   endloop
 endfacet
 facet normal  0.000000e+00  0.000000e+00  1.000000e+00
   outer loop
     vertex  7.121382e+01  7.326391e+00  1.800000e+00
     vertex  7.118316e+01  7.337184e+00  1.800000e+00
     vertex  7.108961e+01  7.364529e+00  1.800000e+00
   endloop
 endfacet
 facet normal  0.000000e+00  0.000000e+00  1.000000e+00
   outer loop
     vertex  7.192639e+01  6.613816e+00  1.800000e+00
     vertex  7.200000e+01  6.200000e+00  1.800000e+00
     vertex  7.193718e+01  6.583162e+00  1.800000e+00
   endloop
 endfacet
 facet normal  0.000000e+00  0.000000e+00  1.000000e+00
   outer loop
     vertex  7.191477e+01  6.644166e+00  1.800000e+00
     vertex  7.200000e+01  6.200000e+00  1.800000e+00
     vertex  7.192639e+01  6.613816e+00  1.800000e+00
   endloop
 endfacet
 facet normal  0.000000e+00  0.000000e+00  1.000000e+00
   outer loop
     vertex  7.130387e+01  7.289091e+00  1.800000e+00
     vertex  7.127419e+01  7.302336e+00  1.800000e+00
     vertex  7.124417e+01  7.314772e+00  1.800000e+00
   endloop
 endfacet
 facet normal  0.000000e+00  0.000000e+00  1.000000e+00
   outer loop
     vertex  7.130387e+01  7.289091e+00  1.800000e+00
     vertex  7.124417e+01  7.314772e+00  1.800000e+00
     vertex  7.121382e+01  7.326391e+00  1.800000e+00
   endloop
 endfacet
 facet normal  0.000000e+00  0.000000e+00  1.000000e+00
   outer loop
     vertex  7.133317e+01  7.275047e+00  1.800000e+00
     vertex  7.121382e+01  7.326391e+00  1.800000e+00
     vertex  7.108961e+01  7.364529e+00  1.800000e+00
   endloop
 endfacet
 facet normal  0.000000e+00  0.000000e+00  1.000000e+00
   outer loop
     vertex  7.133317e+01  7.275047e+00  1.800000e+00
     vertex  7.130387e+01  7.289091e+00  1.800000e+00
     vertex  7.121382e+01  7.326391e+00  1.800000e+00
   endloop
 endfacet
 facet normal  0.000000e+00  0.000000e+00  1.000000e+00
   outer loop
     vertex  7.186021e+01  6.762090e+00  1.800000e+00
     vertex  7.191477e+01  6.644166e+00  1.800000e+00
     vertex  7.190234e+01  6.674190e+00  1.800000e+00
   endloop
 endfacet
 facet normal  0.000000e+00  0.000000e+00  1.000000e+00
   outer loop
     vertex  7.186021e+01  6.762090e+00  1.800000e+00
     vertex  7.190234e+01  6.674190e+00  1.800000e+00
     vertex  7.188909e+01  6.703867e+00  1.800000e+00
   endloop
 endfacet
 facet normal  0.000000e+00  0.000000e+00  1.000000e+00
   outer loop
     vertex  7.186021e+01  6.762090e+00  1.800000e+00
     vertex  7.188909e+01  6.703867e+00  1.800000e+00
     vertex  7.187505e+01  6.733174e+00  1.800000e+00
   endloop
 endfacet
 facet normal  0.000000e+00  0.000000e+00  1.000000e+00
   outer loop
     vertex  7.186021e+01  6.762090e+00  1.800000e+00
     vertex  7.200000e+01  6.200000e+00  1.800000e+00
     vertex  7.191477e+01  6.644166e+00  1.800000e+00
   endloop
 endfacet
 facet normal  0.000000e+00  0.000000e+00  1.000000e+00
   outer loop
     vertex  7.182823e+01  6.818665e+00  1.800000e+00
     vertex  7.186021e+01  6.762090e+00  1.800000e+00
     vertex  7.184460e+01  6.790594e+00  1.800000e+00
   endloop
 endfacet
 facet normal  0.000000e+00  0.000000e+00  1.000000e+00
   outer loop
     vertex  7.141866e+01  7.228229e+00  1.800000e+00
     vertex  7.139059e+01  7.244605e+00  1.800000e+00
     vertex  7.136209e+01  7.260214e+00  1.800000e+00
   endloop
 endfacet
 facet normal  0.000000e+00  0.000000e+00  1.000000e+00
   outer loop
     vertex  7.141866e+01  7.228229e+00  1.800000e+00
     vertex  7.136209e+01  7.260214e+00  1.800000e+00
     vertex  7.133317e+01  7.275047e+00  1.800000e+00
   endloop
 endfacet
 facet normal  0.000000e+00  0.000000e+00  1.000000e+00
   outer loop
     vertex  7.181110e+01  6.846282e+00  1.800000e+00
     vertex  7.186021e+01  6.762090e+00  1.800000e+00
     vertex  7.182823e+01  6.818665e+00  1.800000e+00
   endloop
 endfacet
 facet normal  0.000000e+00  0.000000e+00  1.000000e+00
   outer loop
     vertex  7.144628e+01  7.211098e+00  1.800000e+00
     vertex  7.108961e+01  7.364529e+00  1.800000e+00
     vertex  7.200000e+01  6.200000e+00  1.800000e+00
   endloop
 endfacet
 facet normal  0.000000e+00  0.000000e+00  1.000000e+00
   outer loop
     vertex  7.144628e+01  7.211098e+00  1.800000e+00
     vertex  7.133317e+01  7.275047e+00  1.800000e+00
     vertex  7.108961e+01  7.364529e+00  1.800000e+00
   endloop
 endfacet
 facet normal  0.000000e+00  0.000000e+00  1.000000e+00
   outer loop
     vertex  7.144628e+01  7.211098e+00  1.800000e+00
     vertex  7.200000e+01  6.200000e+00  1.800000e+00
     vertex  7.186021e+01  6.762090e+00  1.800000e+00
   endloop
 endfacet
 facet normal  0.000000e+00  0.000000e+00  1.000000e+00
   outer loop
     vertex  7.144628e+01  7.211098e+00  1.800000e+00
     vertex  7.186021e+01  6.762090e+00  1.800000e+00
     vertex  7.181110e+01  6.846282e+00  1.800000e+00
   endloop
 endfacet
 facet normal  0.000000e+00  0.000000e+00  1.000000e+00
   outer loop
     vertex  7.144628e+01  7.211098e+00  1.800000e+00
     vertex  7.141866e+01  7.228229e+00  1.800000e+00
     vertex  7.133317e+01  7.275047e+00  1.800000e+00
   endloop
 endfacet
 facet normal  0.000000e+00  0.000000e+00  1.000000e+00
   outer loop
     vertex  7.175531e+01  6.926209e+00  1.800000e+00
     vertex  7.179323e+01  6.873424e+00  1.800000e+00
     vertex  7.177463e+01  6.900073e+00  1.800000e+00
   endloop
 endfacet
 facet normal  0.000000e+00  0.000000e+00  1.000000e+00
   outer loop
     vertex  7.152621e+01  7.155312e+00  1.800000e+00
     vertex  7.150007e+01  7.174627e+00  1.800000e+00
     vertex  7.147342e+01  7.193227e+00  1.800000e+00
   endloop
 endfacet
 facet normal  0.000000e+00  0.000000e+00  1.000000e+00
   outer loop
     vertex  7.152621e+01  7.155312e+00  1.800000e+00
     vertex  7.147342e+01  7.193227e+00  1.800000e+00
     vertex  7.144628e+01  7.211098e+00  1.800000e+00
   endloop
 endfacet
 facet normal  0.000000e+00  0.000000e+00  1.000000e+00
   outer loop
     vertex  7.173530e+01  6.951812e+00  1.800000e+00
     vertex  7.181110e+01  6.846282e+00  1.800000e+00
     vertex  7.179323e+01  6.873424e+00  1.800000e+00
   endloop
 endfacet
 facet normal  0.000000e+00  0.000000e+00  1.000000e+00
   outer loop
     vertex  7.173530e+01  6.951812e+00  1.800000e+00
     vertex  7.179323e+01  6.873424e+00  1.800000e+00
     vertex  7.175531e+01  6.926209e+00  1.800000e+00
   endloop
 endfacet
 facet normal  0.000000e+00  0.000000e+00  1.000000e+00
   outer loop
     vertex  7.155181e+01  7.135296e+00  1.800000e+00
     vertex  7.152621e+01  7.155312e+00  1.800000e+00
     vertex  7.144628e+01  7.211098e+00  1.800000e+00
   endloop
 endfacet
 facet normal  0.000000e+00  0.000000e+00  1.000000e+00
   outer loop
     vertex  7.157686e+01  7.114594e+00  1.800000e+00
     vertex  7.155181e+01  7.135296e+00  1.800000e+00
     vertex  7.144628e+01  7.211098e+00  1.800000e+00
   endloop
 endfacet
 facet normal  0.000000e+00  0.000000e+00  1.000000e+00
   outer loop
     vertex  7.169322e+01  7.001345e+00  1.800000e+00
     vertex  7.173530e+01  6.951812e+00  1.800000e+00
     vertex  7.171459e+01  6.976864e+00  1.800000e+00
   endloop
 endfacet
 facet normal  0.000000e+00  0.000000e+00  1.000000e+00
   outer loop
     vertex  7.160135e+01  7.093222e+00  1.800000e+00
     vertex  7.157686e+01  7.114594e+00  1.800000e+00
     vertex  7.144628e+01  7.211098e+00  1.800000e+00
   endloop
 endfacet
 facet normal  0.000000e+00  0.000000e+00  1.000000e+00
   outer loop
     vertex  7.167119e+01  7.025239e+00  1.800000e+00
     vertex  7.181110e+01  6.846282e+00  1.800000e+00
     vertex  7.173530e+01  6.951812e+00  1.800000e+00
   endloop
 endfacet
 facet normal  0.000000e+00  0.000000e+00  1.000000e+00
   outer loop
     vertex  7.167119e+01  7.025239e+00  1.800000e+00
     vertex  7.173530e+01  6.951812e+00  1.800000e+00
     vertex  7.169322e+01  7.001345e+00  1.800000e+00
   endloop
 endfacet
 facet normal  0.000000e+00  0.000000e+00  1.000000e+00
   outer loop
     vertex  7.164853e+01  7.048528e+00  1.800000e+00
     vertex  7.162524e+01  7.071195e+00  1.800000e+00
     vertex  7.160135e+01  7.093222e+00  1.800000e+00
   endloop
 endfacet
 facet normal  0.000000e+00  0.000000e+00  1.000000e+00
   outer loop
     vertex  7.164853e+01  7.048528e+00  1.800000e+00
     vertex  7.144628e+01  7.211098e+00  1.800000e+00
     vertex  7.181110e+01  6.846282e+00  1.800000e+00
   endloop
 endfacet
 facet normal  0.000000e+00  0.000000e+00  1.000000e+00
   outer loop
     vertex  7.164853e+01  7.048528e+00  1.800000e+00
     vertex  7.181110e+01  6.846282e+00  1.800000e+00
     vertex  7.167119e+01  7.025239e+00  1.800000e+00
   endloop
 endfacet
 facet normal  0.000000e+00  0.000000e+00  1.000000e+00
   outer loop
     vertex  7.164853e+01  7.048528e+00  1.800000e+00
     vertex  7.160135e+01  7.093222e+00  1.800000e+00
     vertex  7.144628e+01  7.211098e+00  1.800000e+00
   endloop
 endfacet
 facet normal  0.000000e+00  0.000000e+00 -1.000000e+00
   outer loop
     vertex  7.162524e+01  3.288054e-01  0.000000e+00
     vertex  7.167119e+01  3.747606e-01  0.000000e+00
     vertex  7.164853e+01  3.514719e-01  0.000000e+00
   endloop
 endfacet
 facet normal  0.000000e+00  0.000000e+00 -1.000000e+00
   outer loop
     vertex  7.171459e+01  4.231365e-01  0.000000e+00
     vertex  7.169322e+01  3.986547e-01  0.000000e+00
     vertex  7.167119e+01  3.747606e-01  0.000000e+00
   endloop
 endfacet
 facet normal  0.000000e+00  0.000000e+00 -1.000000e+00
   outer loop
     vertex  7.157686e+01  2.854055e-01  0.000000e+00
     vertex  7.162524e+01  3.288054e-01  0.000000e+00
     vertex  7.160135e+01  3.067779e-01  0.000000e+00
   endloop
 endfacet
 facet normal  0.000000e+00  0.000000e+00 -1.000000e+00
   outer loop
     vertex  7.152621e+01  2.446883e-01  0.000000e+00
     vertex  7.157686e+01  2.854055e-01  0.000000e+00
     vertex  7.155181e+01  2.647039e-01  0.000000e+00
   endloop
 endfacet
 facet normal  0.000000e+00  0.000000e+00 -1.000000e+00
   outer loop
     vertex  7.175531e+01  4.737909e-01  0.000000e+00
     vertex  7.173530e+01  4.481880e-01  0.000000e+00
     vertex  7.171459e+01  4.231365e-01  0.000000e+00
   endloop
 endfacet
 facet normal  0.000000e+00  0.000000e+00 -1.000000e+00
   outer loop
     vertex  7.175531e+01  4.737909e-01  0.000000e+00
     vertex  7.171459e+01  4.231365e-01  0.000000e+00
     vertex  7.167119e+01  3.747606e-01  0.000000e+00
   endloop
 endfacet
 facet normal  0.000000e+00  0.000000e+00 -1.000000e+00
   outer loop
     vertex  7.150007e+01  2.253734e-01  0.000000e+00
     vertex  7.157686e+01  2.854055e-01  0.000000e+00
     vertex  7.152621e+01  2.446883e-01  0.000000e+00
   endloop
 endfacet
 facet normal  0.000000e+00  0.000000e+00 -1.000000e+00
   outer loop
     vertex  7.147342e+01  2.067732e-01  0.000000e+00
     vertex  7.162524e+01  3.288054e-01  0.000000e+00
     vertex  7.157686e+01  2.854055e-01  0.000000e+00
   endloop
 endfacet
 facet normal  0.000000e+00  0.000000e+00 -1.000000e+00
   outer loop
     vertex  7.147342e+01  2.067732e-01  0.000000e+00
     vertex  7.157686e+01  2.854055e-01  0.000000e+00
     vertex  7.150007e+01  2.253734e-01  0.000000e+00
   endloop
 endfacet
 facet normal  0.000000e+00  0.000000e+00 -1.000000e+00
   outer loop
     vertex  7.181110e+01  5.537184e-01  0.000000e+00
     vertex  7.177463e+01  4.999265e-01  0.000000e+00
     vertex  7.175531e+01  4.737909e-01  0.000000e+00
   endloop
 endfacet
 facet normal  0.000000e+00  0.000000e+00 -1.000000e+00
   outer loop
     vertex  7.181110e+01  5.537184e-01  0.000000e+00
     vertex  7.179323e+01  5.265755e-01  0.000000e+00
     vertex  7.177463e+01  4.999265e-01  0.000000e+00
   endloop
 endfacet
 facet normal  0.000000e+00  0.000000e+00 -1.000000e+00
   outer loop
     vertex  7.141866e+01  1.717714e-01  0.000000e+00
     vertex  7.147342e+01  2.067732e-01  0.000000e+00
     vertex  7.144628e+01  1.889015e-01  0.000000e+00
   endloop
 endfacet
 facet normal  0.000000e+00  0.000000e+00 -1.000000e+00
   outer loop
     vertex  7.184460e+01  6.094060e-01  0.000000e+00
     vertex  7.182823e+01  5.813354e-01  0.000000e+00
     vertex  7.181110e+01  5.537184e-01  0.000000e+00
   endloop
 endfacet
 facet normal  0.000000e+00  0.000000e+00 -1.000000e+00
   outer loop
     vertex  7.184460e+01  6.094060e-01  0.000000e+00
     vertex  7.175531e+01  4.737909e-01  0.000000e+00
     vertex  7.167119e+01  3.747606e-01  0.000000e+00
   endloop
 endfacet
 facet normal  0.000000e+00  0.000000e+00 -1.000000e+00
   outer loop
     vertex  7.184460e+01  6.094060e-01  0.000000e+00
     vertex  7.181110e+01  5.537184e-01  0.000000e+00
     vertex  7.175531e+01  4.737909e-01  0.000000e+00
   endloop
 endfacet
 facet normal  0.000000e+00  0.000000e+00 -1.000000e+00
   outer loop
     vertex  7.136209e+01  1.397855e-01  0.000000e+00
     vertex  7.147342e+01  2.067732e-01  0.000000e+00
     vertex  7.141866e+01  1.717714e-01  0.000000e+00
   endloop
 endfacet
 facet normal  0.000000e+00  0.000000e+00 -1.000000e+00
   outer loop
     vertex  7.136209e+01  1.397855e-01  0.000000e+00
     vertex  7.141866e+01  1.717714e-01  0.000000e+00
     vertex  7.139059e+01  1.553954e-01  0.000000e+00
   endloop
 endfacet
 facet normal  0.000000e+00  0.000000e+00 -1.000000e+00
   outer loop
     vertex  7.187505e+01  6.668260e-01  0.000000e+00
     vertex  7.186021e+01  6.379099e-01  0.000000e+00
     vertex  7.184460e+01  6.094060e-01  0.000000e+00
   endloop
 endfacet
 facet normal  0.000000e+00  0.000000e+00 -1.000000e+00
   outer loop
     vertex  7.130387e+01  1.109095e-01  0.000000e+00
     vertex  7.136209e+01  1.397855e-01  0.000000e+00
     vertex  7.133317e+01  1.249533e-01  0.000000e+00
   endloop
 endfacet
 facet normal  0.000000e+00  0.000000e+00 -1.000000e+00
   outer loop
     vertex  7.127419e+01  9.766447e-02  0.000000e+00
     vertex  7.136209e+01  1.397855e-01  0.000000e+00
     vertex  7.130387e+01  1.109095e-01  0.000000e+00
   endloop
 endfacet
 facet normal  0.000000e+00  0.000000e+00 -1.000000e+00
   outer loop
     vertex  7.190234e+01  7.258098e-01  0.000000e+00
     vertex  7.188909e+01  6.961331e-01  0.000000e+00
     vertex  7.187505e+01  6.668260e-01  0.000000e+00
   endloop
 endfacet
 facet normal  0.000000e+00  0.000000e+00 -1.000000e+00
   outer loop
     vertex  7.124417e+01  8.522794e-02  0.000000e+00
     vertex  7.136209e+01  1.397855e-01  0.000000e+00
     vertex  7.127419e+01  9.766447e-02  0.000000e+00
   endloop
 endfacet
 facet normal  0.000000e+00  0.000000e+00 -1.000000e+00
   outer loop
     vertex  7.191477e+01  7.558342e-01  0.000000e+00
     vertex  7.190234e+01  7.258098e-01  0.000000e+00
     vertex  7.187505e+01  6.668260e-01  0.000000e+00
   endloop
 endfacet
 facet normal  0.000000e+00  0.000000e+00 -1.000000e+00
   outer loop
     vertex  7.192639e+01  7.861844e-01  0.000000e+00
     vertex  7.167119e+01  3.747606e-01  0.000000e+00
     vertex  7.162524e+01  3.288054e-01  0.000000e+00
   endloop
 endfacet
 facet normal  0.000000e+00  0.000000e+00 -1.000000e+00
   outer loop
     vertex  7.192639e+01  7.861844e-01  0.000000e+00
     vertex  7.187505e+01  6.668260e-01  0.000000e+00
     vertex  7.184460e+01  6.094060e-01  0.000000e+00
   endloop
 endfacet
 facet normal  0.000000e+00  0.000000e+00 -1.000000e+00
   outer loop
     vertex  7.192639e+01  7.861844e-01  0.000000e+00
     vertex  7.191477e+01  7.558342e-01  0.000000e+00
     vertex  7.187505e+01  6.668260e-01  0.000000e+00
   endloop
 endfacet
 facet normal  0.000000e+00  0.000000e+00 -1.000000e+00
   outer loop
     vertex  7.192639e+01  7.861844e-01  0.000000e+00
     vertex  7.184460e+01  6.094060e-01  0.000000e+00
     vertex  7.167119e+01  3.747606e-01  0.000000e+00
   endloop
 endfacet
 facet normal  0.000000e+00  0.000000e+00 -1.000000e+00
   outer loop
     vertex  7.118316e+01  6.281619e-02  0.000000e+00
     vertex  7.124417e+01  8.522794e-02  0.000000e+00
     vertex  7.121382e+01  7.360900e-02  0.000000e+00
   endloop
 endfacet
 facet normal  0.000000e+00  0.000000e+00 -1.000000e+00
   outer loop
     vertex  7.118316e+01  6.281619e-02  0.000000e+00
     vertex  7.136209e+01  1.397855e-01  0.000000e+00
     vertex  7.124417e+01  8.522794e-02  0.000000e+00
   endloop
 endfacet
 facet normal  0.000000e+00  0.000000e+00 -1.000000e+00
   outer loop
     vertex  7.194714e+01  8.477729e-01  0.000000e+00
     vertex  7.193718e+01  8.168382e-01  0.000000e+00
     vertex  7.192639e+01  7.861844e-01  0.000000e+00
   endloop
 endfacet
 facet normal  0.000000e+00  0.000000e+00 -1.000000e+00
   outer loop
     vertex  7.195626e+01  8.789660e-01  0.000000e+00
     vertex  7.194714e+01  8.477729e-01  0.000000e+00
     vertex  7.192639e+01  7.861844e-01  0.000000e+00
   endloop
 endfacet
 facet normal  0.000000e+00  0.000000e+00 -1.000000e+00
   outer loop
     vertex  7.108961e+01  3.547062e-02  0.000000e+00
     vertex  7.115223e+01  5.285743e-02  0.000000e+00
     vertex  7.112103e+01  4.374001e-02  0.000000e+00
   endloop
 endfacet
 facet normal  0.000000e+00  0.000000e+00 -1.000000e+00
   outer loop
     vertex  7.108961e+01  3.547062e-02  0.000000e+00
     vertex  7.118316e+01  6.281619e-02  0.000000e+00
     vertex  7.115223e+01  5.285743e-02  0.000000e+00
   endloop
 endfacet
 facet normal  0.000000e+00  0.000000e+00 -1.000000e+00
   outer loop
     vertex  7.197194e+01  9.420355e-01  0.000000e+00
     vertex  7.195626e+01  8.789660e-01  0.000000e+00
     vertex  7.192639e+01  7.861844e-01  0.000000e+00
   endloop
 endfacet
 facet normal  0.000000e+00  0.000000e+00 -1.000000e+00
   outer loop
     vertex  7.197194e+01  9.420355e-01  0.000000e+00
     vertex  7.196453e+01  9.103945e-01  0.000000e+00
     vertex  7.195626e+01  8.789660e-01  0.000000e+00
   endloop
 endfacet
 facet normal  0.000000e+00  0.000000e+00 -1.000000e+00
   outer loop
     vertex  7.102613e+01  2.149958e-02  0.000000e+00
     vertex  7.108961e+01  3.547062e-02  0.000000e+00
     vertex  7.105796e+01  2.805533e-02  0.000000e+00
   endloop
 endfacet
 facet normal  0.000000e+00  0.000000e+00 -1.000000e+00
   outer loop
     vertex  7.198419e+01  1.005862e+00  0.000000e+00
     vertex  7.197850e+01  9.738656e-01  0.000000e+00
     vertex  7.197194e+01  9.420355e-01  0.000000e+00
   endloop
 endfacet
 facet normal  0.000000e+00  0.000000e+00 -1.000000e+00
   outer loop
     vertex  7.096200e+01  1.098528e-02  0.000000e+00
     vertex  7.102613e+01  2.149958e-02  0.000000e+00
     vertex  7.099414e+01  1.580817e-02  0.000000e+00
   endloop
 endfacet
 facet normal  0.000000e+00  0.000000e+00 -1.000000e+00
   outer loop
     vertex  7.198901e+01  1.038000e+00  0.000000e+00
     vertex  7.198419e+01  1.005862e+00  0.000000e+00
     vertex  7.197194e+01  9.420355e-01  0.000000e+00
   endloop
 endfacet
 facet normal  0.000000e+00  0.000000e+00 -1.000000e+00
   outer loop
     vertex  7.199297e+01  1.070257e+00  0.000000e+00
     vertex  7.198901e+01  1.038000e+00  0.000000e+00
     vertex  7.197194e+01  9.420355e-01  0.000000e+00
   endloop
 endfacet
 facet normal  0.000000e+00  0.000000e+00 -1.000000e+00
   outer loop
     vertex  7.199824e+01  1.135033e+00  0.000000e+00
     vertex  7.199604e+01  1.102610e+00  0.000000e+00
     vertex  7.199297e+01  1.070257e+00  0.000000e+00
   endloop
 endfacet
 facet normal  0.000000e+00  0.000000e+00 -1.000000e+00
   outer loop
     vertex  7.200000e+01  1.200000e+00  0.000000e+00
     vertex  7.199956e+01  1.167505e+00  0.000000e+00
     vertex  7.199824e+01  1.135033e+00  0.000000e+00
   endloop
 endfacet
 facet normal  0.000000e+00  0.000000e+00 -1.000000e+00
   outer loop
     vertex  7.200000e+01  1.200000e+00  0.000000e+00
     vertex  7.199297e+01  1.070257e+00  0.000000e+00
     vertex  7.197194e+01  9.420355e-01  0.000000e+00
   endloop
 endfacet
 facet normal  0.000000e+00  0.000000e+00 -1.000000e+00
   outer loop
     vertex  7.200000e+01  1.200000e+00  0.000000e+00
     vertex  7.199824e+01  1.135033e+00  0.000000e+00
     vertex  7.199297e+01  1.070257e+00  0.000000e+00
   endloop
 endfacet
 facet normal  0.000000e+00  0.000000e+00 -1.000000e+00
   outer loop
     vertex  7.080000e+01  0.000000e+00  0.000000e+00
     vertex  7.118316e+01  6.281619e-02  0.000000e+00
     vertex  7.108961e+01  3.547062e-02  0.000000e+00
   endloop
 endfacet
 facet normal  0.000000e+00  0.000000e+00 -1.000000e+00
   outer loop
     vertex  7.080000e+01  0.000000e+00  0.000000e+00
     vertex  7.108961e+01  3.547062e-02  0.000000e+00
     vertex  7.102613e+01  2.149958e-02  0.000000e+00
   endloop
 endfacet
 facet normal  0.000000e+00  0.000000e+00 -1.000000e+00
   outer loop
     vertex  7.080000e+01  0.000000e+00  0.000000e+00
     vertex  7.136209e+01  1.397855e-01  0.000000e+00
     vertex  7.118316e+01  6.281619e-02  0.000000e+00
   endloop
 endfacet
 facet normal  0.000000e+00  0.000000e+00 -1.000000e+00
   outer loop
     vertex  7.080000e+01  0.000000e+00  0.000000e+00
     vertex  7.197194e+01  9.420355e-01  0.000000e+00
     vertex  7.192639e+01  7.861844e-01  0.000000e+00
   endloop
 endfacet
 facet normal  0.000000e+00  0.000000e+00 -1.000000e+00
   outer loop
     vertex  7.080000e+01  0.000000e+00  0.000000e+00
     vertex  7.102613e+01  2.149958e-02  0.000000e+00
     vertex  7.096200e+01  1.098528e-02  0.000000e+00
   endloop
 endfacet
 facet normal  0.000000e+00  0.000000e+00 -1.000000e+00
   outer loop
     vertex  7.080000e+01  0.000000e+00  0.000000e+00
     vertex  7.200000e+01  1.200000e+00  0.000000e+00
     vertex  7.197194e+01  9.420355e-01  0.000000e+00
   endloop
 endfacet
 facet normal  0.000000e+00  0.000000e+00 -1.000000e+00
   outer loop
     vertex  7.080000e+01  0.000000e+00  0.000000e+00
     vertex  7.162524e+01  3.288054e-01  0.000000e+00
     vertex  7.147342e+01  2.067732e-01  0.000000e+00
   endloop
 endfacet
 facet normal  0.000000e+00  0.000000e+00 -1.000000e+00
   outer loop
     vertex  7.080000e+01  0.000000e+00  0.000000e+00
     vertex  7.086497e+01  1.759903e-03  0.000000e+00
     vertex  7.083250e+01  4.400565e-04  0.000000e+00
   endloop
 endfacet
 facet normal  0.000000e+00  0.000000e+00 -1.000000e+00
   outer loop
     vertex  7.080000e+01  0.000000e+00  0.000000e+00
     vertex  7.089739e+01  3.958573e-03  0.000000e+00
     vertex  7.086497e+01  1.759903e-03  0.000000e+00
   endloop
 endfacet
 facet normal  0.000000e+00  0.000000e+00 -1.000000e+00
   outer loop
     vertex  7.080000e+01  0.000000e+00  0.000000e+00
     vertex  7.092974e+01  7.034451e-03  0.000000e+00
     vertex  7.089739e+01  3.958573e-03  0.000000e+00
   endloop
 endfacet
 facet normal  0.000000e+00  0.000000e+00 -1.000000e+00
   outer loop
     vertex  7.080000e+01  0.000000e+00  0.000000e+00
     vertex  7.096200e+01  1.098528e-02  0.000000e+00
     vertex  7.092974e+01  7.034451e-03  0.000000e+00
   endloop
 endfacet
 facet normal  0.000000e+00  0.000000e+00 -1.000000e+00
   outer loop
     vertex  7.080000e+01  0.000000e+00  0.000000e+00
     vertex  7.147342e+01  2.067732e-01  0.000000e+00
     vertex  7.136209e+01  1.397855e-01  0.000000e+00
   endloop
 endfacet
 facet normal  0.000000e+00  0.000000e+00 -1.000000e+00
   outer loop
     vertex  7.080000e+01  0.000000e+00  0.000000e+00
     vertex  7.192639e+01  7.861844e-01  0.000000e+00
     vertex  7.162524e+01  3.288054e-01  0.000000e+00
   endloop
 endfacet
 facet normal  0.000000e+00 -0.000000e+00 -1.000000e+00
   outer loop
     vertex  7.200000e+01  6.200000e+00  0.000000e+00
     vertex  7.200000e+01  1.200000e+00  0.000000e+00
     vertex  7.080000e+01  0.000000e+00  0.000000e+00
   endloop
 endfacet
 facet normal  0.000000e+00  0.000000e+00 -1.000000e+00
   outer loop
     vertex  7.199824e+01  6.264967e+00  0.000000e+00
     vertex  7.199956e+01  6.232495e+00  0.000000e+00
     vertex  7.200000e+01  6.200000e+00  0.000000e+00
   endloop
 endfacet
 facet normal  0.000000e+00  0.000000e+00 -1.000000e+00
   outer loop
     vertex  7.199604e+01  6.297390e+00  0.000000e+00
     vertex  7.199824e+01  6.264967e+00  0.000000e+00
     vertex  7.200000e+01  6.200000e+00  0.000000e+00
   endloop
 endfacet
 facet normal  0.000000e+00  0.000000e+00 -1.000000e+00
   outer loop
     vertex  7.199297e+01  6.329743e+00  0.000000e+00
     vertex  7.199604e+01  6.297390e+00  0.000000e+00
     vertex  7.200000e+01  6.200000e+00  0.000000e+00
   endloop
 endfacet
 facet normal  0.000000e+00  0.000000e+00 -1.000000e+00
   outer loop
     vertex  7.197194e+01  6.457965e+00  0.000000e+00
     vertex  7.198901e+01  6.362000e+00  0.000000e+00
     vertex  7.199297e+01  6.329743e+00  0.000000e+00
   endloop
 endfacet
 facet normal  0.000000e+00  0.000000e+00 -1.000000e+00
   outer loop
     vertex  7.197194e+01  6.457965e+00  0.000000e+00
     vertex  7.198419e+01  6.394138e+00  0.000000e+00
     vertex  7.198901e+01  6.362000e+00  0.000000e+00
   endloop
 endfacet
 facet normal  0.000000e+00  0.000000e+00 -1.000000e+00
   outer loop
     vertex  7.197194e+01  6.457965e+00  0.000000e+00
     vertex  7.197850e+01  6.426134e+00  0.000000e+00
     vertex  7.198419e+01  6.394138e+00  0.000000e+00
   endloop
 endfacet
 facet normal  0.000000e+00  0.000000e+00 -1.000000e+00
   outer loop
     vertex  7.196453e+01  6.489605e+00  0.000000e+00
     vertex  7.199297e+01  6.329743e+00  0.000000e+00
     vertex  7.200000e+01  6.200000e+00  0.000000e+00
   endloop
 endfacet
 facet normal  0.000000e+00  0.000000e+00 -1.000000e+00
   outer loop
     vertex  7.196453e+01  6.489605e+00  0.000000e+00
     vertex  7.197194e+01  6.457965e+00  0.000000e+00
     vertex  7.199297e+01  6.329743e+00  0.000000e+00
   endloop
 endfacet
 facet normal  0.000000e+00  0.000000e+00 -1.000000e+00
   outer loop
     vertex  7.192639e+01  6.613816e+00  0.000000e+00
     vertex  7.195626e+01  6.521034e+00  0.000000e+00
     vertex  7.196453e+01  6.489605e+00  0.000000e+00
   endloop
 endfacet
 facet normal  0.000000e+00  0.000000e+00 -1.000000e+00
   outer loop
     vertex  7.192639e+01  6.613816e+00  0.000000e+00
     vertex  7.194714e+01  6.552227e+00  0.000000e+00
     vertex  7.195626e+01  6.521034e+00  0.000000e+00
   endloop
 endfacet
 facet normal  0.000000e+00  0.000000e+00 -1.000000e+00
   outer loop
     vertex  7.192639e+01  6.613816e+00  0.000000e+00
     vertex  7.193718e+01  6.583162e+00  0.000000e+00
     vertex  7.194714e+01  6.552227e+00  0.000000e+00
   endloop
 endfacet
 facet normal  0.000000e+00  0.000000e+00 -1.000000e+00
   outer loop
     vertex  7.192639e+01  6.613816e+00  0.000000e+00
     vertex  7.196453e+01  6.489605e+00  0.000000e+00
     vertex  7.200000e+01  6.200000e+00  0.000000e+00
   endloop
 endfacet
 facet normal  0.000000e+00  0.000000e+00 -1.000000e+00
   outer loop
     vertex  7.191477e+01  6.644166e+00  0.000000e+00
     vertex  7.192639e+01  6.613816e+00  0.000000e+00
     vertex  7.200000e+01  6.200000e+00  0.000000e+00
   endloop
 endfacet
 facet normal  0.000000e+00  0.000000e+00 -1.000000e+00
   outer loop
     vertex  7.190234e+01  6.674190e+00  0.000000e+00
     vertex  7.191477e+01  6.644166e+00  0.000000e+00
     vertex  7.200000e+01  6.200000e+00  0.000000e+00
   endloop
 endfacet
 facet normal  0.000000e+00  0.000000e+00 -1.000000e+00
   outer loop
     vertex  7.187505e+01  6.733174e+00  0.000000e+00
     vertex  7.188909e+01  6.703867e+00  0.000000e+00
     vertex  7.190234e+01  6.674190e+00  0.000000e+00
   endloop
 endfacet
 facet normal  0.000000e+00  0.000000e+00 -1.000000e+00
   outer loop
     vertex  7.186021e+01  6.762090e+00  0.000000e+00
     vertex  7.187505e+01  6.733174e+00  0.000000e+00
     vertex  7.190234e+01  6.674190e+00  0.000000e+00
   endloop
 endfacet
 facet normal  0.000000e+00  0.000000e+00 -1.000000e+00
   outer loop
     vertex  7.186021e+01  6.762090e+00  0.000000e+00
     vertex  7.190234e+01  6.674190e+00  0.000000e+00
     vertex  7.200000e+01  6.200000e+00  0.000000e+00
   endloop
 endfacet
 facet normal  0.000000e+00  0.000000e+00 -1.000000e+00
   outer loop
     vertex  7.181110e+01  6.846282e+00  0.000000e+00
     vertex  7.184460e+01  6.790594e+00  0.000000e+00
     vertex  7.186021e+01  6.762090e+00  0.000000e+00
   endloop
 endfacet
 facet normal  0.000000e+00  0.000000e+00 -1.000000e+00
   outer loop
     vertex  7.181110e+01  6.846282e+00  0.000000e+00
     vertex  7.182823e+01  6.818665e+00  0.000000e+00
     vertex  7.184460e+01  6.790594e+00  0.000000e+00
   endloop
 endfacet
 facet normal  0.000000e+00  0.000000e+00 -1.000000e+00
   outer loop
     vertex  7.177463e+01  6.900073e+00  0.000000e+00
     vertex  7.179323e+01  6.873424e+00  0.000000e+00
     vertex  7.181110e+01  6.846282e+00  0.000000e+00
   endloop
 endfacet
 facet normal  0.000000e+00  0.000000e+00 -1.000000e+00
   outer loop
     vertex  7.177463e+01  6.900073e+00  0.000000e+00
     vertex  7.181110e+01  6.846282e+00  0.000000e+00
     vertex  7.186021e+01  6.762090e+00  0.000000e+00
   endloop
 endfacet
 facet normal  0.000000e+00  0.000000e+00 -1.000000e+00
   outer loop
     vertex  7.175531e+01  6.926209e+00  0.000000e+00
     vertex  7.177463e+01  6.900073e+00  0.000000e+00
     vertex  7.186021e+01  6.762090e+00  0.000000e+00
   endloop
 endfacet
 facet normal  0.000000e+00  0.000000e+00 -1.000000e+00
   outer loop
     vertex  7.173530e+01  6.951812e+00  0.000000e+00
     vertex  7.175531e+01  6.926209e+00  0.000000e+00
     vertex  7.186021e+01  6.762090e+00  0.000000e+00
   endloop
 endfacet
 facet normal  0.000000e+00  0.000000e+00 -1.000000e+00
   outer loop
     vertex  7.164853e+01  7.048528e+00  0.000000e+00
     vertex  7.173530e+01  6.951812e+00  0.000000e+00
     vertex  7.186021e+01  6.762090e+00  0.000000e+00
   endloop
 endfacet
 facet normal  0.000000e+00  0.000000e+00 -1.000000e+00
   outer loop
     vertex  7.164853e+01  7.048528e+00  0.000000e+00
     vertex  7.171459e+01  6.976864e+00  0.000000e+00
     vertex  7.173530e+01  6.951812e+00  0.000000e+00
   endloop
 endfacet
 facet normal  0.000000e+00  0.000000e+00 -1.000000e+00
   outer loop
     vertex  7.164853e+01  7.048528e+00  0.000000e+00
     vertex  7.169322e+01  7.001345e+00  0.000000e+00
     vertex  7.171459e+01  6.976864e+00  0.000000e+00
   endloop
 endfacet
 facet normal  0.000000e+00  0.000000e+00 -1.000000e+00
   outer loop
     vertex  7.164853e+01  7.048528e+00  0.000000e+00
     vertex  7.167119e+01  7.025239e+00  0.000000e+00
     vertex  7.169322e+01  7.001345e+00  0.000000e+00
   endloop
 endfacet
 facet normal  0.000000e+00  0.000000e+00 -1.000000e+00
   outer loop
     vertex  7.164853e+01  7.048528e+00  0.000000e+00
     vertex  7.186021e+01  6.762090e+00  0.000000e+00
     vertex  7.200000e+01  6.200000e+00  0.000000e+00
   endloop
 endfacet
 facet normal  0.000000e+00  0.000000e+00 -1.000000e+00
   outer loop
     vertex  7.160135e+01  7.093222e+00  0.000000e+00
     vertex  7.162524e+01  7.071195e+00  0.000000e+00
     vertex  7.164853e+01  7.048528e+00  0.000000e+00
   endloop
 endfacet
 facet normal  0.000000e+00  0.000000e+00 -1.000000e+00
   outer loop
     vertex  7.155181e+01  7.135296e+00  0.000000e+00
     vertex  7.160135e+01  7.093222e+00  0.000000e+00
     vertex  7.164853e+01  7.048528e+00  0.000000e+00
   endloop
 endfacet
 facet normal  0.000000e+00  0.000000e+00 -1.000000e+00
   outer loop
     vertex  7.155181e+01  7.135296e+00  0.000000e+00
     vertex  7.157686e+01  7.114594e+00  0.000000e+00
     vertex  7.160135e+01  7.093222e+00  0.000000e+00
   endloop
 endfacet
 facet normal  0.000000e+00  0.000000e+00 -1.000000e+00
   outer loop
     vertex  7.150007e+01  7.174627e+00  0.000000e+00
     vertex  7.152621e+01  7.155312e+00  0.000000e+00
     vertex  7.155181e+01  7.135296e+00  0.000000e+00
   endloop
 endfacet
 facet normal  0.000000e+00  0.000000e+00 -1.000000e+00
   outer loop
     vertex  7.144628e+01  7.211098e+00  0.000000e+00
     vertex  7.155181e+01  7.135296e+00  0.000000e+00
     vertex  7.164853e+01  7.048528e+00  0.000000e+00
   endloop
 endfacet
 facet normal  0.000000e+00  0.000000e+00 -1.000000e+00
   outer loop
     vertex  7.144628e+01  7.211098e+00  0.000000e+00
     vertex  7.150007e+01  7.174627e+00  0.000000e+00
     vertex  7.155181e+01  7.135296e+00  0.000000e+00
   endloop
 endfacet
 facet normal  0.000000e+00  0.000000e+00 -1.000000e+00
   outer loop
     vertex  7.144628e+01  7.211098e+00  0.000000e+00
     vertex  7.147342e+01  7.193227e+00  0.000000e+00
     vertex  7.150007e+01  7.174627e+00  0.000000e+00
   endloop
 endfacet
 facet normal  0.000000e+00  0.000000e+00 -1.000000e+00
   outer loop
     vertex  7.136209e+01  7.260214e+00  0.000000e+00
     vertex  7.144628e+01  7.211098e+00  0.000000e+00
     vertex  7.164853e+01  7.048528e+00  0.000000e+00
   endloop
 endfacet
 facet normal  0.000000e+00  0.000000e+00 -1.000000e+00
   outer loop
     vertex  7.136209e+01  7.260214e+00  0.000000e+00
     vertex  7.141866e+01  7.228229e+00  0.000000e+00
     vertex  7.144628e+01  7.211098e+00  0.000000e+00
   endloop
 endfacet
 facet normal  0.000000e+00  0.000000e+00 -1.000000e+00
   outer loop
     vertex  7.136209e+01  7.260214e+00  0.000000e+00
     vertex  7.139059e+01  7.244605e+00  0.000000e+00
     vertex  7.141866e+01  7.228229e+00  0.000000e+00
   endloop
 endfacet
 facet normal  0.000000e+00  0.000000e+00 -1.000000e+00
   outer loop
     vertex  7.124417e+01  7.314772e+00  0.000000e+00
     vertex  7.127419e+01  7.302336e+00  0.000000e+00
     vertex  7.130387e+01  7.289091e+00  0.000000e+00
   endloop
 endfacet
 facet normal  0.000000e+00  0.000000e+00 -1.000000e+00
   outer loop
     vertex  7.121382e+01  7.326391e+00  0.000000e+00
     vertex  7.124417e+01  7.314772e+00  0.000000e+00
     vertex  7.130387e+01  7.289091e+00  0.000000e+00
   endloop
 endfacet
 facet normal  0.000000e+00  0.000000e+00 -1.000000e+00
   outer loop
     vertex  7.118316e+01  7.337184e+00  0.000000e+00
     vertex  7.121382e+01  7.326391e+00  0.000000e+00
     vertex  7.130387e+01  7.289091e+00  0.000000e+00
   endloop
 endfacet
 facet normal  0.000000e+00  0.000000e+00 -1.000000e+00
   outer loop
     vertex  7.115223e+01  7.347143e+00  0.000000e+00
     vertex  7.118316e+01  7.337184e+00  0.000000e+00
     vertex  7.130387e+01  7.289091e+00  0.000000e+00
   endloop
 endfacet
 facet normal  0.000000e+00  0.000000e+00 -1.000000e+00
   outer loop
     vertex  7.115223e+01  7.347143e+00  0.000000e+00
     vertex  7.133317e+01  7.275047e+00  0.000000e+00
     vertex  7.136209e+01  7.260214e+00  0.000000e+00
   endloop
 endfacet
 facet normal  0.000000e+00  0.000000e+00 -1.000000e+00
   outer loop
     vertex  7.115223e+01  7.347143e+00  0.000000e+00
     vertex  7.130387e+01  7.289091e+00  0.000000e+00
     vertex  7.133317e+01  7.275047e+00  0.000000e+00
   endloop
 endfacet
 facet normal  0.000000e+00  0.000000e+00 -1.000000e+00
   outer loop
     vertex  7.112103e+01  7.356260e+00  0.000000e+00
     vertex  7.136209e+01  7.260214e+00  0.000000e+00
     vertex  7.164853e+01  7.048528e+00  0.000000e+00
   endloop
 endfacet
 facet normal  0.000000e+00  0.000000e+00 -1.000000e+00
   outer loop
     vertex  7.112103e+01  7.356260e+00  0.000000e+00
     vertex  7.115223e+01  7.347143e+00  0.000000e+00
     vertex  7.136209e+01  7.260214e+00  0.000000e+00
   endloop
 endfacet
 facet normal  0.000000e+00  0.000000e+00 -1.000000e+00
   outer loop
     vertex  7.108961e+01  7.364529e+00  0.000000e+00
     vertex  7.112103e+01  7.356260e+00  0.000000e+00
     vertex  7.164853e+01  7.048528e+00  0.000000e+00
   endloop
 endfacet
 facet normal  0.000000e+00  0.000000e+00 -1.000000e+00
   outer loop
     vertex  7.105796e+01  7.371945e+00  0.000000e+00
     vertex  7.108961e+01  7.364529e+00  0.000000e+00
     vertex  7.164853e+01  7.048528e+00  0.000000e+00
   endloop
 endfacet
 facet normal  0.000000e+00  0.000000e+00 -1.000000e+00
   outer loop
     vertex  7.102613e+01  7.378500e+00  0.000000e+00
     vertex  7.105796e+01  7.371945e+00  0.000000e+00
     vertex  7.164853e+01  7.048528e+00  0.000000e+00
   endloop
 endfacet
 facet normal  0.000000e+00  0.000000e+00 -1.000000e+00
   outer loop
     vertex  7.096200e+01  7.389015e+00  0.000000e+00
     vertex  7.099414e+01  7.384192e+00  0.000000e+00
     vertex  7.102613e+01  7.378500e+00  0.000000e+00
   endloop
 endfacet
 facet normal  0.000000e+00  0.000000e+00 -1.000000e+00
   outer loop
     vertex  7.092974e+01  7.392966e+00  0.000000e+00
     vertex  7.096200e+01  7.389015e+00  0.000000e+00
     vertex  7.102613e+01  7.378500e+00  0.000000e+00
   endloop
 endfacet
 facet normal  0.000000e+00  0.000000e+00 -1.000000e+00
   outer loop
     vertex  7.089739e+01  7.396041e+00  0.000000e+00
     vertex  7.164853e+01  7.048528e+00  0.000000e+00
     vertex  7.200000e+01  6.200000e+00  0.000000e+00
   endloop
 endfacet
 facet normal  0.000000e+00  0.000000e+00 -1.000000e+00
   outer loop
     vertex  7.089739e+01  7.396041e+00  0.000000e+00
     vertex  7.102613e+01  7.378500e+00  0.000000e+00
     vertex  7.164853e+01  7.048528e+00  0.000000e+00
   endloop
 endfacet
 facet normal  0.000000e+00  0.000000e+00 -1.000000e+00
   outer loop
     vertex  7.089739e+01  7.396041e+00  0.000000e+00
     vertex  7.092974e+01  7.392966e+00  0.000000e+00
     vertex  7.102613e+01  7.378500e+00  0.000000e+00
   endloop
 endfacet
 facet normal  0.000000e+00  0.000000e+00 -1.000000e+00
   outer loop
     vertex  7.080000e+01  7.400000e+00  0.000000e+00
     vertex  7.089739e+01  7.396041e+00  0.000000e+00
     vertex  7.200000e+01  6.200000e+00  0.000000e+00
   endloop
 endfacet
 facet normal  0.000000e+00  0.000000e+00 -1.000000e+00
   outer loop
     vertex  7.080000e+01  7.400000e+00  0.000000e+00
     vertex  7.200000e+01  6.200000e+00  0.000000e+00
     vertex  7.080000e+01  0.000000e+00  0.000000e+00
   endloop
 endfacet
 facet normal  0.000000e+00  0.000000e+00 -1.000000e+00
   outer loop
     vertex  7.080000e+01  7.400000e+00  0.000000e+00
     vertex  7.086497e+01  7.398240e+00  0.000000e+00
     vertex  7.089739e+01  7.396041e+00  0.000000e+00
   endloop
 endfacet
 facet normal  0.000000e+00  0.000000e+00 -1.000000e+00
   outer loop
     vertex  7.080000e+01  7.400000e+00  0.000000e+00
     vertex  7.083250e+01  7.399560e+00  0.000000e+00
     vertex  7.086497e+01  7.398240e+00  0.000000e+00
   endloop
 endfacet
 facet normal  0.000000e+00  0.000000e+00 -1.000000e+00
   outer loop
     vertex  1.102610e+00  3.958573e-03  0.000000e+00
     vertex  1.167505e+00  4.400565e-04  0.000000e+00
     vertex  1.135033e+00  1.759903e-03  0.000000e+00
   endloop
 endfacet
 facet normal  0.000000e+00  0.000000e+00 -1.000000e+00
   outer loop
     vertex  1.005862e+00  1.580817e-02  0.000000e+00
     vertex  1.070257e+00  7.034451e-03  0.000000e+00
     vertex  1.038000e+00  1.098528e-02  0.000000e+00
   endloop
 endfacet
 facet normal  0.000000e+00  0.000000e+00 -1.000000e+00
   outer loop
     vertex  1.005862e+00  1.580817e-02  0.000000e+00
     vertex  1.102610e+00  3.958573e-03  0.000000e+00
     vertex  1.070257e+00  7.034451e-03  0.000000e+00
   endloop
 endfacet
 facet normal  0.000000e+00  0.000000e+00 -1.000000e+00
   outer loop
     vertex  1.005862e+00  1.580817e-02  0.000000e+00
     vertex  1.200000e+00  0.000000e+00  0.000000e+00
     vertex  1.167505e+00  4.400565e-04  0.000000e+00
   endloop
 endfacet
 facet normal  0.000000e+00  0.000000e+00 -1.000000e+00
   outer loop
     vertex  1.005862e+00  1.580817e-02  0.000000e+00
     vertex  1.167505e+00  4.400565e-04  0.000000e+00
     vertex  1.102610e+00  3.958573e-03  0.000000e+00
   endloop
 endfacet
 facet normal  0.000000e+00  0.000000e+00 -1.000000e+00
   outer loop
     vertex  9.420355e-01  2.805533e-02  0.000000e+00
     vertex  1.005862e+00  1.580817e-02  0.000000e+00
     vertex  9.738656e-01  2.149958e-02  0.000000e+00
   endloop
 endfacet
 facet normal  0.000000e+00  0.000000e+00 -1.000000e+00
   outer loop
     vertex  9.420355e-01  2.805533e-02  0.000000e+00
     vertex  1.200000e+00  0.000000e+00  0.000000e+00
     vertex  1.005862e+00  1.580817e-02  0.000000e+00
   endloop
 endfacet
 facet normal  0.000000e+00  0.000000e+00 -1.000000e+00
   outer loop
     vertex  9.103945e-01  3.547062e-02  0.000000e+00
     vertex  1.200000e+00  0.000000e+00  0.000000e+00
     vertex  9.420355e-01  2.805533e-02  0.000000e+00
   endloop
 endfacet
 facet normal  0.000000e+00  0.000000e+00 -1.000000e+00
   outer loop
     vertex  8.477729e-01  5.285743e-02  0.000000e+00
     vertex  9.103945e-01  3.547062e-02  0.000000e+00
     vertex  8.789660e-01  4.374001e-02  0.000000e+00
   endloop
 endfacet
 facet normal  0.000000e+00  0.000000e+00 -1.000000e+00
   outer loop
     vertex  8.477729e-01  5.285743e-02  0.000000e+00
     vertex  1.200000e+00  0.000000e+00  0.000000e+00
     vertex  9.103945e-01  3.547062e-02  0.000000e+00
   endloop
 endfacet
 facet normal  0.000000e+00  0.000000e+00 -1.000000e+00
   outer loop
     vertex  8.168382e-01  6.281619e-02  0.000000e+00
     vertex  1.200000e+00  0.000000e+00  0.000000e+00
     vertex  8.477729e-01  5.285743e-02  0.000000e+00
   endloop
 endfacet
 facet normal  0.000000e+00  0.000000e+00 -1.000000e+00
   outer loop
     vertex  7.861844e-01  7.360900e-02  0.000000e+00
     vertex  1.200000e+00  0.000000e+00  0.000000e+00
     vertex  8.168382e-01  6.281619e-02  0.000000e+00
   endloop
 endfacet
 facet normal  0.000000e+00  0.000000e+00 -1.000000e+00
   outer loop
     vertex  7.558342e-01  8.522794e-02  0.000000e+00
     vertex  1.200000e+00  0.000000e+00  0.000000e+00
     vertex  7.861844e-01  7.360900e-02  0.000000e+00
   endloop
 endfacet
 facet normal  0.000000e+00  0.000000e+00 -1.000000e+00
   outer loop
     vertex  7.258098e-01  9.766447e-02  0.000000e+00
     vertex  1.200000e+00  0.000000e+00  0.000000e+00
     vertex  7.558342e-01  8.522794e-02  0.000000e+00
   endloop
 endfacet
 facet normal  0.000000e+00  0.000000e+00 -1.000000e+00
   outer loop
     vertex  6.961331e-01  1.109095e-01  0.000000e+00
     vertex  1.200000e+00  0.000000e+00  0.000000e+00
     vertex  7.258098e-01  9.766447e-02  0.000000e+00
   endloop
 endfacet
 facet normal  0.000000e+00  0.000000e+00 -1.000000e+00
   outer loop
     vertex  6.379099e-01  1.397855e-01  0.000000e+00
     vertex  6.961331e-01  1.109095e-01  0.000000e+00
     vertex  6.668260e-01  1.249533e-01  0.000000e+00
   endloop
 endfacet
 facet normal  0.000000e+00  0.000000e+00 -1.000000e+00
   outer loop
     vertex  5.813354e-01  1.717714e-01  0.000000e+00
     vertex  6.379099e-01  1.397855e-01  0.000000e+00
     vertex  6.094060e-01  1.553954e-01  0.000000e+00
   endloop
 endfacet
 facet normal  0.000000e+00  0.000000e+00 -1.000000e+00
   outer loop
     vertex  5.537184e-01  1.889015e-01  0.000000e+00
     vertex  1.200000e+00  0.000000e+00  0.000000e+00
     vertex  6.961331e-01  1.109095e-01  0.000000e+00
   endloop
 endfacet
 facet normal  0.000000e+00  0.000000e+00 -1.000000e+00
   outer loop
     vertex  5.537184e-01  1.889015e-01  0.000000e+00
     vertex  6.961331e-01  1.109095e-01  0.000000e+00
     vertex  6.379099e-01  1.397855e-01  0.000000e+00
   endloop
 endfacet
 facet normal  0.000000e+00  0.000000e+00 -1.000000e+00
   outer loop
     vertex  5.537184e-01  1.889015e-01  0.000000e+00
     vertex  6.379099e-01  1.397855e-01  0.000000e+00
     vertex  5.813354e-01  1.717714e-01  0.000000e+00
   endloop
 endfacet
 facet normal  0.000000e+00  0.000000e+00 -1.000000e+00
   outer loop
     vertex  5.265755e-01  2.067732e-01  0.000000e+00
     vertex  1.200000e+00  0.000000e+00  0.000000e+00
     vertex  5.537184e-01  1.889015e-01  0.000000e+00
   endloop
 endfacet
 facet normal  0.000000e+00  0.000000e+00 -1.000000e+00
   outer loop
     vertex  4.999265e-01  2.253734e-01  0.000000e+00
     vertex  1.200000e+00  0.000000e+00  0.000000e+00
     vertex  5.265755e-01  2.067732e-01  0.000000e+00
   endloop
 endfacet
 facet normal  0.000000e+00  0.000000e+00 -1.000000e+00
   outer loop
     vertex  4.481880e-01  2.647039e-01  0.000000e+00
     vertex  4.999265e-01  2.253734e-01  0.000000e+00
     vertex  4.737909e-01  2.446883e-01  0.000000e+00
   endloop
 endfacet
 facet normal  0.000000e+00  0.000000e+00 -1.000000e+00
   outer loop
     vertex  3.986547e-01  3.067779e-01  0.000000e+00
     vertex  1.200000e+00  0.000000e+00  0.000000e+00
     vertex  4.999265e-01  2.253734e-01  0.000000e+00
   endloop
 endfacet
 facet normal  0.000000e+00  0.000000e+00 -1.000000e+00
   outer loop
     vertex  3.986547e-01  3.067779e-01  0.000000e+00
     vertex  4.999265e-01  2.253734e-01  0.000000e+00
     vertex  4.481880e-01  2.647039e-01  0.000000e+00
   endloop
 endfacet
 facet normal  0.000000e+00  0.000000e+00 -1.000000e+00
   outer loop
     vertex  3.986547e-01  3.067779e-01  0.000000e+00
     vertex  4.481880e-01  2.647039e-01  0.000000e+00
     vertex  4.231365e-01  2.854055e-01  0.000000e+00
   endloop
 endfacet
 facet normal  0.000000e+00  0.000000e+00 -1.000000e+00
   outer loop
     vertex  3.288054e-01  3.747606e-01  0.000000e+00
     vertex  3.747606e-01  3.288054e-01  0.000000e+00
     vertex  3.514719e-01  3.514719e-01  0.000000e+00
   endloop
 endfacet
 facet normal  0.000000e+00  0.000000e+00 -1.000000e+00
   outer loop
     vertex  3.067779e-01  3.986547e-01  0.000000e+00
     vertex  3.747606e-01  3.288054e-01  0.000000e+00
     vertex  3.288054e-01  3.747606e-01  0.000000e+00
   endloop
 endfacet
 facet normal  0.000000e+00  0.000000e+00 -1.000000e+00
   outer loop
     vertex  2.854055e-01  4.231365e-01  0.000000e+00
     vertex  3.747606e-01  3.288054e-01  0.000000e+00
     vertex  3.067779e-01  3.986547e-01  0.000000e+00
   endloop
 endfacet
 facet normal  0.000000e+00  0.000000e+00 -1.000000e+00
   outer loop
     vertex  2.446883e-01  4.737909e-01  0.000000e+00
     vertex  2.854055e-01  4.231365e-01  0.000000e+00
     vertex  2.647039e-01  4.481880e-01  0.000000e+00
   endloop
 endfacet
 facet normal  0.000000e+00  0.000000e+00 -1.000000e+00
   outer loop
     vertex  2.446883e-01  4.737909e-01  0.000000e+00
     vertex  3.747606e-01  3.288054e-01  0.000000e+00
     vertex  2.854055e-01  4.231365e-01  0.000000e+00
   endloop
 endfacet
 facet normal  0.000000e+00  0.000000e+00 -1.000000e+00
   outer loop
     vertex  2.446883e-01  4.737909e-01  0.000000e+00
     vertex  3.986547e-01  3.067779e-01  0.000000e+00
     vertex  3.747606e-01  3.288054e-01  0.000000e+00
   endloop
 endfacet
 facet normal  0.000000e+00  0.000000e+00 -1.000000e+00
   outer loop
     vertex  2.253734e-01  4.999265e-01  0.000000e+00
     vertex  1.200000e+00  0.000000e+00  0.000000e+00
     vertex  3.986547e-01  3.067779e-01  0.000000e+00
   endloop
 endfacet
 facet normal  0.000000e+00  0.000000e+00 -1.000000e+00
   outer loop
     vertex  2.253734e-01  4.999265e-01  0.000000e+00
     vertex  3.986547e-01  3.067779e-01  0.000000e+00
     vertex  2.446883e-01  4.737909e-01  0.000000e+00
   endloop
 endfacet
 facet normal  0.000000e+00  0.000000e+00 -1.000000e+00
   outer loop
     vertex  2.067732e-01  5.265755e-01  0.000000e+00
     vertex  1.200000e+00  0.000000e+00  0.000000e+00
     vertex  2.253734e-01  4.999265e-01  0.000000e+00
   endloop
 endfacet
 facet normal  0.000000e+00  0.000000e+00 -1.000000e+00
   outer loop
     vertex  1.717714e-01  5.813354e-01  0.000000e+00
     vertex  2.067732e-01  5.265755e-01  0.000000e+00
     vertex  1.889015e-01  5.537184e-01  0.000000e+00
   endloop
 endfacet
 facet normal  0.000000e+00  0.000000e+00 -1.000000e+00
   outer loop
     vertex  1.717714e-01  5.813354e-01  0.000000e+00
     vertex  1.200000e+00  0.000000e+00  0.000000e+00
     vertex  2.067732e-01  5.265755e-01  0.000000e+00
   endloop
 endfacet
 facet normal  0.000000e+00  0.000000e+00 -1.000000e+00
   outer loop
     vertex  1.249533e-01  6.668260e-01  0.000000e+00
     vertex  1.553954e-01  6.094060e-01  0.000000e+00
     vertex  1.397855e-01  6.379099e-01  0.000000e+00
   endloop
 endfacet
 facet normal  0.000000e+00  0.000000e+00 -1.000000e+00
   outer loop
     vertex  1.249533e-01  6.668260e-01  0.000000e+00
     vertex  1.717714e-01  5.813354e-01  0.000000e+00
     vertex  1.553954e-01  6.094060e-01  0.000000e+00
   endloop
 endfacet
 facet normal  0.000000e+00  0.000000e+00 -1.000000e+00
   outer loop
     vertex  1.249533e-01  6.668260e-01  0.000000e+00
     vertex  1.200000e+00  0.000000e+00  0.000000e+00
     vertex  1.717714e-01  5.813354e-01  0.000000e+00
   endloop
 endfacet
 facet normal  0.000000e+00  0.000000e+00 -1.000000e+00
   outer loop
     vertex  8.522794e-02  7.558342e-01  0.000000e+00
     vertex  1.109095e-01  6.961331e-01  0.000000e+00
     vertex  9.766447e-02  7.258098e-01  0.000000e+00
   endloop
 endfacet
 facet normal  0.000000e+00  0.000000e+00 -1.000000e+00
   outer loop
     vertex  8.522794e-02  7.558342e-01  0.000000e+00
     vertex  1.249533e-01  6.668260e-01  0.000000e+00
     vertex  1.109095e-01  6.961331e-01  0.000000e+00
   endloop
 endfacet
 facet normal  0.000000e+00  0.000000e+00 -1.000000e+00
   outer loop
     vertex  8.522794e-02  7.558342e-01  0.000000e+00
     vertex  1.200000e+00  0.000000e+00  0.000000e+00
     vertex  1.249533e-01  6.668260e-01  0.000000e+00
   endloop
 endfacet
 facet normal  0.000000e+00  0.000000e+00 -1.000000e+00
   outer loop
     vertex  6.281619e-02  8.168382e-01  0.000000e+00
     vertex  8.522794e-02  7.558342e-01  0.000000e+00
     vertex  7.360900e-02  7.861844e-01  0.000000e+00
   endloop
 endfacet
 facet normal  0.000000e+00  0.000000e+00 -1.000000e+00
   outer loop
     vertex  5.285743e-02  8.477729e-01  0.000000e+00
     vertex  1.200000e+00  0.000000e+00  0.000000e+00
     vertex  8.522794e-02  7.558342e-01  0.000000e+00
   endloop
 endfacet
 facet normal  0.000000e+00  0.000000e+00 -1.000000e+00
   outer loop
     vertex  5.285743e-02  8.477729e-01  0.000000e+00
     vertex  8.522794e-02  7.558342e-01  0.000000e+00
     vertex  6.281619e-02  8.168382e-01  0.000000e+00
   endloop
 endfacet
 facet normal  0.000000e+00  0.000000e+00 -1.000000e+00
   outer loop
     vertex  3.547062e-02  9.103945e-01  0.000000e+00
     vertex  5.285743e-02  8.477729e-01  0.000000e+00
     vertex  4.374001e-02  8.789660e-01  0.000000e+00
   endloop
 endfacet
 facet normal  0.000000e+00  0.000000e+00 -1.000000e+00
   outer loop
     vertex  2.805533e-02  9.420355e-01  0.000000e+00
     vertex  5.285743e-02  8.477729e-01  0.000000e+00
     vertex  3.547062e-02  9.103945e-01  0.000000e+00
   endloop
 endfacet
 facet normal  0.000000e+00  0.000000e+00 -1.000000e+00
   outer loop
     vertex  2.149958e-02  9.738656e-01  0.000000e+00
     vertex  1.200000e+00  0.000000e+00  0.000000e+00
     vertex  5.285743e-02  8.477729e-01  0.000000e+00
   endloop
 endfacet
 facet normal  0.000000e+00  0.000000e+00 -1.000000e+00
   outer loop
     vertex  2.149958e-02  9.738656e-01  0.000000e+00
     vertex  5.285743e-02  8.477729e-01  0.000000e+00
     vertex  2.805533e-02  9.420355e-01  0.000000e+00
   endloop
 endfacet
 facet normal  0.000000e+00  0.000000e+00 -1.000000e+00
   outer loop
     vertex  1.098528e-02  1.038000e+00  0.000000e+00
     vertex  2.149958e-02  9.738656e-01  0.000000e+00
     vertex  1.580817e-02  1.005862e+00  0.000000e+00
   endloop
 endfacet
 facet normal  0.000000e+00  0.000000e+00 -1.000000e+00
   outer loop
     vertex  0.000000e+00  1.200000e+00  0.000000e+00
     vertex  1.759903e-03  1.135033e+00  0.000000e+00
     vertex  4.400565e-04  1.167505e+00  0.000000e+00
   endloop
 endfacet
 facet normal  0.000000e+00  0.000000e+00 -1.000000e+00
   outer loop
     vertex  0.000000e+00  1.200000e+00  0.000000e+00
     vertex  3.958573e-03  1.102610e+00  0.000000e+00
     vertex  1.759903e-03  1.135033e+00  0.000000e+00
   endloop
 endfacet
 facet normal  0.000000e+00  0.000000e+00 -1.000000e+00
   outer loop
     vertex  0.000000e+00  1.200000e+00  0.000000e+00
     vertex  7.034451e-03  1.070257e+00  0.000000e+00
     vertex  3.958573e-03  1.102610e+00  0.000000e+00
   endloop
 endfacet
 facet normal  0.000000e+00  0.000000e+00 -1.000000e+00
   outer loop
     vertex  0.000000e+00  1.200000e+00  0.000000e+00
     vertex  1.098528e-02  1.038000e+00  0.000000e+00
     vertex  7.034451e-03  1.070257e+00  0.000000e+00
   endloop
 endfacet
 facet normal  0.000000e+00  0.000000e+00 -1.000000e+00
   outer loop
     vertex  0.000000e+00  1.200000e+00  0.000000e+00
     vertex  1.200000e+00  0.000000e+00  0.000000e+00
     vertex  2.149958e-02  9.738656e-01  0.000000e+00
   endloop
 endfacet
 facet normal  0.000000e+00  0.000000e+00 -1.000000e+00
   outer loop
     vertex  0.000000e+00  1.200000e+00  0.000000e+00
     vertex  2.149958e-02  9.738656e-01  0.000000e+00
     vertex  1.098528e-02  1.038000e+00  0.000000e+00
   endloop
 endfacet
 facet normal  0.000000e+00  0.000000e+00 -1.000000e+00
   outer loop
     vertex  1.200000e+00  7.400000e+00  0.000000e+00
     vertex  7.080000e+01  0.000000e+00  0.000000e+00
     vertex  1.200000e+00  0.000000e+00  0.000000e+00
   endloop
 endfacet
 facet normal  0.000000e+00  0.000000e+00 -1.000000e+00
   outer loop
     vertex  1.200000e+00  7.400000e+00  0.000000e+00
     vertex  7.080000e+01  7.400000e+00  0.000000e+00
     vertex  7.080000e+01  0.000000e+00  0.000000e+00
   endloop
 endfacet
 facet normal  0.000000e+00  0.000000e+00 -1.000000e+00
   outer loop
     vertex  1.200000e+00  7.400000e+00  0.000000e+00
     vertex  0.000000e+00  1.200000e+00  0.000000e+00
     vertex  0.000000e+00  6.200000e+00  0.000000e+00
   endloop
 endfacet
 facet normal  0.000000e+00 -0.000000e+00 -1.000000e+00
   outer loop
     vertex  1.200000e+00  7.400000e+00  0.000000e+00
     vertex  1.200000e+00  0.000000e+00  0.000000e+00
     vertex  0.000000e+00  1.200000e+00  0.000000e+00
   endloop
 endfacet
 facet normal  0.000000e+00  0.000000e+00 -1.000000e+00
   outer loop
     vertex  3.958573e-03  6.297390e+00  0.000000e+00
     vertex  4.400565e-04  6.232495e+00  0.000000e+00
     vertex  1.759903e-03  6.264967e+00  0.000000e+00
   endloop
 endfacet
 facet normal  0.000000e+00  0.000000e+00 -1.000000e+00
   outer loop
     vertex  3.958573e-03  6.297390e+00  0.000000e+00
     vertex  0.000000e+00  6.200000e+00  0.000000e+00
     vertex  4.400565e-04  6.232495e+00  0.000000e+00
   endloop
 endfacet
 facet normal  0.000000e+00  0.000000e+00 -1.000000e+00
   outer loop
     vertex  1.102610e+00  7.396041e+00  0.000000e+00
     vertex  1.135033e+00  7.398240e+00  0.000000e+00
     vertex  1.167505e+00  7.399560e+00  0.000000e+00
   endloop
 endfacet
 facet normal  0.000000e+00  0.000000e+00 -1.000000e+00
   outer loop
     vertex  1.070257e+00  7.392966e+00  0.000000e+00
     vertex  1.102610e+00  7.396041e+00  0.000000e+00
     vertex  1.167505e+00  7.399560e+00  0.000000e+00
   endloop
 endfacet
 facet normal  0.000000e+00  0.000000e+00 -1.000000e+00
   outer loop
     vertex  1.098528e-02  6.362000e+00  0.000000e+00
     vertex  3.958573e-03  6.297390e+00  0.000000e+00
     vertex  7.034451e-03  6.329743e+00  0.000000e+00
   endloop
 endfacet
 facet normal  0.000000e+00  0.000000e+00 -1.000000e+00
   outer loop
     vertex  1.098528e-02  6.362000e+00  0.000000e+00
     vertex  0.000000e+00  6.200000e+00  0.000000e+00
     vertex  3.958573e-03  6.297390e+00  0.000000e+00
   endloop
 endfacet
 facet normal  0.000000e+00  0.000000e+00 -1.000000e+00
   outer loop
     vertex  1.580817e-02  6.394138e+00  0.000000e+00
     vertex  0.000000e+00  6.200000e+00  0.000000e+00
     vertex  1.098528e-02  6.362000e+00  0.000000e+00
   endloop
 endfacet
 facet normal  0.000000e+00  0.000000e+00 -1.000000e+00
   outer loop
     vertex  1.005862e+00  7.384192e+00  0.000000e+00
     vertex  1.070257e+00  7.392966e+00  0.000000e+00
     vertex  1.167505e+00  7.399560e+00  0.000000e+00
   endloop
 endfacet
 facet normal  0.000000e+00  0.000000e+00 -1.000000e+00
   outer loop
     vertex  1.005862e+00  7.384192e+00  0.000000e+00
     vertex  1.038000e+00  7.389015e+00  0.000000e+00
     vertex  1.070257e+00  7.392966e+00  0.000000e+00
   endloop
 endfacet
 facet normal  0.000000e+00  0.000000e+00 -1.000000e+00
   outer loop
     vertex  2.149958e-02  6.426134e+00  0.000000e+00
     vertex  0.000000e+00  6.200000e+00  0.000000e+00
     vertex  1.580817e-02  6.394138e+00  0.000000e+00
   endloop
 endfacet
 facet normal  0.000000e+00  0.000000e+00 -1.000000e+00
   outer loop
     vertex  9.103945e-01  7.364529e+00  0.000000e+00
     vertex  1.005862e+00  7.384192e+00  0.000000e+00
     vertex  1.167505e+00  7.399560e+00  0.000000e+00
   endloop
 endfacet
 facet normal  0.000000e+00  0.000000e+00 -1.000000e+00
   outer loop
     vertex  9.103945e-01  7.364529e+00  0.000000e+00
     vertex  9.738656e-01  7.378500e+00  0.000000e+00
     vertex  1.005862e+00  7.384192e+00  0.000000e+00
   endloop
 endfacet
 facet normal  0.000000e+00  0.000000e+00 -1.000000e+00
   outer loop
     vertex  9.103945e-01  7.364529e+00  0.000000e+00
     vertex  9.420355e-01  7.371945e+00  0.000000e+00
     vertex  9.738656e-01  7.378500e+00  0.000000e+00
   endloop
 endfacet
 facet normal  0.000000e+00  0.000000e+00 -1.000000e+00
   outer loop
     vertex  3.547062e-02  6.489605e+00  0.000000e+00
     vertex  2.149958e-02  6.426134e+00  0.000000e+00
     vertex  2.805533e-02  6.457965e+00  0.000000e+00
   endloop
 endfacet
 facet normal  0.000000e+00  0.000000e+00 -1.000000e+00
   outer loop
     vertex  5.285743e-02  6.552227e+00  0.000000e+00
     vertex  3.547062e-02  6.489605e+00  0.000000e+00
     vertex  4.374001e-02  6.521034e+00  0.000000e+00
   endloop
 endfacet
 facet normal  0.000000e+00  0.000000e+00 -1.000000e+00
   outer loop
     vertex  5.285743e-02  6.552227e+00  0.000000e+00
     vertex  0.000000e+00  6.200000e+00  0.000000e+00
     vertex  2.149958e-02  6.426134e+00  0.000000e+00
   endloop
 endfacet
 facet normal  0.000000e+00  0.000000e+00 -1.000000e+00
   outer loop
     vertex  5.285743e-02  6.552227e+00  0.000000e+00
     vertex  2.149958e-02  6.426134e+00  0.000000e+00
     vertex  3.547062e-02  6.489605e+00  0.000000e+00
   endloop
 endfacet
 facet normal  0.000000e+00  0.000000e+00 -1.000000e+00
   outer loop
     vertex  8.168382e-01  7.337184e+00  0.000000e+00
     vertex  9.103945e-01  7.364529e+00  0.000000e+00
     vertex  1.167505e+00  7.399560e+00  0.000000e+00
   endloop
 endfacet
 facet normal  0.000000e+00  0.000000e+00 -1.000000e+00
   outer loop
     vertex  8.168382e-01  7.337184e+00  0.000000e+00
     vertex  8.789660e-01  7.356260e+00  0.000000e+00
     vertex  9.103945e-01  7.364529e+00  0.000000e+00
   endloop
 endfacet
 facet normal  0.000000e+00  0.000000e+00 -1.000000e+00
   outer loop
     vertex  8.168382e-01  7.337184e+00  0.000000e+00
     vertex  8.477729e-01  7.347143e+00  0.000000e+00
     vertex  8.789660e-01  7.356260e+00  0.000000e+00
   endloop
 endfacet
 facet normal  0.000000e+00  0.000000e+00 -1.000000e+00
   outer loop
     vertex  7.558342e-01  7.314772e+00  0.000000e+00
     vertex  8.168382e-01  7.337184e+00  0.000000e+00
     vertex  1.167505e+00  7.399560e+00  0.000000e+00
   endloop
 endfacet
 facet normal  0.000000e+00  0.000000e+00 -1.000000e+00
   outer loop
     vertex  7.558342e-01  7.314772e+00  0.000000e+00
     vertex  7.861844e-01  7.326391e+00  0.000000e+00
     vertex  8.168382e-01  7.337184e+00  0.000000e+00
   endloop
 endfacet
 facet normal  0.000000e+00  0.000000e+00 -1.000000e+00
   outer loop
     vertex  9.766447e-02  6.674190e+00  0.000000e+00
     vertex  7.360900e-02  6.613816e+00  0.000000e+00
     vertex  8.522794e-02  6.644166e+00  0.000000e+00
   endloop
 endfacet
 facet normal  0.000000e+00  0.000000e+00 -1.000000e+00
   outer loop
     vertex  9.766447e-02  6.674190e+00  0.000000e+00
     vertex  6.281619e-02  6.583162e+00  0.000000e+00
     vertex  7.360900e-02  6.613816e+00  0.000000e+00
   endloop
 endfacet
 facet normal  0.000000e+00  0.000000e+00 -1.000000e+00
   outer loop
     vertex  6.961331e-01  7.289091e+00  0.000000e+00
     vertex  7.558342e-01  7.314772e+00  0.000000e+00
     vertex  1.167505e+00  7.399560e+00  0.000000e+00
   endloop
 endfacet
 facet normal  0.000000e+00  0.000000e+00 -1.000000e+00
   outer loop
     vertex  6.961331e-01  7.289091e+00  0.000000e+00
     vertex  1.167505e+00  7.399560e+00  0.000000e+00
     vertex  1.200000e+00  7.400000e+00  0.000000e+00
   endloop
 endfacet
 facet normal  0.000000e+00  0.000000e+00 -1.000000e+00
   outer loop
     vertex  6.961331e-01  7.289091e+00  0.000000e+00
     vertex  7.258098e-01  7.302336e+00  0.000000e+00
     vertex  7.558342e-01  7.314772e+00  0.000000e+00
   endloop
 endfacet
 facet normal  0.000000e+00 -0.000000e+00 -1.000000e+00
   outer loop
     vertex  6.961331e-01  7.289091e+00  0.000000e+00
     vertex  1.200000e+00  7.400000e+00  0.000000e+00
     vertex  0.000000e+00  6.200000e+00  0.000000e+00
   endloop
 endfacet
 facet normal  0.000000e+00  0.000000e+00 -1.000000e+00
   outer loop
     vertex  1.109095e-01  6.703867e+00  0.000000e+00
     vertex  5.285743e-02  6.552227e+00  0.000000e+00
     vertex  6.281619e-02  6.583162e+00  0.000000e+00
   endloop
 endfacet
 facet normal  0.000000e+00  0.000000e+00 -1.000000e+00
   outer loop
     vertex  1.109095e-01  6.703867e+00  0.000000e+00
     vertex  6.281619e-02  6.583162e+00  0.000000e+00
     vertex  9.766447e-02  6.674190e+00  0.000000e+00
   endloop
 endfacet
 facet normal  0.000000e+00  0.000000e+00 -1.000000e+00
   outer loop
     vertex  1.249533e-01  6.733174e+00  0.000000e+00
     vertex  5.285743e-02  6.552227e+00  0.000000e+00
     vertex  1.109095e-01  6.703867e+00  0.000000e+00
   endloop
 endfacet
 facet normal  0.000000e+00 -0.000000e+00 -1.000000e+00
   outer loop
     vertex  6.379099e-01  7.260214e+00  0.000000e+00
     vertex  6.961331e-01  7.289091e+00  0.000000e+00
     vertex  0.000000e+00  6.200000e+00  0.000000e+00
   endloop
 endfacet
 facet normal  0.000000e+00  0.000000e+00 -1.000000e+00
   outer loop
     vertex  6.379099e-01  7.260214e+00  0.000000e+00
     vertex  6.668260e-01  7.275047e+00  0.000000e+00
     vertex  6.961331e-01  7.289091e+00  0.000000e+00
   endloop
 endfacet
 facet normal  0.000000e+00  0.000000e+00 -1.000000e+00
   outer loop
     vertex  1.553954e-01  6.790594e+00  0.000000e+00
     vertex  5.285743e-02  6.552227e+00  0.000000e+00
     vertex  1.249533e-01  6.733174e+00  0.000000e+00
   endloop
 endfacet
 facet normal  0.000000e+00  0.000000e+00 -1.000000e+00
   outer loop
     vertex  1.553954e-01  6.790594e+00  0.000000e+00
     vertex  1.249533e-01  6.733174e+00  0.000000e+00
     vertex  1.397855e-01  6.762090e+00  0.000000e+00
   endloop
 endfacet
 facet normal  0.000000e+00  0.000000e+00 -1.000000e+00
   outer loop
     vertex  1.889015e-01  6.846282e+00  0.000000e+00
     vertex  0.000000e+00  6.200000e+00  0.000000e+00
     vertex  5.285743e-02  6.552227e+00  0.000000e+00
   endloop
 endfacet
 facet normal  0.000000e+00  0.000000e+00 -1.000000e+00
   outer loop
     vertex  1.889015e-01  6.846282e+00  0.000000e+00
     vertex  5.285743e-02  6.552227e+00  0.000000e+00
     vertex  1.553954e-01  6.790594e+00  0.000000e+00
   endloop
 endfacet
 facet normal  0.000000e+00  0.000000e+00 -1.000000e+00
   outer loop
     vertex  1.889015e-01  6.846282e+00  0.000000e+00
     vertex  1.553954e-01  6.790594e+00  0.000000e+00
     vertex  1.717714e-01  6.818665e+00  0.000000e+00
   endloop
 endfacet
 facet normal  0.000000e+00  0.000000e+00 -1.000000e+00
   outer loop
     vertex  5.265755e-01  7.193227e+00  0.000000e+00
     vertex  5.813354e-01  7.228229e+00  0.000000e+00
     vertex  6.094060e-01  7.244605e+00  0.000000e+00
   endloop
 endfacet
 facet normal  0.000000e+00  0.000000e+00 -1.000000e+00
   outer loop
     vertex  5.265755e-01  7.193227e+00  0.000000e+00
     vertex  5.537184e-01  7.211098e+00  0.000000e+00
     vertex  5.813354e-01  7.228229e+00  0.000000e+00
   endloop
 endfacet
 facet normal  0.000000e+00  0.000000e+00 -1.000000e+00
   outer loop
     vertex  2.253734e-01  6.900073e+00  0.000000e+00
     vertex  0.000000e+00  6.200000e+00  0.000000e+00
     vertex  1.889015e-01  6.846282e+00  0.000000e+00
   endloop
 endfacet
 facet normal  0.000000e+00  0.000000e+00 -1.000000e+00
   outer loop
     vertex  2.253734e-01  6.900073e+00  0.000000e+00
     vertex  1.889015e-01  6.846282e+00  0.000000e+00
     vertex  2.067732e-01  6.873424e+00  0.000000e+00
   endloop
 endfacet
 facet normal  0.000000e+00  0.000000e+00 -1.000000e+00
   outer loop
     vertex  4.737909e-01  7.155312e+00  0.000000e+00
     vertex  5.265755e-01  7.193227e+00  0.000000e+00
     vertex  6.094060e-01  7.244605e+00  0.000000e+00
   endloop
 endfacet
 facet normal  0.000000e+00  0.000000e+00 -1.000000e+00
   outer loop
     vertex  4.737909e-01  7.155312e+00  0.000000e+00
     vertex  6.094060e-01  7.244605e+00  0.000000e+00
     vertex  6.379099e-01  7.260214e+00  0.000000e+00
   endloop
 endfacet
 facet normal  0.000000e+00  0.000000e+00 -1.000000e+00
   outer loop
     vertex  4.737909e-01  7.155312e+00  0.000000e+00
     vertex  4.999265e-01  7.174627e+00  0.000000e+00
     vertex  5.265755e-01  7.193227e+00  0.000000e+00
   endloop
 endfacet
 facet normal  0.000000e+00  0.000000e+00 -1.000000e+00
   outer loop
     vertex  4.481880e-01  7.135296e+00  0.000000e+00
     vertex  4.737909e-01  7.155312e+00  0.000000e+00
     vertex  6.379099e-01  7.260214e+00  0.000000e+00
   endloop
 endfacet
 facet normal  0.000000e+00  0.000000e+00 -1.000000e+00
   outer loop
     vertex  2.647039e-01  6.951812e+00  0.000000e+00
     vertex  2.253734e-01  6.900073e+00  0.000000e+00
     vertex  2.446883e-01  6.926209e+00  0.000000e+00
   endloop
 endfacet
 facet normal  0.000000e+00  0.000000e+00 -1.000000e+00
   outer loop
     vertex  3.986547e-01  7.093222e+00  0.000000e+00
     vertex  4.231365e-01  7.114594e+00  0.000000e+00
     vertex  4.481880e-01  7.135296e+00  0.000000e+00
   endloop
 endfacet
 facet normal  0.000000e+00  0.000000e+00 -1.000000e+00
   outer loop
     vertex  3.986547e-01  7.093222e+00  0.000000e+00
     vertex  4.481880e-01  7.135296e+00  0.000000e+00
     vertex  6.379099e-01  7.260214e+00  0.000000e+00
   endloop
 endfacet
 facet normal  0.000000e+00  0.000000e+00 -1.000000e+00
   outer loop
     vertex  3.067779e-01  7.001345e+00  0.000000e+00
     vertex  2.253734e-01  6.900073e+00  0.000000e+00
     vertex  2.647039e-01  6.951812e+00  0.000000e+00
   endloop
 endfacet
 facet normal  0.000000e+00  0.000000e+00 -1.000000e+00
   outer loop
     vertex  3.067779e-01  7.001345e+00  0.000000e+00
     vertex  2.647039e-01  6.951812e+00  0.000000e+00
     vertex  2.854055e-01  6.976864e+00  0.000000e+00
   endloop
 endfacet
 facet normal  0.000000e+00 -0.000000e+00 -1.000000e+00
   outer loop
     vertex  3.514719e-01  7.048528e+00  0.000000e+00
     vertex  6.379099e-01  7.260214e+00  0.000000e+00
     vertex  0.000000e+00  6.200000e+00  0.000000e+00
   endloop
 endfacet
 facet normal  0.000000e+00  0.000000e+00 -1.000000e+00
   outer loop
     vertex  3.514719e-01  7.048528e+00  0.000000e+00
     vertex  0.000000e+00  6.200000e+00  0.000000e+00
     vertex  2.253734e-01  6.900073e+00  0.000000e+00
   endloop
 endfacet
 facet normal  0.000000e+00  0.000000e+00 -1.000000e+00
   outer loop
     vertex  3.514719e-01  7.048528e+00  0.000000e+00
     vertex  3.747606e-01  7.071195e+00  0.000000e+00
     vertex  3.986547e-01  7.093222e+00  0.000000e+00
   endloop
 endfacet
 facet normal  0.000000e+00  0.000000e+00 -1.000000e+00
   outer loop
     vertex  3.514719e-01  7.048528e+00  0.000000e+00
     vertex  3.067779e-01  7.001345e+00  0.000000e+00
     vertex  3.288054e-01  7.025239e+00  0.000000e+00
   endloop
 endfacet
 facet normal  0.000000e+00  0.000000e+00 -1.000000e+00
   outer loop
     vertex  3.514719e-01  7.048528e+00  0.000000e+00
     vertex  2.253734e-01  6.900073e+00  0.000000e+00
     vertex  3.067779e-01  7.001345e+00  0.000000e+00
   endloop
 endfacet
 facet normal  0.000000e+00  0.000000e+00 -1.000000e+00
   outer loop
     vertex  3.514719e-01  7.048528e+00  0.000000e+00
     vertex  3.986547e-01  7.093222e+00  0.000000e+00
     vertex  6.379099e-01  7.260214e+00  0.000000e+00
   endloop
 endfacet
endsolid
