solid 
 facet normal -9.999083e-01 -1.354093e-02  0.000000e+00
   outer loop
     vertex  1.100141e-03  2.918762e+00  3.000000e+00
     vertex  0.000000e+00  3.000000e+00  3.000000e+00
     vertex  0.000000e+00  3.000000e+00  0.000000e+00
   endloop
 endfacet
 facet normal -9.999083e-01 -1.354093e-02 -0.000000e+00
   outer loop
     vertex  1.100141e-03  2.918762e+00  3.000000e+00
     vertex  0.000000e+00  3.000000e+00  0.000000e+00
     vertex  1.100141e-03  2.918762e+00  0.000000e+00
   endloop
 endfacet
 facet normal -9.991750e-01 -4.061287e-02  0.000000e+00
   outer loop
     vertex  4.399758e-03  2.837583e+00  3.000000e+00
     vertex  1.100141e-03  2.918762e+00  3.000000e+00
     vertex  1.100141e-03  2.918762e+00  0.000000e+00
   endloop
 endfacet
 facet normal -9.991750e-01 -4.061287e-02 -0.000000e+00
   outer loop
     vertex  4.399758e-03  2.837583e+00  3.000000e+00
     vertex  1.100141e-03  2.918762e+00  0.000000e+00
     vertex  4.399758e-03  2.837583e+00  0.000000e+00
   endloop
 endfacet
 facet normal -9.977088e-01 -6.765502e-02  0.000000e+00
   outer loop
     vertex  9.896431e-03  2.756524e+00  3.000000e+00
     vertex  4.399758e-03  2.837583e+00  3.000000e+00
     vertex  4.399758e-03  2.837583e+00  0.000000e+00
   endloop
 endfacet
 facet normal -9.977088e-01 -6.765502e-02 -0.000000e+00
   outer loop
     vertex  9.896431e-03  2.756524e+00  3.000000e+00
     vertex  4.399758e-03  2.837583e+00  0.000000e+00
     vertex  9.896431e-03  2.756524e+00  0.000000e+00
   endloop
 endfacet
 facet normal -9.955108e-01 -9.464755e-02  0.000000e+00
   outer loop
     vertex  1.758613e-02  2.675643e+00  3.000000e+00
     vertex  9.896431e-03  2.756524e+00  3.000000e+00
     vertex  9.896431e-03  2.756524e+00  0.000000e+00
   endloop
 endfacet
 facet normal -9.955108e-01 -9.464755e-02 -0.000000e+00
   outer loop
     vertex  1.758613e-02  2.675643e+00  3.000000e+00
     vertex  9.896431e-03  2.756524e+00  0.000000e+00
     vertex  1.758613e-02  2.675643e+00  0.000000e+00
   endloop
 endfacet
 facet normal -9.925828e-01 -1.215707e-01 -0.000000e+00
   outer loop
     vertex  1.758613e-02  2.675643e+00  3.000000e+00
     vertex  1.758613e-02  2.675643e+00  0.000000e+00
     vertex  2.746321e-02  2.595000e+00  0.000000e+00
   endloop
 endfacet
 facet normal -9.925828e-01 -1.215707e-01 -0.000000e+00
   outer loop
     vertex  2.746321e-02  2.595000e+00  3.000000e+00
     vertex  1.758613e-02  2.675643e+00  3.000000e+00
     vertex  2.746321e-02  2.595000e+00  0.000000e+00
   endloop
 endfacet
 facet normal -9.889267e-01 -1.484046e-01  0.000000e+00
   outer loop
     vertex  3.952043e-02  2.514654e+00  3.000000e+00
     vertex  2.746321e-02  2.595000e+00  3.000000e+00
     vertex  2.746321e-02  2.595000e+00  0.000000e+00
   endloop
 endfacet
 facet normal -9.889267e-01 -1.484046e-01 -0.000000e+00
   outer loop
     vertex  3.952043e-02  2.514654e+00  3.000000e+00
     vertex  2.746321e-02  2.595000e+00  0.000000e+00
     vertex  3.952043e-02  2.514654e+00  0.000000e+00
   endloop
 endfacet
 facet normal -9.845454e-01 -1.751297e-01  0.000000e+00
   outer loop
     vertex  5.374895e-02  2.434664e+00  3.000000e+00
     vertex  3.952043e-02  2.514654e+00  3.000000e+00
     vertex  3.952043e-02  2.514654e+00  0.000000e+00
   endloop
 endfacet
 facet normal -9.845454e-01 -1.751297e-01 -0.000000e+00
   outer loop
     vertex  5.374895e-02  2.434664e+00  3.000000e+00
     vertex  3.952043e-02  2.514654e+00  0.000000e+00
     vertex  5.374895e-02  2.434664e+00  0.000000e+00
   endloop
 endfacet
 facet normal -9.794419e-01 -2.017264e-01  0.000000e+00
   outer loop
     vertex  7.013833e-02  2.355089e+00  3.000000e+00
     vertex  5.374895e-02  2.434664e+00  3.000000e+00
     vertex  5.374895e-02  2.434664e+00  0.000000e+00
   endloop
 endfacet
 facet normal -9.794419e-01 -2.017264e-01 -0.000000e+00
   outer loop
     vertex  7.013833e-02  2.355089e+00  3.000000e+00
     vertex  5.374895e-02  2.434664e+00  0.000000e+00
     vertex  7.013833e-02  2.355089e+00  0.000000e+00
   endloop
 endfacet
 facet normal -9.736201e-01 -2.281751e-01  0.000000e+00
   outer loop
     vertex  8.867656e-02  2.275986e+00  3.000000e+00
     vertex  7.013833e-02  2.355089e+00  3.000000e+00
     vertex  7.013833e-02  2.355089e+00  0.000000e+00
   endloop
 endfacet
 facet normal -9.736201e-01 -2.281751e-01 -0.000000e+00
   outer loop
     vertex  8.867656e-02  2.275986e+00  3.000000e+00
     vertex  7.013833e-02  2.355089e+00  0.000000e+00
     vertex  8.867656e-02  2.275986e+00  0.000000e+00
   endloop
 endfacet
 facet normal -9.670842e-01 -2.544564e-01 -0.000000e+00
   outer loop
     vertex  8.867656e-02  2.275986e+00  3.000000e+00
     vertex  8.867656e-02  2.275986e+00  0.000000e+00
     vertex  1.093500e-01  2.197415e+00  0.000000e+00
   endloop
 endfacet
 facet normal -9.670842e-01 -2.544564e-01 -0.000000e+00
   outer loop
     vertex  1.093500e-01  2.197415e+00  3.000000e+00
     vertex  8.867656e-02  2.275986e+00  3.000000e+00
     vertex  1.093500e-01  2.197415e+00  0.000000e+00
   endloop
 endfacet
 facet normal -9.598391e-01 -2.805512e-01  0.000000e+00
   outer loop
     vertex  1.321436e-01  2.119432e+00  3.000000e+00
     vertex  1.093500e-01  2.197415e+00  3.000000e+00
     vertex  1.093500e-01  2.197415e+00  0.000000e+00
   endloop
 endfacet
 facet normal -9.598391e-01 -2.805512e-01 -0.000000e+00
   outer loop
     vertex  1.321436e-01  2.119432e+00  3.000000e+00
     vertex  1.093500e-01  2.197415e+00  0.000000e+00
     vertex  1.321436e-01  2.119432e+00  0.000000e+00
   endloop
 endfacet
 facet normal -9.518899e-01 -3.064401e-01  0.000000e+00
   outer loop
     vertex  1.570405e-01  2.042095e+00  3.000000e+00
     vertex  1.321436e-01  2.119432e+00  3.000000e+00
     vertex  1.321436e-01  2.119432e+00  0.000000e+00
   endloop
 endfacet
 facet normal -9.518899e-01 -3.064401e-01 -0.000000e+00
   outer loop
     vertex  1.570405e-01  2.042095e+00  3.000000e+00
     vertex  1.321436e-01  2.119432e+00  0.000000e+00
     vertex  1.570405e-01  2.042095e+00  0.000000e+00
   endloop
 endfacet
 facet normal -9.432426e-01 -3.321044e-01 -0.000000e+00
   outer loop
     vertex  1.840225e-01  1.965461e+00  3.000000e+00
     vertex  1.570405e-01  2.042095e+00  0.000000e+00
     vertex  1.840225e-01  1.965461e+00  0.000000e+00
   endloop
 endfacet
 facet normal -9.432426e-01 -3.321044e-01  0.000000e+00
   outer loop
     vertex  1.840225e-01  1.965461e+00  3.000000e+00
     vertex  1.570405e-01  2.042095e+00  3.000000e+00
     vertex  1.570405e-01  2.042095e+00  0.000000e+00
   endloop
 endfacet
 facet normal -9.339036e-01 -3.575250e-01 -0.000000e+00
   outer loop
     vertex  2.130698e-01  1.889586e+00  3.000000e+00
     vertex  1.840225e-01  1.965461e+00  0.000000e+00
     vertex  2.130698e-01  1.889586e+00  0.000000e+00
   endloop
 endfacet
 facet normal -9.339036e-01 -3.575250e-01  0.000000e+00
   outer loop
     vertex  2.130698e-01  1.889586e+00  3.000000e+00
     vertex  1.840225e-01  1.965461e+00  3.000000e+00
     vertex  1.840225e-01  1.965461e+00  0.000000e+00
   endloop
 endfacet
 facet normal -9.238795e-01 -3.826834e-01 -0.000000e+00
   outer loop
     vertex  2.441612e-01  1.814524e+00  3.000000e+00
     vertex  2.130698e-01  1.889586e+00  0.000000e+00
     vertex  2.441612e-01  1.814524e+00  0.000000e+00
   endloop
 endfacet
 facet normal -9.131779e-01 -4.075612e-01 -0.000000e+00
   outer loop
     vertex  2.441612e-01  1.814524e+00  3.000000e+00
     vertex  2.441612e-01  1.814524e+00  0.000000e+00
     vertex  2.772737e-01  1.740333e+00  0.000000e+00
   endloop
 endfacet
 facet normal -9.238795e-01 -3.826834e-01  0.000000e+00
   outer loop
     vertex  2.441612e-01  1.814524e+00  3.000000e+00
     vertex  2.130698e-01  1.889586e+00  3.000000e+00
     vertex  2.130698e-01  1.889586e+00  0.000000e+00
   endloop
 endfacet
 facet normal -9.131779e-01 -4.075612e-01 -0.000000e+00
   outer loop
     vertex  2.772737e-01  1.740333e+00  3.000000e+00
     vertex  2.441612e-01  1.814524e+00  3.000000e+00
     vertex  2.772737e-01  1.740333e+00  0.000000e+00
   endloop
 endfacet
 facet normal -9.018065e-01 -4.321400e-01 -0.000000e+00
   outer loop
     vertex  3.123832e-01  1.667065e+00  3.000000e+00
     vertex  2.772737e-01  1.740333e+00  0.000000e+00
     vertex  3.123832e-01  1.667065e+00  0.000000e+00
   endloop
 endfacet
 facet normal -8.897737e-01 -4.564019e-01 -0.000000e+00
   outer loop
     vertex  3.123832e-01  1.667065e+00  3.000000e+00
     vertex  3.123832e-01  1.667065e+00  0.000000e+00
     vertex  3.494639e-01  1.594775e+00  0.000000e+00
   endloop
 endfacet
 facet normal -9.018065e-01 -4.321400e-01  0.000000e+00
   outer loop
     vertex  3.123832e-01  1.667065e+00  3.000000e+00
     vertex  2.772737e-01  1.740333e+00  3.000000e+00
     vertex  2.772737e-01  1.740333e+00  0.000000e+00
   endloop
 endfacet
 facet normal -8.897737e-01 -4.564019e-01 -0.000000e+00
   outer loop
     vertex  3.494639e-01  1.594775e+00  3.000000e+00
     vertex  3.123832e-01  1.667065e+00  3.000000e+00
     vertex  3.494639e-01  1.594775e+00  0.000000e+00
   endloop
 endfacet
 facet normal -8.770884e-01 -4.803291e-01 -0.000000e+00
   outer loop
     vertex  3.884885e-01  1.523515e+00  3.000000e+00
     vertex  3.494639e-01  1.594775e+00  0.000000e+00
     vertex  3.884885e-01  1.523515e+00  0.000000e+00
   endloop
 endfacet
 facet normal -8.770884e-01 -4.803291e-01  0.000000e+00
   outer loop
     vertex  3.884885e-01  1.523515e+00  3.000000e+00
     vertex  3.494639e-01  1.594775e+00  3.000000e+00
     vertex  3.494639e-01  1.594775e+00  0.000000e+00
   endloop
 endfacet
 facet normal -8.637597e-01 -5.039039e-01 -0.000000e+00
   outer loop
     vertex  4.294285e-01  1.453338e+00  3.000000e+00
     vertex  3.884885e-01  1.523515e+00  0.000000e+00
     vertex  4.294285e-01  1.453338e+00  0.000000e+00
   endloop
 endfacet
 facet normal -8.637597e-01 -5.039039e-01  0.000000e+00
   outer loop
     vertex  4.294285e-01  1.453338e+00  3.000000e+00
     vertex  3.884885e-01  1.523515e+00  3.000000e+00
     vertex  3.884885e-01  1.523515e+00  0.000000e+00
   endloop
 endfacet
 facet normal -8.497975e-01 -5.271092e-01  0.000000e+00
   outer loop
     vertex  4.722538e-01  1.384296e+00  3.000000e+00
     vertex  4.294285e-01  1.453338e+00  3.000000e+00
     vertex  4.294285e-01  1.453338e+00  0.000000e+00
   endloop
 endfacet
 facet normal -8.497975e-01 -5.271092e-01 -0.000000e+00
   outer loop
     vertex  4.722538e-01  1.384296e+00  3.000000e+00
     vertex  4.294285e-01  1.453338e+00  0.000000e+00
     vertex  4.722538e-01  1.384296e+00  0.000000e+00
   endloop
 endfacet
 facet normal -8.352121e-01 -5.499279e-01 -0.000000e+00
   outer loop
     vertex  4.722538e-01  1.384296e+00  3.000000e+00
     vertex  4.722538e-01  1.384296e+00  0.000000e+00
     vertex  5.169330e-01  1.316439e+00  0.000000e+00
   endloop
 endfacet
 facet normal -8.352121e-01 -5.499279e-01 -0.000000e+00
   outer loop
     vertex  5.169330e-01  1.316439e+00  3.000000e+00
     vertex  4.722538e-01  1.384296e+00  3.000000e+00
     vertex  5.169330e-01  1.316439e+00  0.000000e+00
   endloop
 endfacet
 facet normal -8.200141e-01 -5.723433e-01 -0.000000e+00
   outer loop
     vertex  5.169330e-01  1.316439e+00  3.000000e+00
     vertex  5.169330e-01  1.316439e+00  0.000000e+00
     vertex  5.634334e-01  1.249816e+00  0.000000e+00
   endloop
 endfacet
 facet normal -8.200141e-01 -5.723433e-01 -0.000000e+00
   outer loop
     vertex  5.634334e-01  1.249816e+00  3.000000e+00
     vertex  5.169330e-01  1.316439e+00  3.000000e+00
     vertex  5.634334e-01  1.249816e+00  0.000000e+00
   endloop
 endfacet
 facet normal -8.042147e-01 -5.943389e-01 -0.000000e+00
   outer loop
     vertex  5.634334e-01  1.249816e+00  3.000000e+00
     vertex  5.634334e-01  1.249816e+00  0.000000e+00
     vertex  6.117208e-01  1.184477e+00  0.000000e+00
   endloop
 endfacet
 facet normal -8.042147e-01 -5.943389e-01 -0.000000e+00
   outer loop
     vertex  6.117208e-01  1.184477e+00  3.000000e+00
     vertex  5.634334e-01  1.249816e+00  3.000000e+00
     vertex  6.117208e-01  1.184477e+00  0.000000e+00
   endloop
 endfacet
 facet normal -7.878255e-01 -6.158986e-01  0.000000e+00
   outer loop
     vertex  6.617599e-01  1.120470e+00  3.000000e+00
     vertex  6.117208e-01  1.184477e+00  3.000000e+00
     vertex  6.117208e-01  1.184477e+00  0.000000e+00
   endloop
 endfacet
 facet normal -7.878255e-01 -6.158986e-01 -0.000000e+00
   outer loop
     vertex  6.617599e-01  1.120470e+00  3.000000e+00
     vertex  6.117208e-01  1.184477e+00  0.000000e+00
     vertex  6.617599e-01  1.120470e+00  0.000000e+00
   endloop
 endfacet
 facet normal -7.708584e-01 -6.370065e-01 -0.000000e+00
   outer loop
     vertex  6.617599e-01  1.120470e+00  3.000000e+00
     vertex  6.617599e-01  1.120470e+00  0.000000e+00
     vertex  7.135138e-01  1.057841e+00  0.000000e+00
   endloop
 endfacet
 facet normal -7.708584e-01 -6.370065e-01 -0.000000e+00
   outer loop
     vertex  7.135138e-01  1.057841e+00  3.000000e+00
     vertex  6.617599e-01  1.120470e+00  3.000000e+00
     vertex  7.135138e-01  1.057841e+00  0.000000e+00
   endloop
 endfacet
 facet normal -7.533260e-01 -6.576473e-01 -0.000000e+00
   outer loop
     vertex  7.135138e-01  1.057841e+00  3.000000e+00
     vertex  7.135138e-01  1.057841e+00  0.000000e+00
     vertex  7.669448e-01  9.966367e-01  0.000000e+00
   endloop
 endfacet
 facet normal -7.533260e-01 -6.576473e-01 -0.000000e+00
   outer loop
     vertex  7.669448e-01  9.966367e-01  3.000000e+00
     vertex  7.135138e-01  1.057841e+00  3.000000e+00
     vertex  7.669448e-01  9.966367e-01  0.000000e+00
   endloop
 endfacet
 facet normal -7.352410e-01 -6.778058e-01  0.000000e+00
   outer loop
     vertex  8.220135e-01  9.369016e-01  3.000000e+00
     vertex  7.669448e-01  9.966367e-01  3.000000e+00
     vertex  7.669448e-01  9.966367e-01  0.000000e+00
   endloop
 endfacet
 facet normal -7.352410e-01 -6.778058e-01 -0.000000e+00
   outer loop
     vertex  8.220135e-01  9.369016e-01  3.000000e+00
     vertex  7.669448e-01  9.966367e-01  0.000000e+00
     vertex  8.220135e-01  9.369016e-01  0.000000e+00
   endloop
 endfacet
 facet normal -7.166168e-01 -6.974671e-01 -0.000000e+00
   outer loop
     vertex  8.220135e-01  9.369016e-01  3.000000e+00
     vertex  8.220135e-01  9.369016e-01  0.000000e+00
     vertex  8.786797e-01  8.786797e-01  0.000000e+00
   endloop
 endfacet
 facet normal -7.166168e-01 -6.974671e-01 -0.000000e+00
   outer loop
     vertex  8.786797e-01  8.786797e-01  3.000000e+00
     vertex  8.220135e-01  9.369016e-01  3.000000e+00
     vertex  8.786797e-01  8.786797e-01  0.000000e+00
   endloop
 endfacet
 facet normal -6.974671e-01 -7.166168e-01  0.000000e+00
   outer loop
     vertex  9.369016e-01  8.220135e-01  3.000000e+00
     vertex  8.786797e-01  8.786797e-01  3.000000e+00
     vertex  8.786797e-01  8.786797e-01  0.000000e+00
   endloop
 endfacet
 facet normal -6.974671e-01 -7.166168e-01 -0.000000e+00
   outer loop
     vertex  9.369016e-01  8.220135e-01  3.000000e+00
     vertex  8.786797e-01  8.786797e-01  0.000000e+00
     vertex  9.369016e-01  8.220135e-01  0.000000e+00
   endloop
 endfacet
 facet normal -6.778058e-01 -7.352410e-01  0.000000e+00
   outer loop
     vertex  9.966367e-01  7.669448e-01  3.000000e+00
     vertex  9.369016e-01  8.220135e-01  3.000000e+00
     vertex  9.369016e-01  8.220135e-01  0.000000e+00
   endloop
 endfacet
 facet normal -6.778058e-01 -7.352410e-01 -0.000000e+00
   outer loop
     vertex  9.966367e-01  7.669448e-01  3.000000e+00
     vertex  9.369016e-01  8.220135e-01  0.000000e+00
     vertex  9.966367e-01  7.669448e-01  0.000000e+00
   endloop
 endfacet
 facet normal -6.576473e-01 -7.533260e-01  0.000000e+00
   outer loop
     vertex  1.057841e+00  7.135138e-01  3.000000e+00
     vertex  9.966367e-01  7.669448e-01  3.000000e+00
     vertex  9.966367e-01  7.669448e-01  0.000000e+00
   endloop
 endfacet
 facet normal -6.576473e-01 -7.533260e-01 -0.000000e+00
   outer loop
     vertex  1.057841e+00  7.135138e-01  3.000000e+00
     vertex  9.966367e-01  7.669448e-01  0.000000e+00
     vertex  1.057841e+00  7.135138e-01  0.000000e+00
   endloop
 endfacet
 facet normal -6.370065e-01 -7.708584e-01  0.000000e+00
   outer loop
     vertex  1.120470e+00  6.617599e-01  3.000000e+00
     vertex  1.057841e+00  7.135138e-01  3.000000e+00
     vertex  1.057841e+00  7.135138e-01  0.000000e+00
   endloop
 endfacet
 facet normal -6.370065e-01 -7.708584e-01 -0.000000e+00
   outer loop
     vertex  1.120470e+00  6.617599e-01  3.000000e+00
     vertex  1.057841e+00  7.135138e-01  0.000000e+00
     vertex  1.120470e+00  6.617599e-01  0.000000e+00
   endloop
 endfacet
 facet normal -6.158986e-01 -7.878255e-01  0.000000e+00
   outer loop
     vertex  1.184477e+00  6.117208e-01  3.000000e+00
     vertex  1.120470e+00  6.617599e-01  3.000000e+00
     vertex  1.120470e+00  6.617599e-01  0.000000e+00
   endloop
 endfacet
 facet normal -6.158986e-01 -7.878255e-01 -0.000000e+00
   outer loop
     vertex  1.184477e+00  6.117208e-01  3.000000e+00
     vertex  1.120470e+00  6.617599e-01  0.000000e+00
     vertex  1.184477e+00  6.117208e-01  0.000000e+00
   endloop
 endfacet
 facet normal -5.943389e-01 -8.042147e-01 -0.000000e+00
   outer loop
     vertex  1.184477e+00  6.117208e-01  3.000000e+00
     vertex  1.184477e+00  6.117208e-01  0.000000e+00
     vertex  1.249816e+00  5.634334e-01  0.000000e+00
   endloop
 endfacet
 facet normal -5.943389e-01 -8.042147e-01 -0.000000e+00
   outer loop
     vertex  1.249816e+00  5.634334e-01  3.000000e+00
     vertex  1.184477e+00  6.117208e-01  3.000000e+00
     vertex  1.249816e+00  5.634334e-01  0.000000e+00
   endloop
 endfacet
 facet normal -5.723433e-01 -8.200141e-01  0.000000e+00
   outer loop
     vertex  1.316439e+00  5.169330e-01  3.000000e+00
     vertex  1.249816e+00  5.634334e-01  3.000000e+00
     vertex  1.249816e+00  5.634334e-01  0.000000e+00
   endloop
 endfacet
 facet normal -5.723433e-01 -8.200141e-01 -0.000000e+00
   outer loop
     vertex  1.316439e+00  5.169330e-01  3.000000e+00
     vertex  1.249816e+00  5.634334e-01  0.000000e+00
     vertex  1.316439e+00  5.169330e-01  0.000000e+00
   endloop
 endfacet
 facet normal -5.499279e-01 -8.352121e-01  0.000000e+00
   outer loop
     vertex  1.384296e+00  4.722538e-01  3.000000e+00
     vertex  1.316439e+00  5.169330e-01  3.000000e+00
     vertex  1.316439e+00  5.169330e-01  0.000000e+00
   endloop
 endfacet
 facet normal -5.499279e-01 -8.352121e-01 -0.000000e+00
   outer loop
     vertex  1.384296e+00  4.722538e-01  3.000000e+00
     vertex  1.316439e+00  5.169330e-01  0.000000e+00
     vertex  1.384296e+00  4.722538e-01  0.000000e+00
   endloop
 endfacet
 facet normal -5.271092e-01 -8.497975e-01  0.000000e+00
   outer loop
     vertex  1.453338e+00  4.294285e-01  3.000000e+00
     vertex  1.384296e+00  4.722538e-01  3.000000e+00
     vertex  1.384296e+00  4.722538e-01  0.000000e+00
   endloop
 endfacet
 facet normal -5.271092e-01 -8.497975e-01 -0.000000e+00
   outer loop
     vertex  1.453338e+00  4.294285e-01  3.000000e+00
     vertex  1.384296e+00  4.722538e-01  0.000000e+00
     vertex  1.453338e+00  4.294285e-01  0.000000e+00
   endloop
 endfacet
 facet normal -5.039039e-01 -8.637597e-01  0.000000e+00
   outer loop
     vertex  1.523515e+00  3.884885e-01  3.000000e+00
     vertex  1.453338e+00  4.294285e-01  3.000000e+00
     vertex  1.453338e+00  4.294285e-01  0.000000e+00
   endloop
 endfacet
 facet normal -5.039039e-01 -8.637597e-01 -0.000000e+00
   outer loop
     vertex  1.523515e+00  3.884885e-01  3.000000e+00
     vertex  1.453338e+00  4.294285e-01  0.000000e+00
     vertex  1.523515e+00  3.884885e-01  0.000000e+00
   endloop
 endfacet
 facet normal -4.803291e-01 -8.770884e-01  0.000000e+00
   outer loop
     vertex  1.594775e+00  3.494639e-01  3.000000e+00
     vertex  1.523515e+00  3.884885e-01  3.000000e+00
     vertex  1.523515e+00  3.884885e-01  0.000000e+00
   endloop
 endfacet
 facet normal -4.803291e-01 -8.770884e-01 -0.000000e+00
   outer loop
     vertex  1.594775e+00  3.494639e-01  3.000000e+00
     vertex  1.523515e+00  3.884885e-01  0.000000e+00
     vertex  1.594775e+00  3.494639e-01  0.000000e+00
   endloop
 endfacet
 facet normal -4.564019e-01 -8.897737e-01  0.000000e+00
   outer loop
     vertex  1.667065e+00  3.123832e-01  3.000000e+00
     vertex  1.594775e+00  3.494639e-01  3.000000e+00
     vertex  1.594775e+00  3.494639e-01  0.000000e+00
   endloop
 endfacet
 facet normal -4.564019e-01 -8.897737e-01 -0.000000e+00
   outer loop
     vertex  1.667065e+00  3.123832e-01  3.000000e+00
     vertex  1.594775e+00  3.494639e-01  0.000000e+00
     vertex  1.667065e+00  3.123832e-01  0.000000e+00
   endloop
 endfacet
 facet normal -4.321400e-01 -9.018065e-01 -0.000000e+00
   outer loop
     vertex  1.740333e+00  2.772737e-01  3.000000e+00
     vertex  1.667065e+00  3.123832e-01  0.000000e+00
     vertex  1.740333e+00  2.772737e-01  0.000000e+00
   endloop
 endfacet
 facet normal -4.075612e-01 -9.131779e-01 -0.000000e+00
   outer loop
     vertex  1.740333e+00  2.772737e-01  3.000000e+00
     vertex  1.740333e+00  2.772737e-01  0.000000e+00
     vertex  1.814524e+00  2.441612e-01  0.000000e+00
   endloop
 endfacet
 facet normal -4.321400e-01 -9.018065e-01  0.000000e+00
   outer loop
     vertex  1.740333e+00  2.772737e-01  3.000000e+00
     vertex  1.667065e+00  3.123832e-01  3.000000e+00
     vertex  1.667065e+00  3.123832e-01  0.000000e+00
   endloop
 endfacet
 facet normal -4.075612e-01 -9.131779e-01 -0.000000e+00
   outer loop
     vertex  1.814524e+00  2.441612e-01  3.000000e+00
     vertex  1.740333e+00  2.772737e-01  3.000000e+00
     vertex  1.814524e+00  2.441612e-01  0.000000e+00
   endloop
 endfacet
 facet normal -3.826834e-01 -9.238795e-01 -0.000000e+00
   outer loop
     vertex  1.889586e+00  2.130698e-01  3.000000e+00
     vertex  1.814524e+00  2.441612e-01  0.000000e+00
     vertex  1.889586e+00  2.130698e-01  0.000000e+00
   endloop
 endfacet
 facet normal -3.575250e-01 -9.339036e-01 -0.000000e+00
   outer loop
     vertex  1.889586e+00  2.130698e-01  3.000000e+00
     vertex  1.889586e+00  2.130698e-01  0.000000e+00
     vertex  1.965461e+00  1.840225e-01  0.000000e+00
   endloop
 endfacet
 facet normal -3.826834e-01 -9.238795e-01  0.000000e+00
   outer loop
     vertex  1.889586e+00  2.130698e-01  3.000000e+00
     vertex  1.814524e+00  2.441612e-01  3.000000e+00
     vertex  1.814524e+00  2.441612e-01  0.000000e+00
   endloop
 endfacet
 facet normal -3.575250e-01 -9.339036e-01 -0.000000e+00
   outer loop
     vertex  1.965461e+00  1.840225e-01  3.000000e+00
     vertex  1.889586e+00  2.130698e-01  3.000000e+00
     vertex  1.965461e+00  1.840225e-01  0.000000e+00
   endloop
 endfacet
 facet normal -3.321044e-01 -9.432426e-01  0.000000e+00
   outer loop
     vertex  2.042095e+00  1.570405e-01  3.000000e+00
     vertex  1.965461e+00  1.840225e-01  3.000000e+00
     vertex  1.965461e+00  1.840225e-01  0.000000e+00
   endloop
 endfacet
 facet normal -3.321044e-01 -9.432426e-01 -0.000000e+00
   outer loop
     vertex  2.042095e+00  1.570405e-01  3.000000e+00
     vertex  1.965461e+00  1.840225e-01  0.000000e+00
     vertex  2.042095e+00  1.570405e-01  0.000000e+00
   endloop
 endfacet
 facet normal -3.064401e-01 -9.518899e-01 -0.000000e+00
   outer loop
     vertex  2.119432e+00  1.321436e-01  3.000000e+00
     vertex  2.042095e+00  1.570405e-01  0.000000e+00
     vertex  2.119432e+00  1.321436e-01  0.000000e+00
   endloop
 endfacet
 facet normal -3.064401e-01 -9.518899e-01  0.000000e+00
   outer loop
     vertex  2.119432e+00  1.321436e-01  3.000000e+00
     vertex  2.042095e+00  1.570405e-01  3.000000e+00
     vertex  2.042095e+00  1.570405e-01  0.000000e+00
   endloop
 endfacet
 facet normal -2.805512e-01 -9.598391e-01 -0.000000e+00
   outer loop
     vertex  2.197415e+00  1.093500e-01  3.000000e+00
     vertex  2.119432e+00  1.321436e-01  0.000000e+00
     vertex  2.197415e+00  1.093500e-01  0.000000e+00
   endloop
 endfacet
 facet normal -2.805512e-01 -9.598391e-01  0.000000e+00
   outer loop
     vertex  2.197415e+00  1.093500e-01  3.000000e+00
     vertex  2.119432e+00  1.321436e-01  3.000000e+00
     vertex  2.119432e+00  1.321436e-01  0.000000e+00
   endloop
 endfacet
 facet normal -2.544564e-01 -9.670842e-01 -0.000000e+00
   outer loop
     vertex  2.275986e+00  8.867656e-02  3.000000e+00
     vertex  2.197415e+00  1.093500e-01  0.000000e+00
     vertex  2.275986e+00  8.867656e-02  0.000000e+00
   endloop
 endfacet
 facet normal -2.544564e-01 -9.670842e-01  0.000000e+00
   outer loop
     vertex  2.275986e+00  8.867656e-02  3.000000e+00
     vertex  2.197415e+00  1.093500e-01  3.000000e+00
     vertex  2.197415e+00  1.093500e-01  0.000000e+00
   endloop
 endfacet
 facet normal -2.281751e-01 -9.736201e-01 -0.000000e+00
   outer loop
     vertex  2.355089e+00  7.013833e-02  3.000000e+00
     vertex  2.275986e+00  8.867656e-02  0.000000e+00
     vertex  2.355089e+00  7.013833e-02  0.000000e+00
   endloop
 endfacet
 facet normal -2.017264e-01 -9.794419e-01 -0.000000e+00
   outer loop
     vertex  2.355089e+00  7.013833e-02  3.000000e+00
     vertex  2.355089e+00  7.013833e-02  0.000000e+00
     vertex  2.434664e+00  5.374895e-02  0.000000e+00
   endloop
 endfacet
 facet normal -2.281751e-01 -9.736201e-01  0.000000e+00
   outer loop
     vertex  2.355089e+00  7.013833e-02  3.000000e+00
     vertex  2.275986e+00  8.867656e-02  3.000000e+00
     vertex  2.275986e+00  8.867656e-02  0.000000e+00
   endloop
 endfacet
 facet normal -2.017264e-01 -9.794419e-01 -0.000000e+00
   outer loop
     vertex  2.434664e+00  5.374895e-02  3.000000e+00
     vertex  2.355089e+00  7.013833e-02  3.000000e+00
     vertex  2.434664e+00  5.374895e-02  0.000000e+00
   endloop
 endfacet
 facet normal -1.751297e-01 -9.845454e-01 -0.000000e+00
   outer loop
     vertex  2.514654e+00  3.952043e-02  3.000000e+00
     vertex  2.434664e+00  5.374895e-02  0.000000e+00
     vertex  2.514654e+00  3.952043e-02  0.000000e+00
   endloop
 endfacet
 facet normal -1.484046e-01 -9.889267e-01 -0.000000e+00
   outer loop
     vertex  2.514654e+00  3.952043e-02  3.000000e+00
     vertex  2.514654e+00  3.952043e-02  0.000000e+00
     vertex  2.595000e+00  2.746321e-02  0.000000e+00
   endloop
 endfacet
 facet normal -1.751297e-01 -9.845454e-01  0.000000e+00
   outer loop
     vertex  2.514654e+00  3.952043e-02  3.000000e+00
     vertex  2.434664e+00  5.374895e-02  3.000000e+00
     vertex  2.434664e+00  5.374895e-02  0.000000e+00
   endloop
 endfacet
 facet normal -1.484046e-01 -9.889267e-01 -0.000000e+00
   outer loop
     vertex  2.595000e+00  2.746321e-02  3.000000e+00
     vertex  2.514654e+00  3.952043e-02  3.000000e+00
     vertex  2.595000e+00  2.746321e-02  0.000000e+00
   endloop
 endfacet
 facet normal -1.215707e-01 -9.925828e-01 -0.000000e+00
   outer loop
     vertex  2.595000e+00  2.746321e-02  3.000000e+00
     vertex  2.595000e+00  2.746321e-02  0.000000e+00
     vertex  2.675643e+00  1.758613e-02  0.000000e+00
   endloop
 endfacet
 facet normal -1.215707e-01 -9.925828e-01 -0.000000e+00
   outer loop
     vertex  2.675643e+00  1.758613e-02  3.000000e+00
     vertex  2.595000e+00  2.746321e-02  3.000000e+00
     vertex  2.675643e+00  1.758613e-02  0.000000e+00
   endloop
 endfacet
 facet normal -9.464755e-02 -9.955108e-01 -0.000000e+00
   outer loop
     vertex  2.756524e+00  9.896431e-03  3.000000e+00
     vertex  2.675643e+00  1.758613e-02  0.000000e+00
     vertex  2.756524e+00  9.896431e-03  0.000000e+00
   endloop
 endfacet
 facet normal -9.464755e-02 -9.955108e-01  0.000000e+00
   outer loop
     vertex  2.756524e+00  9.896431e-03  3.000000e+00
     vertex  2.675643e+00  1.758613e-02  3.000000e+00
     vertex  2.675643e+00  1.758613e-02  0.000000e+00
   endloop
 endfacet
 facet normal -6.765502e-02 -9.977088e-01 -0.000000e+00
   outer loop
     vertex  2.837583e+00  4.399758e-03  3.000000e+00
     vertex  2.756524e+00  9.896431e-03  0.000000e+00
     vertex  2.837583e+00  4.399758e-03  0.000000e+00
   endloop
 endfacet
 facet normal -6.765502e-02 -9.977088e-01  0.000000e+00
   outer loop
     vertex  2.837583e+00  4.399758e-03  3.000000e+00
     vertex  2.756524e+00  9.896431e-03  3.000000e+00
     vertex  2.756524e+00  9.896431e-03  0.000000e+00
   endloop
 endfacet
 facet normal -4.061287e-02 -9.991750e-01 -0.000000e+00
   outer loop
     vertex  2.918762e+00  1.100141e-03  3.000000e+00
     vertex  2.837583e+00  4.399758e-03  0.000000e+00
     vertex  2.918762e+00  1.100141e-03  0.000000e+00
   endloop
 endfacet
 facet normal -4.061287e-02 -9.991750e-01  0.000000e+00
   outer loop
     vertex  2.918762e+00  1.100141e-03  3.000000e+00
     vertex  2.837583e+00  4.399758e-03  3.000000e+00
     vertex  2.837583e+00  4.399758e-03  0.000000e+00
   endloop
 endfacet
 facet normal -1.354093e-02 -9.999083e-01 -0.000000e+00
   outer loop
     vertex  3.000000e+00  0.000000e+00  3.000000e+00
     vertex  2.918762e+00  1.100141e-03  0.000000e+00
     vertex  3.000000e+00  0.000000e+00  0.000000e+00
   endloop
 endfacet
 facet normal -1.354093e-02 -9.999083e-01  0.000000e+00
   outer loop
     vertex  3.000000e+00  0.000000e+00  3.000000e+00
     vertex  2.918762e+00  1.100141e-03  3.000000e+00
     vertex  2.918762e+00  1.100141e-03  0.000000e+00
   endloop
 endfacet
 facet normal -1.708035e-16 -2.313052e-18  1.000000e+00
   outer loop
     vertex  5.200000e+00  3.000000e+00  3.000000e+00
     vertex  0.000000e+00  3.000000e+00  3.000000e+00
     vertex  1.100141e-03  2.918762e+00  3.000000e+00
   endloop
 endfacet
 facet normal -1.707312e-16 -6.939611e-18  1.000000e+00
   outer loop
     vertex  5.200000e+00  3.000000e+00  3.000000e+00
     vertex  1.100141e-03  2.918762e+00  3.000000e+00
     vertex  4.399758e-03  2.837583e+00  3.000000e+00
   endloop
 endfacet
 facet normal -1.705866e-16 -1.156754e-17  1.000000e+00
   outer loop
     vertex  5.200000e+00  3.000000e+00  3.000000e+00
     vertex  4.399758e-03  2.837583e+00  3.000000e+00
     vertex  9.896431e-03  2.756524e+00  3.000000e+00
   endloop
 endfacet
 facet normal -1.703694e-16 -1.619776e-17  1.000000e+00
   outer loop
     vertex  5.200000e+00  3.000000e+00  3.000000e+00
     vertex  9.896431e-03  2.756524e+00  3.000000e+00
     vertex  1.758613e-02  2.675643e+00  3.000000e+00
   endloop
 endfacet
 facet normal -1.700794e-16 -2.083117e-17  1.000000e+00
   outer loop
     vertex  5.200000e+00  3.000000e+00  3.000000e+00
     vertex  1.758613e-02  2.675643e+00  3.000000e+00
     vertex  2.746321e-02  2.595000e+00  3.000000e+00
   endloop
 endfacet
 facet normal -1.697163e-16 -2.546870e-17  1.000000e+00
   outer loop
     vertex  5.200000e+00  3.000000e+00  3.000000e+00
     vertex  2.746321e-02  2.595000e+00  3.000000e+00
     vertex  3.952043e-02  2.514654e+00  3.000000e+00
   endloop
 endfacet
 facet normal -1.692796e-16 -3.011125e-17  1.000000e+00
   outer loop
     vertex  5.200000e+00  3.000000e+00  3.000000e+00
     vertex  3.952043e-02  2.514654e+00  3.000000e+00
     vertex  5.374895e-02  2.434664e+00  3.000000e+00
   endloop
 endfacet
 facet normal -1.687690e-16 -3.475975e-17  1.000000e+00
   outer loop
     vertex  5.200000e+00  3.000000e+00  3.000000e+00
     vertex  5.374895e-02  2.434664e+00  3.000000e+00
     vertex  7.013833e-02  2.355089e+00  3.000000e+00
   endloop
 endfacet
 facet normal -1.681837e-16 -3.941510e-17  1.000000e+00
   outer loop
     vertex  5.200000e+00  3.000000e+00  3.000000e+00
     vertex  7.013833e-02  2.355089e+00  3.000000e+00
     vertex  8.867656e-02  2.275986e+00  3.000000e+00
   endloop
 endfacet
 facet normal -1.675232e-16 -4.407822e-17  1.000000e+00
   outer loop
     vertex  5.200000e+00  3.000000e+00  3.000000e+00
     vertex  8.867656e-02  2.275986e+00  3.000000e+00
     vertex  1.093500e-01  2.197415e+00  3.000000e+00
   endloop
 endfacet
 facet normal -1.667866e-16 -4.875003e-17  1.000000e+00
   outer loop
     vertex  5.200000e+00  3.000000e+00  3.000000e+00
     vertex  1.093500e-01  2.197415e+00  3.000000e+00
     vertex  1.321436e-01  2.119432e+00  3.000000e+00
   endloop
 endfacet
 facet normal -1.659732e-16 -5.343145e-17  1.000000e+00
   outer loop
     vertex  5.200000e+00  3.000000e+00  3.000000e+00
     vertex  1.321436e-01  2.119432e+00  3.000000e+00
     vertex  1.570405e-01  2.042095e+00  3.000000e+00
   endloop
 endfacet
 facet normal -1.650820e-16 -5.812338e-17  1.000000e+00
   outer loop
     vertex  5.200000e+00  3.000000e+00  3.000000e+00
     vertex  1.570405e-01  2.042095e+00  3.000000e+00
     vertex  1.840225e-01  1.965461e+00  3.000000e+00
   endloop
 endfacet
 facet normal -1.641119e-16 -6.282674e-17  1.000000e+00
   outer loop
     vertex  5.200000e+00  3.000000e+00  3.000000e+00
     vertex  1.840225e-01  1.965461e+00  3.000000e+00
     vertex  2.130698e-01  1.889586e+00  3.000000e+00
   endloop
 endfacet
 facet normal -1.630619e-16 -6.754245e-17  1.000000e+00
   outer loop
     vertex  5.200000e+00  3.000000e+00  3.000000e+00
     vertex  2.130698e-01  1.889586e+00  3.000000e+00
     vertex  2.441612e-01  1.814524e+00  3.000000e+00
   endloop
 endfacet
 facet normal -1.619307e-16 -7.227142e-17  1.000000e+00
   outer loop
     vertex  5.200000e+00  3.000000e+00  3.000000e+00
     vertex  2.441612e-01  1.814524e+00  3.000000e+00
     vertex  2.772737e-01  1.740333e+00  3.000000e+00
   endloop
 endfacet
 facet normal -1.607170e-16 -7.701457e-17  1.000000e+00
   outer loop
     vertex  5.200000e+00  3.000000e+00  3.000000e+00
     vertex  2.772737e-01  1.740333e+00  3.000000e+00
     vertex  3.123832e-01  1.667065e+00  3.000000e+00
   endloop
 endfacet
 facet normal -1.594193e-16 -8.177280e-17  1.000000e+00
   outer loop
     vertex  5.200000e+00  3.000000e+00  3.000000e+00
     vertex  3.123832e-01  1.667065e+00  3.000000e+00
     vertex  3.494639e-01  1.594775e+00  3.000000e+00
   endloop
 endfacet
 facet normal -1.580362e-16 -8.654702e-17  1.000000e+00
   outer loop
     vertex  5.200000e+00  3.000000e+00  3.000000e+00
     vertex  3.494639e-01  1.594775e+00  3.000000e+00
     vertex  3.884885e-01  1.523515e+00  3.000000e+00
   endloop
 endfacet
 facet normal -1.565660e-16 -9.133815e-17  1.000000e+00
   outer loop
     vertex  5.200000e+00  3.000000e+00  3.000000e+00
     vertex  3.884885e-01  1.523515e+00  3.000000e+00
     vertex  4.294285e-01  1.453338e+00  3.000000e+00
   endloop
 endfacet
 facet normal -1.550069e-16 -9.614709e-17  1.000000e+00
   outer loop
     vertex  5.200000e+00  3.000000e+00  3.000000e+00
     vertex  4.294285e-01  1.453338e+00  3.000000e+00
     vertex  4.722538e-01  1.384296e+00  3.000000e+00
   endloop
 endfacet
 facet normal -1.533570e-16 -1.009747e-16  1.000000e+00
   outer loop
     vertex  5.200000e+00  3.000000e+00  3.000000e+00
     vertex  4.722538e-01  1.384296e+00  3.000000e+00
     vertex  5.169330e-01  1.316439e+00  3.000000e+00
   endloop
 endfacet
 facet normal -1.516145e-16 -1.058220e-16  1.000000e+00
   outer loop
     vertex  5.200000e+00  3.000000e+00  3.000000e+00
     vertex  5.169330e-01  1.316439e+00  3.000000e+00
     vertex  5.634334e-01  1.249816e+00  3.000000e+00
   endloop
 endfacet
 facet normal -1.497770e-16 -1.106897e-16  1.000000e+00
   outer loop
     vertex  5.200000e+00  3.000000e+00  3.000000e+00
     vertex  5.634334e-01  1.249816e+00  3.000000e+00
     vertex  6.117208e-01  1.184477e+00  3.000000e+00
   endloop
 endfacet
 facet normal -1.478424e-16 -1.155788e-16  1.000000e+00
   outer loop
     vertex  5.200000e+00  3.000000e+00  3.000000e+00
     vertex  6.117208e-01  1.184477e+00  3.000000e+00
     vertex  6.617599e-01  1.120470e+00  3.000000e+00
   endloop
 endfacet
 facet normal -1.458084e-16 -1.204902e-16  1.000000e+00
   outer loop
     vertex  5.200000e+00  3.000000e+00  3.000000e+00
     vertex  6.617599e-01  1.120470e+00  3.000000e+00
     vertex  7.135138e-01  1.057841e+00  3.000000e+00
   endloop
 endfacet
 facet normal -1.436723e-16 -1.254247e-16  1.000000e+00
   outer loop
     vertex  5.200000e+00  3.000000e+00  3.000000e+00
     vertex  7.135138e-01  1.057841e+00  3.000000e+00
     vertex  7.669448e-01  9.966367e-01  3.000000e+00
   endloop
 endfacet
 facet normal -1.414315e-16 -1.303832e-16  1.000000e+00
   outer loop
     vertex  5.200000e+00  3.000000e+00  3.000000e+00
     vertex  7.669448e-01  9.966367e-01  3.000000e+00
     vertex  8.220135e-01  9.369016e-01  3.000000e+00
   endloop
 endfacet
 facet normal -1.390831e-16 -1.353665e-16  1.000000e+00
   outer loop
     vertex  5.200000e+00  3.000000e+00  3.000000e+00
     vertex  8.220135e-01  9.369016e-01  3.000000e+00
     vertex  8.786797e-01  8.786797e-01  3.000000e+00
   endloop
 endfacet
 facet normal -1.366243e-16 -1.403754e-16  1.000000e+00
   outer loop
     vertex  5.200000e+00  3.000000e+00  3.000000e+00
     vertex  8.786797e-01  8.786797e-01  3.000000e+00
     vertex  9.369016e-01  8.220135e-01  3.000000e+00
   endloop
 endfacet
 facet normal -1.340517e-16 -1.454108e-16  1.000000e+00
   outer loop
     vertex  5.200000e+00  3.000000e+00  3.000000e+00
     vertex  9.369016e-01  8.220135e-01  3.000000e+00
     vertex  9.966367e-01  7.669448e-01  3.000000e+00
   endloop
 endfacet
 facet normal -1.313621e-16 -1.504735e-16  1.000000e+00
   outer loop
     vertex  5.200000e+00  3.000000e+00  3.000000e+00
     vertex  9.966367e-01  7.669448e-01  3.000000e+00
     vertex  1.057841e+00  7.135138e-01  3.000000e+00
   endloop
 endfacet
 facet normal -1.285520e-16 -1.555642e-16  1.000000e+00
   outer loop
     vertex  5.200000e+00  3.000000e+00  3.000000e+00
     vertex  1.057841e+00  7.135138e-01  3.000000e+00
     vertex  1.120470e+00  6.617599e-01  3.000000e+00
   endloop
 endfacet
 facet normal -1.256177e-16 -1.606837e-16  1.000000e+00
   outer loop
     vertex  5.200000e+00  3.000000e+00  3.000000e+00
     vertex  1.120470e+00  6.617599e-01  3.000000e+00
     vertex  1.184477e+00  6.117208e-01  3.000000e+00
   endloop
 endfacet
 facet normal -1.225553e-16 -1.658327e-16  1.000000e+00
   outer loop
     vertex  5.200000e+00  3.000000e+00  3.000000e+00
     vertex  1.184477e+00  6.117208e-01  3.000000e+00
     vertex  1.249816e+00  5.634334e-01  3.000000e+00
   endloop
 endfacet
 facet normal -1.193607e-16 -1.710118e-16  1.000000e+00
   outer loop
     vertex  5.200000e+00  3.000000e+00  3.000000e+00
     vertex  1.249816e+00  5.634334e-01  3.000000e+00
     vertex  1.316439e+00  5.169330e-01  3.000000e+00
   endloop
 endfacet
 facet normal -1.160296e-16 -1.762218e-16  1.000000e+00
   outer loop
     vertex  5.200000e+00  3.000000e+00  3.000000e+00
     vertex  1.316439e+00  5.169330e-01  3.000000e+00
     vertex  1.384296e+00  4.722538e-01  3.000000e+00
   endloop
 endfacet
 facet normal -1.125573e-16 -1.814632e-16  1.000000e+00
   outer loop
     vertex  5.200000e+00  3.000000e+00  3.000000e+00
     vertex  1.384296e+00  4.722538e-01  3.000000e+00
     vertex  1.453338e+00  4.294285e-01  3.000000e+00
   endloop
 endfacet
 facet normal -1.089393e-16 -1.867366e-16  1.000000e+00
   outer loop
     vertex  5.200000e+00  3.000000e+00  3.000000e+00
     vertex  1.453338e+00  4.294285e-01  3.000000e+00
     vertex  1.523515e+00  3.884885e-01  3.000000e+00
   endloop
 endfacet
 facet normal -1.051703e-16 -1.920426e-16  1.000000e+00
   outer loop
     vertex  5.200000e+00  3.000000e+00  3.000000e+00
     vertex  1.523515e+00  3.884885e-01  3.000000e+00
     vertex  1.594775e+00  3.494639e-01  3.000000e+00
   endloop
 endfacet
 facet normal -1.012452e-16 -1.973815e-16  1.000000e+00
   outer loop
     vertex  5.200000e+00  3.000000e+00  3.000000e+00
     vertex  1.594775e+00  3.494639e-01  3.000000e+00
     vertex  1.667065e+00  3.123832e-01  3.000000e+00
   endloop
 endfacet
 facet normal -9.715832e-17 -2.027537e-16  1.000000e+00
   outer loop
     vertex  5.200000e+00  3.000000e+00  3.000000e+00
     vertex  1.667065e+00  3.123832e-01  3.000000e+00
     vertex  1.740333e+00  2.772737e-01  3.000000e+00
   endloop
 endfacet
 facet normal -9.290391e-17 -2.081597e-16  1.000000e+00
   outer loop
     vertex  5.200000e+00  3.000000e+00  3.000000e+00
     vertex  1.740333e+00  2.772737e-01  3.000000e+00
     vertex  1.814524e+00  2.441612e-01  3.000000e+00
   endloop
 endfacet
 facet normal -8.847580e-17 -2.135995e-16  1.000000e+00
   outer loop
     vertex  5.200000e+00  3.000000e+00  3.000000e+00
     vertex  1.814524e+00  2.441612e-01  3.000000e+00
     vertex  1.889586e+00  2.130698e-01  3.000000e+00
   endloop
 endfacet
 facet normal -8.386754e-17 -2.190733e-16  1.000000e+00
   outer loop
     vertex  5.200000e+00  3.000000e+00  3.000000e+00
     vertex  1.889586e+00  2.130698e-01  3.000000e+00
     vertex  1.965461e+00  1.840225e-01  3.000000e+00
   endloop
 endfacet
 facet normal -7.907236e-17 -2.245813e-16  1.000000e+00
   outer loop
     vertex  5.200000e+00  3.000000e+00  3.000000e+00
     vertex  1.965461e+00  1.840225e-01  3.000000e+00
     vertex  2.042095e+00  1.570405e-01  3.000000e+00
   endloop
 endfacet
 facet normal -7.408313e-17 -2.301232e-16  1.000000e+00
   outer loop
     vertex  5.200000e+00  3.000000e+00  3.000000e+00
     vertex  2.042095e+00  1.570405e-01  3.000000e+00
     vertex  2.119432e+00  1.321436e-01  3.000000e+00
   endloop
 endfacet
 facet normal -6.889240e-17 -2.356989e-16  1.000000e+00
   outer loop
     vertex  5.200000e+00  3.000000e+00  3.000000e+00
     vertex  2.119432e+00  1.321436e-01  3.000000e+00
     vertex  2.197415e+00  1.093500e-01  3.000000e+00
   endloop
 endfacet
 facet normal -6.349231e-17 -2.413081e-16  1.000000e+00
   outer loop
     vertex  5.200000e+00  3.000000e+00  3.000000e+00
     vertex  2.197415e+00  1.093500e-01  3.000000e+00
     vertex  2.275986e+00  8.867656e-02  3.000000e+00
   endloop
 endfacet
 facet normal -5.787463e-17 -2.469503e-16  1.000000e+00
   outer loop
     vertex  5.200000e+00  3.000000e+00  3.000000e+00
     vertex  2.275986e+00  8.867656e-02  3.000000e+00
     vertex  2.355089e+00  7.013833e-02  3.000000e+00
   endloop
 endfacet
 facet normal -5.203073e-17 -2.526248e-16  1.000000e+00
   outer loop
     vertex  5.200000e+00  3.000000e+00  3.000000e+00
     vertex  2.355089e+00  7.013833e-02  3.000000e+00
     vertex  2.434664e+00  5.374895e-02  3.000000e+00
   endloop
 endfacet
 facet normal -4.595154e-17 -2.583307e-16  1.000000e+00
   outer loop
     vertex  5.200000e+00  3.000000e+00  3.000000e+00
     vertex  2.434664e+00  5.374895e-02  3.000000e+00
     vertex  2.514654e+00  3.952043e-02  3.000000e+00
   endloop
 endfacet
 facet normal -3.962756e-17 -2.640669e-16  1.000000e+00
   outer loop
     vertex  5.200000e+00  3.000000e+00  3.000000e+00
     vertex  2.514654e+00  3.952043e-02  3.000000e+00
     vertex  2.595000e+00  2.746321e-02  3.000000e+00
   endloop
 endfacet
 facet normal -3.304881e-17 -2.698322e-16  1.000000e+00
   outer loop
     vertex  5.200000e+00  3.000000e+00  3.000000e+00
     vertex  2.595000e+00  2.746321e-02  3.000000e+00
     vertex  2.675643e+00  1.758613e-02  3.000000e+00
   endloop
 endfacet
 facet normal -2.620487e-17 -2.756250e-16  1.000000e+00
   outer loop
     vertex  5.200000e+00  3.000000e+00  3.000000e+00
     vertex  2.675643e+00  1.758613e-02  3.000000e+00
     vertex  2.756524e+00  9.896431e-03  3.000000e+00
   endloop
 endfacet
 facet normal -1.908479e-17 -2.814435e-16  1.000000e+00
   outer loop
     vertex  5.200000e+00  3.000000e+00  3.000000e+00
     vertex  2.756524e+00  9.896431e-03  3.000000e+00
     vertex  2.837583e+00  4.399758e-03  3.000000e+00
   endloop
 endfacet
 facet normal -1.167712e-17 -2.872854e-16  1.000000e+00
   outer loop
     vertex  5.200000e+00  3.000000e+00  3.000000e+00
     vertex  2.837583e+00  4.399758e-03  3.000000e+00
     vertex  2.918762e+00  1.100141e-03  3.000000e+00
   endloop
 endfacet
 facet normal -3.969865e-18 -2.931482e-16  1.000000e+00
   outer loop
     vertex  5.200000e+00  3.000000e+00  3.000000e+00
     vertex  2.918762e+00  1.100141e-03  3.000000e+00
     vertex  3.000000e+00  0.000000e+00  3.000000e+00
   endloop
 endfacet
 facet normal  0.000000e+00 -2.960595e-16  1.000000e+00
   outer loop
     vertex  7.200000e+00  3.000000e+00  3.000000e+00
     vertex  5.200000e+00  3.000000e+00  3.000000e+00
     vertex  3.000000e+00  0.000000e+00  3.000000e+00
   endloop
 endfacet
 facet normal -1.256177e-16  1.606837e-16  1.000000e+00
   outer loop
     vertex  5.200000e+00  2.100000e+01  3.000000e+00
     vertex  1.184477e+00  2.338828e+01  3.000000e+00
     vertex  1.120470e+00  2.333824e+01  3.000000e+00
   endloop
 endfacet
 facet normal -1.285520e-16  1.555642e-16  1.000000e+00
   outer loop
     vertex  5.200000e+00  2.100000e+01  3.000000e+00
     vertex  1.120470e+00  2.333824e+01  3.000000e+00
     vertex  1.057841e+00  2.328649e+01  3.000000e+00
   endloop
 endfacet
 facet normal -1.313621e-16  1.504735e-16  1.000000e+00
   outer loop
     vertex  5.200000e+00  2.100000e+01  3.000000e+00
     vertex  1.057841e+00  2.328649e+01  3.000000e+00
     vertex  9.966367e-01  2.323306e+01  3.000000e+00
   endloop
 endfacet
 facet normal -1.340517e-16  1.454108e-16  1.000000e+00
   outer loop
     vertex  5.200000e+00  2.100000e+01  3.000000e+00
     vertex  9.966367e-01  2.323306e+01  3.000000e+00
     vertex  9.369016e-01  2.317799e+01  3.000000e+00
   endloop
 endfacet
 facet normal -1.366243e-16  1.403754e-16  1.000000e+00
   outer loop
     vertex  5.200000e+00  2.100000e+01  3.000000e+00
     vertex  9.369016e-01  2.317799e+01  3.000000e+00
     vertex  8.786797e-01  2.312132e+01  3.000000e+00
   endloop
 endfacet
 facet normal -1.390831e-16  1.353665e-16  1.000000e+00
   outer loop
     vertex  5.200000e+00  2.100000e+01  3.000000e+00
     vertex  8.786797e-01  2.312132e+01  3.000000e+00
     vertex  8.220135e-01  2.306310e+01  3.000000e+00
   endloop
 endfacet
 facet normal -1.414315e-16  1.303832e-16  1.000000e+00
   outer loop
     vertex  5.200000e+00  2.100000e+01  3.000000e+00
     vertex  8.220135e-01  2.306310e+01  3.000000e+00
     vertex  7.669448e-01  2.300336e+01  3.000000e+00
   endloop
 endfacet
 facet normal -1.436723e-16  1.254247e-16  1.000000e+00
   outer loop
     vertex  5.200000e+00  2.100000e+01  3.000000e+00
     vertex  7.669448e-01  2.300336e+01  3.000000e+00
     vertex  7.135138e-01  2.294216e+01  3.000000e+00
   endloop
 endfacet
 facet normal -1.458084e-16  1.204902e-16  1.000000e+00
   outer loop
     vertex  5.200000e+00  2.100000e+01  3.000000e+00
     vertex  7.135138e-01  2.294216e+01  3.000000e+00
     vertex  6.617599e-01  2.287953e+01  3.000000e+00
   endloop
 endfacet
 facet normal -1.478424e-16  1.155788e-16  1.000000e+00
   outer loop
     vertex  5.200000e+00  2.100000e+01  3.000000e+00
     vertex  6.617599e-01  2.287953e+01  3.000000e+00
     vertex  6.117208e-01  2.281552e+01  3.000000e+00
   endloop
 endfacet
 facet normal -1.497770e-16  1.106897e-16  1.000000e+00
   outer loop
     vertex  5.200000e+00  2.100000e+01  3.000000e+00
     vertex  6.117208e-01  2.281552e+01  3.000000e+00
     vertex  5.634334e-01  2.275018e+01  3.000000e+00
   endloop
 endfacet
 facet normal -1.516145e-16  1.058220e-16  1.000000e+00
   outer loop
     vertex  5.200000e+00  2.100000e+01  3.000000e+00
     vertex  5.634334e-01  2.275018e+01  3.000000e+00
     vertex  5.169330e-01  2.268356e+01  3.000000e+00
   endloop
 endfacet
 facet normal -1.533570e-16  1.009747e-16  1.000000e+00
   outer loop
     vertex  5.200000e+00  2.100000e+01  3.000000e+00
     vertex  5.169330e-01  2.268356e+01  3.000000e+00
     vertex  4.722538e-01  2.261570e+01  3.000000e+00
   endloop
 endfacet
 facet normal -1.550069e-16  9.614709e-17  1.000000e+00
   outer loop
     vertex  5.200000e+00  2.100000e+01  3.000000e+00
     vertex  4.722538e-01  2.261570e+01  3.000000e+00
     vertex  4.294285e-01  2.254666e+01  3.000000e+00
   endloop
 endfacet
 facet normal -1.565660e-16  9.133815e-17  1.000000e+00
   outer loop
     vertex  5.200000e+00  2.100000e+01  3.000000e+00
     vertex  4.294285e-01  2.254666e+01  3.000000e+00
     vertex  3.884885e-01  2.247648e+01  3.000000e+00
   endloop
 endfacet
 facet normal -1.580362e-16  8.654702e-17  1.000000e+00
   outer loop
     vertex  5.200000e+00  2.100000e+01  3.000000e+00
     vertex  3.884885e-01  2.247648e+01  3.000000e+00
     vertex  3.494639e-01  2.240523e+01  3.000000e+00
   endloop
 endfacet
 facet normal -1.594193e-16  8.177280e-17  1.000000e+00
   outer loop
     vertex  5.200000e+00  2.100000e+01  3.000000e+00
     vertex  3.494639e-01  2.240523e+01  3.000000e+00
     vertex  3.123832e-01  2.233294e+01  3.000000e+00
   endloop
 endfacet
 facet normal -1.607170e-16  7.701457e-17  1.000000e+00
   outer loop
     vertex  5.200000e+00  2.100000e+01  3.000000e+00
     vertex  3.123832e-01  2.233294e+01  3.000000e+00
     vertex  2.772737e-01  2.225967e+01  3.000000e+00
   endloop
 endfacet
 facet normal -1.619307e-16  7.227142e-17  1.000000e+00
   outer loop
     vertex  5.200000e+00  2.100000e+01  3.000000e+00
     vertex  2.772737e-01  2.225967e+01  3.000000e+00
     vertex  2.441612e-01  2.218548e+01  3.000000e+00
   endloop
 endfacet
 facet normal -1.630619e-16  6.754245e-17  1.000000e+00
   outer loop
     vertex  5.200000e+00  2.100000e+01  3.000000e+00
     vertex  2.441612e-01  2.218548e+01  3.000000e+00
     vertex  2.130698e-01  2.211041e+01  3.000000e+00
   endloop
 endfacet
 facet normal -1.641119e-16  6.282674e-17  1.000000e+00
   outer loop
     vertex  5.200000e+00  2.100000e+01  3.000000e+00
     vertex  2.130698e-01  2.211041e+01  3.000000e+00
     vertex  1.840225e-01  2.203454e+01  3.000000e+00
   endloop
 endfacet
 facet normal -1.650820e-16  5.812338e-17  1.000000e+00
   outer loop
     vertex  5.200000e+00  2.100000e+01  3.000000e+00
     vertex  1.840225e-01  2.203454e+01  3.000000e+00
     vertex  1.570405e-01  2.195790e+01  3.000000e+00
   endloop
 endfacet
 facet normal -1.659732e-16  5.343145e-17  1.000000e+00
   outer loop
     vertex  5.200000e+00  2.100000e+01  3.000000e+00
     vertex  1.570405e-01  2.195790e+01  3.000000e+00
     vertex  1.321436e-01  2.188057e+01  3.000000e+00
   endloop
 endfacet
 facet normal -1.667866e-16  4.875003e-17  1.000000e+00
   outer loop
     vertex  5.200000e+00  2.100000e+01  3.000000e+00
     vertex  1.321436e-01  2.188057e+01  3.000000e+00
     vertex  1.093500e-01  2.180259e+01  3.000000e+00
   endloop
 endfacet
 facet normal -1.708035e-16  0.000000e+00  1.000000e+00
   outer loop
     vertex  5.200000e+00  2.100000e+01  3.000000e+00
     vertex  0.000000e+00  3.000000e+00  3.000000e+00
     vertex  5.200000e+00  3.000000e+00  3.000000e+00
   endloop
 endfacet
 facet normal -1.675232e-16  4.407822e-17  1.000000e+00
   outer loop
     vertex  5.200000e+00  2.100000e+01  3.000000e+00
     vertex  1.093500e-01  2.180259e+01  3.000000e+00
     vertex  8.867656e-02  2.172401e+01  3.000000e+00
   endloop
 endfacet
 facet normal -1.681837e-16  3.941510e-17  1.000000e+00
   outer loop
     vertex  5.200000e+00  2.100000e+01  3.000000e+00
     vertex  8.867656e-02  2.172401e+01  3.000000e+00
     vertex  7.013833e-02  2.164491e+01  3.000000e+00
   endloop
 endfacet
 facet normal -1.687690e-16  3.475975e-17  1.000000e+00
   outer loop
     vertex  5.200000e+00  2.100000e+01  3.000000e+00
     vertex  7.013833e-02  2.164491e+01  3.000000e+00
     vertex  5.374895e-02  2.156534e+01  3.000000e+00
   endloop
 endfacet
 facet normal -1.692796e-16  3.011125e-17  1.000000e+00
   outer loop
     vertex  5.200000e+00  2.100000e+01  3.000000e+00
     vertex  5.374895e-02  2.156534e+01  3.000000e+00
     vertex  3.952043e-02  2.148535e+01  3.000000e+00
   endloop
 endfacet
 facet normal -1.697163e-16  2.546870e-17  1.000000e+00
   outer loop
     vertex  5.200000e+00  2.100000e+01  3.000000e+00
     vertex  3.952043e-02  2.148535e+01  3.000000e+00
     vertex  2.746321e-02  2.140500e+01  3.000000e+00
   endloop
 endfacet
 facet normal -1.700794e-16  2.083117e-17  1.000000e+00
   outer loop
     vertex  5.200000e+00  2.100000e+01  3.000000e+00
     vertex  2.746321e-02  2.140500e+01  3.000000e+00
     vertex  1.758613e-02  2.132436e+01  3.000000e+00
   endloop
 endfacet
 facet normal -1.703694e-16  1.619776e-17  1.000000e+00
   outer loop
     vertex  5.200000e+00  2.100000e+01  3.000000e+00
     vertex  1.758613e-02  2.132436e+01  3.000000e+00
     vertex  9.896431e-03  2.124348e+01  3.000000e+00
   endloop
 endfacet
 facet normal -1.705866e-16  1.156754e-17  1.000000e+00
   outer loop
     vertex  5.200000e+00  2.100000e+01  3.000000e+00
     vertex  9.896431e-03  2.124348e+01  3.000000e+00
     vertex  4.399758e-03  2.116242e+01  3.000000e+00
   endloop
 endfacet
 facet normal -1.707312e-16  6.939611e-18  1.000000e+00
   outer loop
     vertex  5.200000e+00  2.100000e+01  3.000000e+00
     vertex  4.399758e-03  2.116242e+01  3.000000e+00
     vertex  1.100141e-03  2.108124e+01  3.000000e+00
   endloop
 endfacet
 facet normal -1.708035e-16  2.313052e-18  1.000000e+00
   outer loop
     vertex  5.200000e+00  2.100000e+01  3.000000e+00
     vertex  1.100141e-03  2.108124e+01  3.000000e+00
     vertex  0.000000e+00  2.100000e+01  3.000000e+00
   endloop
 endfacet
 facet normal -1.708035e-16  0.000000e+00  1.000000e+00
   outer loop
     vertex  5.200000e+00  2.100000e+01  3.000000e+00
     vertex  0.000000e+00  2.100000e+01  3.000000e+00
     vertex  0.000000e+00  3.000000e+00  3.000000e+00
   endloop
 endfacet
 facet normal -6.349231e-17  2.413081e-16  1.000000e+00
   outer loop
     vertex  5.200000e+00  2.100000e+01  3.000000e+00
     vertex  2.275986e+00  2.391132e+01  3.000000e+00
     vertex  2.197415e+00  2.389065e+01  3.000000e+00
   endloop
 endfacet
 facet normal -6.889240e-17  2.356989e-16  1.000000e+00
   outer loop
     vertex  5.200000e+00  2.100000e+01  3.000000e+00
     vertex  2.197415e+00  2.389065e+01  3.000000e+00
     vertex  2.119432e+00  2.386786e+01  3.000000e+00
   endloop
 endfacet
 facet normal -7.408313e-17  2.301232e-16  1.000000e+00
   outer loop
     vertex  5.200000e+00  2.100000e+01  3.000000e+00
     vertex  2.119432e+00  2.386786e+01  3.000000e+00
     vertex  2.042095e+00  2.384296e+01  3.000000e+00
   endloop
 endfacet
 facet normal -7.907236e-17  2.245813e-16  1.000000e+00
   outer loop
     vertex  5.200000e+00  2.100000e+01  3.000000e+00
     vertex  2.042095e+00  2.384296e+01  3.000000e+00
     vertex  1.965461e+00  2.381598e+01  3.000000e+00
   endloop
 endfacet
 facet normal -8.386754e-17  2.190733e-16  1.000000e+00
   outer loop
     vertex  5.200000e+00  2.100000e+01  3.000000e+00
     vertex  1.965461e+00  2.381598e+01  3.000000e+00
     vertex  1.889586e+00  2.378693e+01  3.000000e+00
   endloop
 endfacet
 facet normal -8.847580e-17  2.135995e-16  1.000000e+00
   outer loop
     vertex  5.200000e+00  2.100000e+01  3.000000e+00
     vertex  1.889586e+00  2.378693e+01  3.000000e+00
     vertex  1.814524e+00  2.375584e+01  3.000000e+00
   endloop
 endfacet
 facet normal -9.290391e-17  2.081597e-16  1.000000e+00
   outer loop
     vertex  5.200000e+00  2.100000e+01  3.000000e+00
     vertex  1.814524e+00  2.375584e+01  3.000000e+00
     vertex  1.740333e+00  2.372273e+01  3.000000e+00
   endloop
 endfacet
 facet normal -9.715832e-17  2.027537e-16  1.000000e+00
   outer loop
     vertex  5.200000e+00  2.100000e+01  3.000000e+00
     vertex  1.740333e+00  2.372273e+01  3.000000e+00
     vertex  1.667065e+00  2.368762e+01  3.000000e+00
   endloop
 endfacet
 facet normal -1.012452e-16  1.973815e-16  1.000000e+00
   outer loop
     vertex  5.200000e+00  2.100000e+01  3.000000e+00
     vertex  1.667065e+00  2.368762e+01  3.000000e+00
     vertex  1.594775e+00  2.365054e+01  3.000000e+00
   endloop
 endfacet
 facet normal -1.051703e-16  1.920426e-16  1.000000e+00
   outer loop
     vertex  5.200000e+00  2.100000e+01  3.000000e+00
     vertex  1.594775e+00  2.365054e+01  3.000000e+00
     vertex  1.523515e+00  2.361151e+01  3.000000e+00
   endloop
 endfacet
 facet normal -1.089393e-16  1.867366e-16  1.000000e+00
   outer loop
     vertex  5.200000e+00  2.100000e+01  3.000000e+00
     vertex  1.523515e+00  2.361151e+01  3.000000e+00
     vertex  1.453338e+00  2.357057e+01  3.000000e+00
   endloop
 endfacet
 facet normal -1.125573e-16  1.814632e-16  1.000000e+00
   outer loop
     vertex  5.200000e+00  2.100000e+01  3.000000e+00
     vertex  1.453338e+00  2.357057e+01  3.000000e+00
     vertex  1.384296e+00  2.352775e+01  3.000000e+00
   endloop
 endfacet
 facet normal -1.160296e-16  1.762218e-16  1.000000e+00
   outer loop
     vertex  5.200000e+00  2.100000e+01  3.000000e+00
     vertex  1.384296e+00  2.352775e+01  3.000000e+00
     vertex  1.316439e+00  2.348307e+01  3.000000e+00
   endloop
 endfacet
 facet normal -1.193607e-16  1.710118e-16  1.000000e+00
   outer loop
     vertex  5.200000e+00  2.100000e+01  3.000000e+00
     vertex  1.316439e+00  2.348307e+01  3.000000e+00
     vertex  1.249816e+00  2.343657e+01  3.000000e+00
   endloop
 endfacet
 facet normal -1.225553e-16  1.658327e-16  1.000000e+00
   outer loop
     vertex  5.200000e+00  2.100000e+01  3.000000e+00
     vertex  1.249816e+00  2.343657e+01  3.000000e+00
     vertex  1.184477e+00  2.338828e+01  3.000000e+00
   endloop
 endfacet
 facet normal -5.787463e-17  2.469503e-16  1.000000e+00
   outer loop
     vertex  2.355089e+00  2.392986e+01  3.000000e+00
     vertex  2.275986e+00  2.391132e+01  3.000000e+00
     vertex  5.200000e+00  2.100000e+01  3.000000e+00
   endloop
 endfacet
 facet normal -5.203073e-17  2.526248e-16  1.000000e+00
   outer loop
     vertex  2.434664e+00  2.394625e+01  3.000000e+00
     vertex  2.355089e+00  2.392986e+01  3.000000e+00
     vertex  5.200000e+00  2.100000e+01  3.000000e+00
   endloop
 endfacet
 facet normal -4.595154e-17  2.583307e-16  1.000000e+00
   outer loop
     vertex  2.514654e+00  2.396048e+01  3.000000e+00
     vertex  2.434664e+00  2.394625e+01  3.000000e+00
     vertex  5.200000e+00  2.100000e+01  3.000000e+00
   endloop
 endfacet
 facet normal -3.962756e-17  2.640669e-16  1.000000e+00
   outer loop
     vertex  2.595000e+00  2.397254e+01  3.000000e+00
     vertex  2.514654e+00  2.396048e+01  3.000000e+00
     vertex  5.200000e+00  2.100000e+01  3.000000e+00
   endloop
 endfacet
 facet normal -3.304881e-17  2.698322e-16  1.000000e+00
   outer loop
     vertex  2.675643e+00  2.398241e+01  3.000000e+00
     vertex  2.595000e+00  2.397254e+01  3.000000e+00
     vertex  5.200000e+00  2.100000e+01  3.000000e+00
   endloop
 endfacet
 facet normal -2.620487e-17  2.756250e-16  1.000000e+00
   outer loop
     vertex  2.756524e+00  2.399010e+01  3.000000e+00
     vertex  2.675643e+00  2.398241e+01  3.000000e+00
     vertex  5.200000e+00  2.100000e+01  3.000000e+00
   endloop
 endfacet
 facet normal -1.908479e-17  2.814435e-16  1.000000e+00
   outer loop
     vertex  2.837583e+00  2.399560e+01  3.000000e+00
     vertex  2.756524e+00  2.399010e+01  3.000000e+00
     vertex  5.200000e+00  2.100000e+01  3.000000e+00
   endloop
 endfacet
 facet normal -1.167712e-17  2.872854e-16  1.000000e+00
   outer loop
     vertex  2.918762e+00  2.399890e+01  3.000000e+00
     vertex  2.837583e+00  2.399560e+01  3.000000e+00
     vertex  5.200000e+00  2.100000e+01  3.000000e+00
   endloop
 endfacet
 facet normal -3.969865e-18  2.931482e-16  1.000000e+00
   outer loop
     vertex  3.000000e+00  2.400000e+01  3.000000e+00
     vertex  2.918762e+00  2.399890e+01  3.000000e+00
     vertex  5.200000e+00  2.100000e+01  3.000000e+00
   endloop
 endfacet
 facet normal  0.000000e+00  2.960595e-16  1.000000e+00
   outer loop
     vertex  7.200000e+00  2.100000e+01  3.000000e+00
     vertex  3.000000e+00  2.400000e+01  3.000000e+00
     vertex  5.200000e+00  2.100000e+01  3.000000e+00
   endloop
 endfacet
 facet normal  0.000000e+00 -2.960595e-16  1.000000e+00
   outer loop
     vertex  6.700000e+01  0.000000e+00  3.000000e+00
     vertex  7.200000e+00  3.000000e+00  3.000000e+00
     vertex  3.000000e+00  0.000000e+00  3.000000e+00
   endloop
 endfacet
 facet normal  0.000000e+00  0.000000e+00  1.000000e+00
   outer loop
     vertex  6.724348e+01  9.896431e-03  3.000000e+00
     vertex  6.708124e+01  1.100141e-03  3.000000e+00
     vertex  6.716242e+01  4.399758e-03  3.000000e+00
   endloop
 endfacet
 facet normal  0.000000e+00  0.000000e+00  1.000000e+00
   outer loop
     vertex  6.732436e+01  1.758613e-02  3.000000e+00
     vertex  6.708124e+01  1.100141e-03  3.000000e+00
     vertex  6.724348e+01  9.896431e-03  3.000000e+00
   endloop
 endfacet
 facet normal  0.000000e+00  0.000000e+00  1.000000e+00
   outer loop
     vertex  6.740500e+01  2.746321e-02  3.000000e+00
     vertex  6.708124e+01  1.100141e-03  3.000000e+00
     vertex  6.732436e+01  1.758613e-02  3.000000e+00
   endloop
 endfacet
 facet normal  0.000000e+00  0.000000e+00  1.000000e+00
   outer loop
     vertex  6.748535e+01  3.952043e-02  3.000000e+00
     vertex  6.708124e+01  1.100141e-03  3.000000e+00
     vertex  6.740500e+01  2.746321e-02  3.000000e+00
   endloop
 endfacet
 facet normal  0.000000e+00  0.000000e+00  1.000000e+00
   outer loop
     vertex  6.756534e+01  5.374895e-02  3.000000e+00
     vertex  6.700000e+01  0.000000e+00  3.000000e+00
     vertex  6.708124e+01  1.100141e-03  3.000000e+00
   endloop
 endfacet
 facet normal  0.000000e+00  0.000000e+00  1.000000e+00
   outer loop
     vertex  6.756534e+01  5.374895e-02  3.000000e+00
     vertex  6.708124e+01  1.100141e-03  3.000000e+00
     vertex  6.748535e+01  3.952043e-02  3.000000e+00
   endloop
 endfacet
 facet normal  0.000000e+00  0.000000e+00  1.000000e+00
   outer loop
     vertex  6.772401e+01  8.867656e-02  3.000000e+00
     vertex  6.756534e+01  5.374895e-02  3.000000e+00
     vertex  6.764491e+01  7.013833e-02  3.000000e+00
   endloop
 endfacet
 facet normal  0.000000e+00  0.000000e+00  1.000000e+00
   outer loop
     vertex  6.772401e+01  8.867656e-02  3.000000e+00
     vertex  6.700000e+01  0.000000e+00  3.000000e+00
     vertex  6.756534e+01  5.374895e-02  3.000000e+00
   endloop
 endfacet
 facet normal  0.000000e+00  0.000000e+00  1.000000e+00
   outer loop
     vertex  6.780259e+01  1.093500e-01  3.000000e+00
     vertex  6.700000e+01  0.000000e+00  3.000000e+00
     vertex  6.772401e+01  8.867656e-02  3.000000e+00
   endloop
 endfacet
 facet normal  0.000000e+00  0.000000e+00  1.000000e+00
   outer loop
     vertex  6.795790e+01  1.570405e-01  3.000000e+00
     vertex  6.700000e+01  0.000000e+00  3.000000e+00
     vertex  6.780259e+01  1.093500e-01  3.000000e+00
   endloop
 endfacet
 facet normal  0.000000e+00  0.000000e+00  1.000000e+00
   outer loop
     vertex  6.795790e+01  1.570405e-01  3.000000e+00
     vertex  6.780259e+01  1.093500e-01  3.000000e+00
     vertex  6.788057e+01  1.321436e-01  3.000000e+00
   endloop
 endfacet
 facet normal  0.000000e+00  0.000000e+00  1.000000e+00
   outer loop
     vertex  6.811041e+01  2.130698e-01  3.000000e+00
     vertex  6.795790e+01  1.570405e-01  3.000000e+00
     vertex  6.803454e+01  1.840225e-01  3.000000e+00
   endloop
 endfacet
 facet normal  0.000000e+00  0.000000e+00  1.000000e+00
   outer loop
     vertex  6.818548e+01  2.441612e-01  3.000000e+00
     vertex  6.700000e+01  0.000000e+00  3.000000e+00
     vertex  6.795790e+01  1.570405e-01  3.000000e+00
   endloop
 endfacet
 facet normal  0.000000e+00  0.000000e+00  1.000000e+00
   outer loop
     vertex  6.818548e+01  2.441612e-01  3.000000e+00
     vertex  6.795790e+01  1.570405e-01  3.000000e+00
     vertex  6.811041e+01  2.130698e-01  3.000000e+00
   endloop
 endfacet
 facet normal  0.000000e+00  0.000000e+00  1.000000e+00
   outer loop
     vertex  6.833294e+01  3.123832e-01  3.000000e+00
     vertex  6.700000e+01  0.000000e+00  3.000000e+00
     vertex  6.818548e+01  2.441612e-01  3.000000e+00
   endloop
 endfacet
 facet normal  0.000000e+00  0.000000e+00  1.000000e+00
   outer loop
     vertex  6.833294e+01  3.123832e-01  3.000000e+00
     vertex  6.818548e+01  2.441612e-01  3.000000e+00
     vertex  6.825967e+01  2.772737e-01  3.000000e+00
   endloop
 endfacet
 facet normal  0.000000e+00  0.000000e+00  1.000000e+00
   outer loop
     vertex  6.854666e+01  4.294285e-01  3.000000e+00
     vertex  6.833294e+01  3.123832e-01  3.000000e+00
     vertex  6.840523e+01  3.494639e-01  3.000000e+00
   endloop
 endfacet
 facet normal  0.000000e+00  0.000000e+00  1.000000e+00
   outer loop
     vertex  6.854666e+01  4.294285e-01  3.000000e+00
     vertex  6.840523e+01  3.494639e-01  3.000000e+00
     vertex  6.847648e+01  3.884885e-01  3.000000e+00
   endloop
 endfacet
 facet normal  0.000000e+00  0.000000e+00  1.000000e+00
   outer loop
     vertex  6.868356e+01  5.169330e-01  3.000000e+00
     vertex  6.700000e+01  0.000000e+00  3.000000e+00
     vertex  6.833294e+01  3.123832e-01  3.000000e+00
   endloop
 endfacet
 facet normal  0.000000e+00  0.000000e+00  1.000000e+00
   outer loop
     vertex  6.868356e+01  5.169330e-01  3.000000e+00
     vertex  6.833294e+01  3.123832e-01  3.000000e+00
     vertex  6.854666e+01  4.294285e-01  3.000000e+00
   endloop
 endfacet
 facet normal  0.000000e+00  0.000000e+00  1.000000e+00
   outer loop
     vertex  6.868356e+01  5.169330e-01  3.000000e+00
     vertex  6.854666e+01  4.294285e-01  3.000000e+00
     vertex  6.861570e+01  4.722538e-01  3.000000e+00
   endloop
 endfacet
 facet normal  0.000000e+00  0.000000e+00  1.000000e+00
   outer loop
     vertex  6.875018e+01  5.634334e-01  3.000000e+00
     vertex  6.700000e+01  0.000000e+00  3.000000e+00
     vertex  6.868356e+01  5.169330e-01  3.000000e+00
   endloop
 endfacet
 facet normal  0.000000e+00  0.000000e+00  1.000000e+00
   outer loop
     vertex  6.881552e+01  6.117208e-01  3.000000e+00
     vertex  6.700000e+01  0.000000e+00  3.000000e+00
     vertex  6.875018e+01  5.634334e-01  3.000000e+00
   endloop
 endfacet
 facet normal  0.000000e+00  0.000000e+00  1.000000e+00
   outer loop
     vertex  6.894216e+01  7.135138e-01  3.000000e+00
     vertex  6.700000e+01  0.000000e+00  3.000000e+00
     vertex  6.881552e+01  6.117208e-01  3.000000e+00
   endloop
 endfacet
 facet normal  0.000000e+00  0.000000e+00  1.000000e+00
   outer loop
     vertex  6.894216e+01  7.135138e-01  3.000000e+00
     vertex  6.881552e+01  6.117208e-01  3.000000e+00
     vertex  6.887953e+01  6.617599e-01  3.000000e+00
   endloop
 endfacet
 facet normal  0.000000e+00  0.000000e+00  1.000000e+00
   outer loop
     vertex  6.917799e+01  9.369016e-01  3.000000e+00
     vertex  6.894216e+01  7.135138e-01  3.000000e+00
     vertex  6.900336e+01  7.669448e-01  3.000000e+00
   endloop
 endfacet
 facet normal  0.000000e+00  0.000000e+00  1.000000e+00
   outer loop
     vertex  6.917799e+01  9.369016e-01  3.000000e+00
     vertex  6.900336e+01  7.669448e-01  3.000000e+00
     vertex  6.906310e+01  8.220135e-01  3.000000e+00
   endloop
 endfacet
 facet normal  0.000000e+00  0.000000e+00  1.000000e+00
   outer loop
     vertex  6.917799e+01  9.369016e-01  3.000000e+00
     vertex  6.906310e+01  8.220135e-01  3.000000e+00
     vertex  6.912132e+01  8.786797e-01  3.000000e+00
   endloop
 endfacet
 facet normal  0.000000e+00  0.000000e+00  1.000000e+00
   outer loop
     vertex  6.933824e+01  1.120470e+00  3.000000e+00
     vertex  6.894216e+01  7.135138e-01  3.000000e+00
     vertex  6.917799e+01  9.369016e-01  3.000000e+00
   endloop
 endfacet
 facet normal  0.000000e+00  0.000000e+00  1.000000e+00
   outer loop
     vertex  6.933824e+01  1.120470e+00  3.000000e+00
     vertex  6.917799e+01  9.369016e-01  3.000000e+00
     vertex  6.923306e+01  9.966367e-01  3.000000e+00
   endloop
 endfacet
 facet normal  0.000000e+00  0.000000e+00  1.000000e+00
   outer loop
     vertex  6.933824e+01  1.120470e+00  3.000000e+00
     vertex  6.923306e+01  9.966367e-01  3.000000e+00
     vertex  6.928649e+01  1.057841e+00  3.000000e+00
   endloop
 endfacet
 facet normal  0.000000e+00  0.000000e+00  1.000000e+00
   outer loop
     vertex  6.938828e+01  1.184477e+00  3.000000e+00
     vertex  6.700000e+01  0.000000e+00  3.000000e+00
     vertex  6.894216e+01  7.135138e-01  3.000000e+00
   endloop
 endfacet
 facet normal  0.000000e+00  0.000000e+00  1.000000e+00
   outer loop
     vertex  6.938828e+01  1.184477e+00  3.000000e+00
     vertex  6.894216e+01  7.135138e-01  3.000000e+00
     vertex  6.933824e+01  1.120470e+00  3.000000e+00
   endloop
 endfacet
 facet normal  0.000000e+00  0.000000e+00  1.000000e+00
   outer loop
     vertex  6.948307e+01  1.316439e+00  3.000000e+00
     vertex  6.938828e+01  1.184477e+00  3.000000e+00
     vertex  6.943657e+01  1.249816e+00  3.000000e+00
   endloop
 endfacet
 facet normal  0.000000e+00  0.000000e+00  1.000000e+00
   outer loop
     vertex  6.957057e+01  1.453338e+00  3.000000e+00
     vertex  6.700000e+01  0.000000e+00  3.000000e+00
     vertex  6.938828e+01  1.184477e+00  3.000000e+00
   endloop
 endfacet
 facet normal  0.000000e+00  0.000000e+00  1.000000e+00
   outer loop
     vertex  6.957057e+01  1.453338e+00  3.000000e+00
     vertex  6.938828e+01  1.184477e+00  3.000000e+00
     vertex  6.948307e+01  1.316439e+00  3.000000e+00
   endloop
 endfacet
 facet normal  0.000000e+00  0.000000e+00  1.000000e+00
   outer loop
     vertex  6.957057e+01  1.453338e+00  3.000000e+00
     vertex  6.948307e+01  1.316439e+00  3.000000e+00
     vertex  6.952775e+01  1.384296e+00  3.000000e+00
   endloop
 endfacet
 facet normal  0.000000e+00  0.000000e+00  1.000000e+00
   outer loop
     vertex  6.965054e+01  1.594775e+00  3.000000e+00
     vertex  6.957057e+01  1.453338e+00  3.000000e+00
     vertex  6.961151e+01  1.523515e+00  3.000000e+00
   endloop
 endfacet
 facet normal  0.000000e+00  0.000000e+00  1.000000e+00
   outer loop
     vertex  6.972273e+01  1.740333e+00  3.000000e+00
     vertex  6.957057e+01  1.453338e+00  3.000000e+00
     vertex  6.965054e+01  1.594775e+00  3.000000e+00
   endloop
 endfacet
 facet normal  0.000000e+00  0.000000e+00  1.000000e+00
   outer loop
     vertex  6.972273e+01  1.740333e+00  3.000000e+00
     vertex  6.965054e+01  1.594775e+00  3.000000e+00
     vertex  6.968762e+01  1.667065e+00  3.000000e+00
   endloop
 endfacet
 facet normal  0.000000e+00  0.000000e+00  1.000000e+00
   outer loop
     vertex  6.978693e+01  1.889586e+00  3.000000e+00
     vertex  6.972273e+01  1.740333e+00  3.000000e+00
     vertex  6.975584e+01  1.814524e+00  3.000000e+00
   endloop
 endfacet
 facet normal  0.000000e+00  0.000000e+00  1.000000e+00
   outer loop
     vertex  6.978693e+01  1.889586e+00  3.000000e+00
     vertex  6.957057e+01  1.453338e+00  3.000000e+00
     vertex  6.972273e+01  1.740333e+00  3.000000e+00
   endloop
 endfacet
 facet normal  0.000000e+00  0.000000e+00  1.000000e+00
   outer loop
     vertex  6.981598e+01  1.965461e+00  3.000000e+00
     vertex  6.957057e+01  1.453338e+00  3.000000e+00
     vertex  6.978693e+01  1.889586e+00  3.000000e+00
   endloop
 endfacet
 facet normal  0.000000e+00  0.000000e+00  1.000000e+00
   outer loop
     vertex  6.986786e+01  2.119432e+00  3.000000e+00
     vertex  6.981598e+01  1.965461e+00  3.000000e+00
     vertex  6.984296e+01  2.042095e+00  3.000000e+00
   endloop
 endfacet
 facet normal  0.000000e+00  0.000000e+00  1.000000e+00
   outer loop
     vertex  6.991132e+01  2.275986e+00  3.000000e+00
     vertex  6.986786e+01  2.119432e+00  3.000000e+00
     vertex  6.989065e+01  2.197415e+00  3.000000e+00
   endloop
 endfacet
 facet normal  0.000000e+00  0.000000e+00  1.000000e+00
   outer loop
     vertex  6.991132e+01  2.275986e+00  3.000000e+00
     vertex  6.957057e+01  1.453338e+00  3.000000e+00
     vertex  6.981598e+01  1.965461e+00  3.000000e+00
   endloop
 endfacet
 facet normal  0.000000e+00  0.000000e+00  1.000000e+00
   outer loop
     vertex  6.991132e+01  2.275986e+00  3.000000e+00
     vertex  6.981598e+01  1.965461e+00  3.000000e+00
     vertex  6.986786e+01  2.119432e+00  3.000000e+00
   endloop
 endfacet
 facet normal  0.000000e+00  0.000000e+00  1.000000e+00
   outer loop
     vertex  6.994625e+01  2.434664e+00  3.000000e+00
     vertex  6.991132e+01  2.275986e+00  3.000000e+00
     vertex  6.992986e+01  2.355089e+00  3.000000e+00
   endloop
 endfacet
 facet normal  0.000000e+00  0.000000e+00  1.000000e+00
   outer loop
     vertex  6.994625e+01  2.434664e+00  3.000000e+00
     vertex  6.700000e+01  0.000000e+00  3.000000e+00
     vertex  6.957057e+01  1.453338e+00  3.000000e+00
   endloop
 endfacet
 facet normal  0.000000e+00  0.000000e+00  1.000000e+00
   outer loop
     vertex  6.994625e+01  2.434664e+00  3.000000e+00
     vertex  6.957057e+01  1.453338e+00  3.000000e+00
     vertex  6.991132e+01  2.275986e+00  3.000000e+00
   endloop
 endfacet
 facet normal  0.000000e+00  0.000000e+00  1.000000e+00
   outer loop
     vertex  6.997254e+01  2.595000e+00  3.000000e+00
     vertex  6.994625e+01  2.434664e+00  3.000000e+00
     vertex  6.996048e+01  2.514654e+00  3.000000e+00
   endloop
 endfacet
 facet normal  0.000000e+00  0.000000e+00  1.000000e+00
   outer loop
     vertex  6.999010e+01  2.756524e+00  3.000000e+00
     vertex  6.997254e+01  2.595000e+00  3.000000e+00
     vertex  6.998241e+01  2.675643e+00  3.000000e+00
   endloop
 endfacet
 facet normal  0.000000e+00  0.000000e+00  1.000000e+00
   outer loop
     vertex  6.999010e+01  2.756524e+00  3.000000e+00
     vertex  6.700000e+01  0.000000e+00  3.000000e+00
     vertex  6.994625e+01  2.434664e+00  3.000000e+00
   endloop
 endfacet
 facet normal  0.000000e+00  0.000000e+00  1.000000e+00
   outer loop
     vertex  6.999010e+01  2.756524e+00  3.000000e+00
     vertex  6.994625e+01  2.434664e+00  3.000000e+00
     vertex  6.997254e+01  2.595000e+00  3.000000e+00
   endloop
 endfacet
 facet normal  0.000000e+00  0.000000e+00  1.000000e+00
   outer loop
     vertex  6.999890e+01  2.918762e+00  3.000000e+00
     vertex  6.999010e+01  2.756524e+00  3.000000e+00
     vertex  6.999560e+01  2.837583e+00  3.000000e+00
   endloop
 endfacet
 facet normal  0.000000e+00  0.000000e+00  1.000000e+00
   outer loop
     vertex  7.000000e+01  3.000000e+00  3.000000e+00
     vertex  6.700000e+01  0.000000e+00  3.000000e+00
     vertex  6.999010e+01  2.756524e+00  3.000000e+00
   endloop
 endfacet
 facet normal  0.000000e+00  0.000000e+00  1.000000e+00
   outer loop
     vertex  7.000000e+01  3.000000e+00  3.000000e+00
     vertex  6.999010e+01  2.756524e+00  3.000000e+00
     vertex  6.999890e+01  2.918762e+00  3.000000e+00
   endloop
 endfacet
 facet normal  1.485248e-17  0.000000e+00  1.000000e+00
   outer loop
     vertex  6.700000e+01  2.400000e+01  3.000000e+00
     vertex  7.200000e+00  2.100000e+01  3.000000e+00
     vertex  7.200000e+00  3.000000e+00  3.000000e+00
   endloop
 endfacet
 facet normal  1.485248e-17  0.000000e+00  1.000000e+00
   outer loop
     vertex  6.700000e+01  2.400000e+01  3.000000e+00
     vertex  7.200000e+00  3.000000e+00  3.000000e+00
     vertex  6.700000e+01  0.000000e+00  3.000000e+00
   endloop
 endfacet
 facet normal  0.000000e+00  0.000000e+00  1.000000e+00
   outer loop
     vertex  7.000000e+01  2.100000e+01  3.000000e+00
     vertex  6.700000e+01  2.400000e+01  3.000000e+00
     vertex  6.700000e+01  0.000000e+00  3.000000e+00
   endloop
 endfacet
 facet normal  0.000000e+00  0.000000e+00  1.000000e+00
   outer loop
     vertex  7.000000e+01  2.100000e+01  3.000000e+00
     vertex  6.700000e+01  0.000000e+00  3.000000e+00
     vertex  7.000000e+01  3.000000e+00  3.000000e+00
   endloop
 endfacet
 facet normal  0.000000e+00  0.000000e+00  1.000000e+00
   outer loop
     vertex  6.999560e+01  2.116242e+01  3.000000e+00
     vertex  7.000000e+01  2.100000e+01  3.000000e+00
     vertex  6.999890e+01  2.108124e+01  3.000000e+00
   endloop
 endfacet
 facet normal  0.000000e+00  0.000000e+00  1.000000e+00
   outer loop
     vertex  6.724348e+01  2.399010e+01  3.000000e+00
     vertex  6.716242e+01  2.399560e+01  3.000000e+00
     vertex  6.708124e+01  2.399890e+01  3.000000e+00
   endloop
 endfacet
 facet normal  0.000000e+00  0.000000e+00  1.000000e+00
   outer loop
     vertex  6.998241e+01  2.132436e+01  3.000000e+00
     vertex  6.999560e+01  2.116242e+01  3.000000e+00
     vertex  6.999010e+01  2.124348e+01  3.000000e+00
   endloop
 endfacet
 facet normal  0.000000e+00  0.000000e+00  1.000000e+00
   outer loop
     vertex  6.740500e+01  2.397254e+01  3.000000e+00
     vertex  6.724348e+01  2.399010e+01  3.000000e+00
     vertex  6.708124e+01  2.399890e+01  3.000000e+00
   endloop
 endfacet
 facet normal  0.000000e+00  0.000000e+00  1.000000e+00
   outer loop
     vertex  6.740500e+01  2.397254e+01  3.000000e+00
     vertex  6.732436e+01  2.398241e+01  3.000000e+00
     vertex  6.724348e+01  2.399010e+01  3.000000e+00
   endloop
 endfacet
 facet normal  0.000000e+00  0.000000e+00  1.000000e+00
   outer loop
     vertex  6.996048e+01  2.148535e+01  3.000000e+00
     vertex  6.999560e+01  2.116242e+01  3.000000e+00
     vertex  6.998241e+01  2.132436e+01  3.000000e+00
   endloop
 endfacet
 facet normal  0.000000e+00  0.000000e+00  1.000000e+00
   outer loop
     vertex  6.996048e+01  2.148535e+01  3.000000e+00
     vertex  6.998241e+01  2.132436e+01  3.000000e+00
     vertex  6.997254e+01  2.140500e+01  3.000000e+00
   endloop
 endfacet
 facet normal  0.000000e+00  0.000000e+00  1.000000e+00
   outer loop
     vertex  6.756534e+01  2.394625e+01  3.000000e+00
     vertex  6.740500e+01  2.397254e+01  3.000000e+00
     vertex  6.708124e+01  2.399890e+01  3.000000e+00
   endloop
 endfacet
 facet normal  0.000000e+00  0.000000e+00  1.000000e+00
   outer loop
     vertex  6.756534e+01  2.394625e+01  3.000000e+00
     vertex  6.748535e+01  2.396048e+01  3.000000e+00
     vertex  6.740500e+01  2.397254e+01  3.000000e+00
   endloop
 endfacet
 facet normal  0.000000e+00  0.000000e+00  1.000000e+00
   outer loop
     vertex  6.756534e+01  2.394625e+01  3.000000e+00
     vertex  6.708124e+01  2.399890e+01  3.000000e+00
     vertex  6.700000e+01  2.400000e+01  3.000000e+00
   endloop
 endfacet
 facet normal  0.000000e+00  0.000000e+00  1.000000e+00
   outer loop
     vertex  6.756534e+01  2.394625e+01  3.000000e+00
     vertex  6.700000e+01  2.400000e+01  3.000000e+00
     vertex  7.000000e+01  2.100000e+01  3.000000e+00
   endloop
 endfacet
 facet normal  0.000000e+00  0.000000e+00  1.000000e+00
   outer loop
     vertex  6.772401e+01  2.391132e+01  3.000000e+00
     vertex  7.000000e+01  2.100000e+01  3.000000e+00
     vertex  6.999560e+01  2.116242e+01  3.000000e+00
   endloop
 endfacet
 facet normal  0.000000e+00  0.000000e+00  1.000000e+00
   outer loop
     vertex  6.772401e+01  2.391132e+01  3.000000e+00
     vertex  6.756534e+01  2.394625e+01  3.000000e+00
     vertex  7.000000e+01  2.100000e+01  3.000000e+00
   endloop
 endfacet
 facet normal  0.000000e+00  0.000000e+00  1.000000e+00
   outer loop
     vertex  6.772401e+01  2.391132e+01  3.000000e+00
     vertex  6.764491e+01  2.392986e+01  3.000000e+00
     vertex  6.756534e+01  2.394625e+01  3.000000e+00
   endloop
 endfacet
 facet normal  0.000000e+00  0.000000e+00  1.000000e+00
   outer loop
     vertex  6.989065e+01  2.180259e+01  3.000000e+00
     vertex  6.996048e+01  2.148535e+01  3.000000e+00
     vertex  6.994625e+01  2.156534e+01  3.000000e+00
   endloop
 endfacet
 facet normal  0.000000e+00  0.000000e+00  1.000000e+00
   outer loop
     vertex  6.989065e+01  2.180259e+01  3.000000e+00
     vertex  6.994625e+01  2.156534e+01  3.000000e+00
     vertex  6.992986e+01  2.164491e+01  3.000000e+00
   endloop
 endfacet
 facet normal  0.000000e+00  0.000000e+00  1.000000e+00
   outer loop
     vertex  6.989065e+01  2.180259e+01  3.000000e+00
     vertex  6.992986e+01  2.164491e+01  3.000000e+00
     vertex  6.991132e+01  2.172401e+01  3.000000e+00
   endloop
 endfacet
 facet normal  0.000000e+00  0.000000e+00  1.000000e+00
   outer loop
     vertex  6.803454e+01  2.381598e+01  3.000000e+00
     vertex  6.795790e+01  2.384296e+01  3.000000e+00
     vertex  6.788057e+01  2.386786e+01  3.000000e+00
   endloop
 endfacet
 facet normal  0.000000e+00  0.000000e+00  1.000000e+00
   outer loop
     vertex  6.803454e+01  2.381598e+01  3.000000e+00
     vertex  6.788057e+01  2.386786e+01  3.000000e+00
     vertex  6.780259e+01  2.389065e+01  3.000000e+00
   endloop
 endfacet
 facet normal  0.000000e+00  0.000000e+00  1.000000e+00
   outer loop
     vertex  6.811041e+01  2.378693e+01  3.000000e+00
     vertex  6.999560e+01  2.116242e+01  3.000000e+00
     vertex  6.996048e+01  2.148535e+01  3.000000e+00
   endloop
 endfacet
 facet normal  0.000000e+00  0.000000e+00  1.000000e+00
   outer loop
     vertex  6.811041e+01  2.378693e+01  3.000000e+00
     vertex  6.996048e+01  2.148535e+01  3.000000e+00
     vertex  6.989065e+01  2.180259e+01  3.000000e+00
   endloop
 endfacet
 facet normal  0.000000e+00  0.000000e+00  1.000000e+00
   outer loop
     vertex  6.811041e+01  2.378693e+01  3.000000e+00
     vertex  6.989065e+01  2.180259e+01  3.000000e+00
     vertex  6.986786e+01  2.188057e+01  3.000000e+00
   endloop
 endfacet
 facet normal  0.000000e+00  0.000000e+00  1.000000e+00
   outer loop
     vertex  6.811041e+01  2.378693e+01  3.000000e+00
     vertex  6.772401e+01  2.391132e+01  3.000000e+00
     vertex  6.999560e+01  2.116242e+01  3.000000e+00
   endloop
 endfacet
 facet normal  0.000000e+00  0.000000e+00  1.000000e+00
   outer loop
     vertex  6.811041e+01  2.378693e+01  3.000000e+00
     vertex  6.803454e+01  2.381598e+01  3.000000e+00
     vertex  6.780259e+01  2.389065e+01  3.000000e+00
   endloop
 endfacet
 facet normal  0.000000e+00  0.000000e+00  1.000000e+00
   outer loop
     vertex  6.811041e+01  2.378693e+01  3.000000e+00
     vertex  6.780259e+01  2.389065e+01  3.000000e+00
     vertex  6.772401e+01  2.391132e+01  3.000000e+00
   endloop
 endfacet
 facet normal  0.000000e+00  0.000000e+00  1.000000e+00
   outer loop
     vertex  6.825967e+01  2.372273e+01  3.000000e+00
     vertex  6.986786e+01  2.188057e+01  3.000000e+00
     vertex  6.984296e+01  2.195790e+01  3.000000e+00
   endloop
 endfacet
 facet normal  0.000000e+00  0.000000e+00  1.000000e+00
   outer loop
     vertex  6.825967e+01  2.372273e+01  3.000000e+00
     vertex  6.984296e+01  2.195790e+01  3.000000e+00
     vertex  6.981598e+01  2.203454e+01  3.000000e+00
   endloop
 endfacet
 facet normal  0.000000e+00  0.000000e+00  1.000000e+00
   outer loop
     vertex  6.825967e+01  2.372273e+01  3.000000e+00
     vertex  6.981598e+01  2.203454e+01  3.000000e+00
     vertex  6.978693e+01  2.211041e+01  3.000000e+00
   endloop
 endfacet
 facet normal  0.000000e+00  0.000000e+00  1.000000e+00
   outer loop
     vertex  6.825967e+01  2.372273e+01  3.000000e+00
     vertex  6.978693e+01  2.211041e+01  3.000000e+00
     vertex  6.975584e+01  2.218548e+01  3.000000e+00
   endloop
 endfacet
 facet normal  0.000000e+00  0.000000e+00  1.000000e+00
   outer loop
     vertex  6.825967e+01  2.372273e+01  3.000000e+00
     vertex  6.811041e+01  2.378693e+01  3.000000e+00
     vertex  6.986786e+01  2.188057e+01  3.000000e+00
   endloop
 endfacet
 facet normal  0.000000e+00  0.000000e+00  1.000000e+00
   outer loop
     vertex  6.825967e+01  2.372273e+01  3.000000e+00
     vertex  6.818548e+01  2.375584e+01  3.000000e+00
     vertex  6.811041e+01  2.378693e+01  3.000000e+00
   endloop
 endfacet
 facet normal  0.000000e+00  0.000000e+00  1.000000e+00
   outer loop
     vertex  6.965054e+01  2.240523e+01  3.000000e+00
     vertex  6.975584e+01  2.218548e+01  3.000000e+00
     vertex  6.972273e+01  2.225967e+01  3.000000e+00
   endloop
 endfacet
 facet normal  0.000000e+00  0.000000e+00  1.000000e+00
   outer loop
     vertex  6.965054e+01  2.240523e+01  3.000000e+00
     vertex  6.972273e+01  2.225967e+01  3.000000e+00
     vertex  6.968762e+01  2.233294e+01  3.000000e+00
   endloop
 endfacet
 facet normal  0.000000e+00  0.000000e+00  1.000000e+00
   outer loop
     vertex  6.961151e+01  2.247648e+01  3.000000e+00
     vertex  6.975584e+01  2.218548e+01  3.000000e+00
     vertex  6.965054e+01  2.240523e+01  3.000000e+00
   endloop
 endfacet
 facet normal  0.000000e+00  0.000000e+00  1.000000e+00
   outer loop
     vertex  6.957057e+01  2.254666e+01  3.000000e+00
     vertex  6.833294e+01  2.368762e+01  3.000000e+00
     vertex  6.825967e+01  2.372273e+01  3.000000e+00
   endloop
 endfacet
 facet normal  0.000000e+00  0.000000e+00  1.000000e+00
   outer loop
     vertex  6.957057e+01  2.254666e+01  3.000000e+00
     vertex  6.825967e+01  2.372273e+01  3.000000e+00
     vertex  6.975584e+01  2.218548e+01  3.000000e+00
   endloop
 endfacet
 facet normal  0.000000e+00  0.000000e+00  1.000000e+00
   outer loop
     vertex  6.957057e+01  2.254666e+01  3.000000e+00
     vertex  6.975584e+01  2.218548e+01  3.000000e+00
     vertex  6.961151e+01  2.247648e+01  3.000000e+00
   endloop
 endfacet
 facet normal  0.000000e+00  0.000000e+00  1.000000e+00
   outer loop
     vertex  6.854666e+01  2.357057e+01  3.000000e+00
     vertex  6.847648e+01  2.361151e+01  3.000000e+00
     vertex  6.840523e+01  2.365054e+01  3.000000e+00
   endloop
 endfacet
 facet normal  0.000000e+00  0.000000e+00  1.000000e+00
   outer loop
     vertex  6.861570e+01  2.352775e+01  3.000000e+00
     vertex  6.840523e+01  2.365054e+01  3.000000e+00
     vertex  6.833294e+01  2.368762e+01  3.000000e+00
   endloop
 endfacet
 facet normal  0.000000e+00  0.000000e+00  1.000000e+00
   outer loop
     vertex  6.861570e+01  2.352775e+01  3.000000e+00
     vertex  6.854666e+01  2.357057e+01  3.000000e+00
     vertex  6.840523e+01  2.365054e+01  3.000000e+00
   endloop
 endfacet
 facet normal  0.000000e+00  0.000000e+00  1.000000e+00
   outer loop
     vertex  6.943657e+01  2.275018e+01  3.000000e+00
     vertex  6.957057e+01  2.254666e+01  3.000000e+00
     vertex  6.952775e+01  2.261570e+01  3.000000e+00
   endloop
 endfacet
 facet normal  0.000000e+00  0.000000e+00  1.000000e+00
   outer loop
     vertex  6.943657e+01  2.275018e+01  3.000000e+00
     vertex  6.952775e+01  2.261570e+01  3.000000e+00
     vertex  6.948307e+01  2.268356e+01  3.000000e+00
   endloop
 endfacet
 facet normal  0.000000e+00  0.000000e+00  1.000000e+00
   outer loop
     vertex  6.875018e+01  2.343657e+01  3.000000e+00
     vertex  6.868356e+01  2.348307e+01  3.000000e+00
     vertex  6.861570e+01  2.352775e+01  3.000000e+00
   endloop
 endfacet
 facet normal  0.000000e+00  0.000000e+00  1.000000e+00
   outer loop
     vertex  6.875018e+01  2.343657e+01  3.000000e+00
     vertex  6.861570e+01  2.352775e+01  3.000000e+00
     vertex  6.833294e+01  2.368762e+01  3.000000e+00
   endloop
 endfacet
 facet normal  0.000000e+00  0.000000e+00  1.000000e+00
   outer loop
     vertex  6.933824e+01  2.287953e+01  3.000000e+00
     vertex  6.943657e+01  2.275018e+01  3.000000e+00
     vertex  6.938828e+01  2.281552e+01  3.000000e+00
   endloop
 endfacet
 facet normal  0.000000e+00  0.000000e+00  1.000000e+00
   outer loop
     vertex  6.933824e+01  2.287953e+01  3.000000e+00
     vertex  6.957057e+01  2.254666e+01  3.000000e+00
     vertex  6.943657e+01  2.275018e+01  3.000000e+00
   endloop
 endfacet
 facet normal  0.000000e+00  0.000000e+00  1.000000e+00
   outer loop
     vertex  6.894216e+01  2.328649e+01  3.000000e+00
     vertex  6.887953e+01  2.333824e+01  3.000000e+00
     vertex  6.881552e+01  2.338828e+01  3.000000e+00
   endloop
 endfacet
 facet normal  0.000000e+00  0.000000e+00  1.000000e+00
   outer loop
     vertex  6.923306e+01  2.300336e+01  3.000000e+00
     vertex  6.957057e+01  2.254666e+01  3.000000e+00
     vertex  6.933824e+01  2.287953e+01  3.000000e+00
   endloop
 endfacet
 facet normal  0.000000e+00  0.000000e+00  1.000000e+00
   outer loop
     vertex  6.923306e+01  2.300336e+01  3.000000e+00
     vertex  6.933824e+01  2.287953e+01  3.000000e+00
     vertex  6.928649e+01  2.294216e+01  3.000000e+00
   endloop
 endfacet
 facet normal  0.000000e+00  0.000000e+00  1.000000e+00
   outer loop
     vertex  6.900336e+01  2.323306e+01  3.000000e+00
     vertex  6.894216e+01  2.328649e+01  3.000000e+00
     vertex  6.881552e+01  2.338828e+01  3.000000e+00
   endloop
 endfacet
 facet normal  0.000000e+00  0.000000e+00  1.000000e+00
   outer loop
     vertex  6.917799e+01  2.306310e+01  3.000000e+00
     vertex  6.957057e+01  2.254666e+01  3.000000e+00
     vertex  6.923306e+01  2.300336e+01  3.000000e+00
   endloop
 endfacet
 facet normal  0.000000e+00  0.000000e+00  1.000000e+00
   outer loop
     vertex  6.906310e+01  2.317799e+01  3.000000e+00
     vertex  6.900336e+01  2.323306e+01  3.000000e+00
     vertex  6.881552e+01  2.338828e+01  3.000000e+00
   endloop
 endfacet
 facet normal  0.000000e+00  0.000000e+00  1.000000e+00
   outer loop
     vertex  6.906310e+01  2.317799e+01  3.000000e+00
     vertex  6.881552e+01  2.338828e+01  3.000000e+00
     vertex  6.875018e+01  2.343657e+01  3.000000e+00
   endloop
 endfacet
 facet normal  0.000000e+00  0.000000e+00  1.000000e+00
   outer loop
     vertex  6.912132e+01  2.312132e+01  3.000000e+00
     vertex  6.957057e+01  2.254666e+01  3.000000e+00
     vertex  6.917799e+01  2.306310e+01  3.000000e+00
   endloop
 endfacet
 facet normal  0.000000e+00  0.000000e+00  1.000000e+00
   outer loop
     vertex  6.912132e+01  2.312132e+01  3.000000e+00
     vertex  6.906310e+01  2.317799e+01  3.000000e+00
     vertex  6.875018e+01  2.343657e+01  3.000000e+00
   endloop
 endfacet
 facet normal  0.000000e+00  0.000000e+00  1.000000e+00
   outer loop
     vertex  6.912132e+01  2.312132e+01  3.000000e+00
     vertex  6.833294e+01  2.368762e+01  3.000000e+00
     vertex  6.957057e+01  2.254666e+01  3.000000e+00
   endloop
 endfacet
 facet normal  0.000000e+00  0.000000e+00  1.000000e+00
   outer loop
     vertex  6.912132e+01  2.312132e+01  3.000000e+00
     vertex  6.875018e+01  2.343657e+01  3.000000e+00
     vertex  6.833294e+01  2.368762e+01  3.000000e+00
   endloop
 endfacet
 facet normal  0.000000e+00  2.960595e-16  1.000000e+00
   outer loop
     vertex  6.700000e+01  2.400000e+01  3.000000e+00
     vertex  3.000000e+00  2.400000e+01  3.000000e+00
     vertex  7.200000e+00  2.100000e+01  3.000000e+00
   endloop
 endfacet
 facet normal  0.000000e+00 -1.000000e+00 -0.000000e+00
   outer loop
     vertex  6.700000e+01  0.000000e+00  3.000000e+00
     vertex  3.000000e+00  0.000000e+00  0.000000e+00
     vertex  6.700000e+01  0.000000e+00  0.000000e+00
   endloop
 endfacet
 facet normal -0.000000e+00 -1.000000e+00  0.000000e+00
   outer loop
     vertex  6.700000e+01  0.000000e+00  3.000000e+00
     vertex  3.000000e+00  0.000000e+00  3.000000e+00
     vertex  3.000000e+00  0.000000e+00  0.000000e+00
   endloop
 endfacet
 facet normal  0.000000e+00  0.000000e+00 -1.000000e+00
   outer loop
     vertex  6.906310e+01  8.220135e-01  0.000000e+00
     vertex  6.917799e+01  9.369016e-01  0.000000e+00
     vertex  6.912132e+01  8.786797e-01  0.000000e+00
   endloop
 endfacet
 facet normal  0.000000e+00  0.000000e+00 -1.000000e+00
   outer loop
     vertex  6.928649e+01  1.057841e+00  0.000000e+00
     vertex  6.923306e+01  9.966367e-01  0.000000e+00
     vertex  6.917799e+01  9.369016e-01  0.000000e+00
   endloop
 endfacet
 facet normal  0.000000e+00  0.000000e+00 -1.000000e+00
   outer loop
     vertex  6.887953e+01  6.617599e-01  0.000000e+00
     vertex  6.900336e+01  7.669448e-01  0.000000e+00
     vertex  6.894216e+01  7.135138e-01  0.000000e+00
   endloop
 endfacet
 facet normal  0.000000e+00  0.000000e+00 -1.000000e+00
   outer loop
     vertex  6.887953e+01  6.617599e-01  0.000000e+00
     vertex  6.906310e+01  8.220135e-01  0.000000e+00
     vertex  6.900336e+01  7.669448e-01  0.000000e+00
   endloop
 endfacet
 facet normal  0.000000e+00  0.000000e+00 -1.000000e+00
   outer loop
     vertex  6.938828e+01  1.184477e+00  0.000000e+00
     vertex  6.933824e+01  1.120470e+00  0.000000e+00
     vertex  6.928649e+01  1.057841e+00  0.000000e+00
   endloop
 endfacet
 facet normal  0.000000e+00  0.000000e+00 -1.000000e+00
   outer loop
     vertex  6.938828e+01  1.184477e+00  0.000000e+00
     vertex  6.917799e+01  9.369016e-01  0.000000e+00
     vertex  6.906310e+01  8.220135e-01  0.000000e+00
   endloop
 endfacet
 facet normal  0.000000e+00  0.000000e+00 -1.000000e+00
   outer loop
     vertex  6.938828e+01  1.184477e+00  0.000000e+00
     vertex  6.928649e+01  1.057841e+00  0.000000e+00
     vertex  6.917799e+01  9.369016e-01  0.000000e+00
   endloop
 endfacet
 facet normal  0.000000e+00  0.000000e+00 -1.000000e+00
   outer loop
     vertex  6.875018e+01  5.634334e-01  0.000000e+00
     vertex  6.887953e+01  6.617599e-01  0.000000e+00
     vertex  6.881552e+01  6.117208e-01  0.000000e+00
   endloop
 endfacet
 facet normal  0.000000e+00  0.000000e+00 -1.000000e+00
   outer loop
     vertex  6.948307e+01  1.316439e+00  0.000000e+00
     vertex  6.943657e+01  1.249816e+00  0.000000e+00
     vertex  6.938828e+01  1.184477e+00  0.000000e+00
   endloop
 endfacet
 facet normal  0.000000e+00  0.000000e+00 -1.000000e+00
   outer loop
     vertex  6.948307e+01  1.316439e+00  0.000000e+00
     vertex  6.938828e+01  1.184477e+00  0.000000e+00
     vertex  6.906310e+01  8.220135e-01  0.000000e+00
   endloop
 endfacet
 facet normal  0.000000e+00  0.000000e+00 -1.000000e+00
   outer loop
     vertex  6.861570e+01  4.722538e-01  0.000000e+00
     vertex  6.887953e+01  6.617599e-01  0.000000e+00
     vertex  6.875018e+01  5.634334e-01  0.000000e+00
   endloop
 endfacet
 facet normal  0.000000e+00  0.000000e+00 -1.000000e+00
   outer loop
     vertex  6.861570e+01  4.722538e-01  0.000000e+00
     vertex  6.875018e+01  5.634334e-01  0.000000e+00
     vertex  6.868356e+01  5.169330e-01  0.000000e+00
   endloop
 endfacet
 facet normal  0.000000e+00  0.000000e+00 -1.000000e+00
   outer loop
     vertex  6.854666e+01  4.294285e-01  0.000000e+00
     vertex  6.906310e+01  8.220135e-01  0.000000e+00
     vertex  6.887953e+01  6.617599e-01  0.000000e+00
   endloop
 endfacet
 facet normal  0.000000e+00  0.000000e+00 -1.000000e+00
   outer loop
     vertex  6.854666e+01  4.294285e-01  0.000000e+00
     vertex  6.887953e+01  6.617599e-01  0.000000e+00
     vertex  6.861570e+01  4.722538e-01  0.000000e+00
   endloop
 endfacet
 facet normal  0.000000e+00  0.000000e+00 -1.000000e+00
   outer loop
     vertex  6.854666e+01  4.294285e-01  0.000000e+00
     vertex  6.948307e+01  1.316439e+00  0.000000e+00
     vertex  6.906310e+01  8.220135e-01  0.000000e+00
   endloop
 endfacet
 facet normal  0.000000e+00  0.000000e+00 -1.000000e+00
   outer loop
     vertex  6.961151e+01  1.523515e+00  0.000000e+00
     vertex  6.952775e+01  1.384296e+00  0.000000e+00
     vertex  6.948307e+01  1.316439e+00  0.000000e+00
   endloop
 endfacet
 facet normal  0.000000e+00  0.000000e+00 -1.000000e+00
   outer loop
     vertex  6.961151e+01  1.523515e+00  0.000000e+00
     vertex  6.957057e+01  1.453338e+00  0.000000e+00
     vertex  6.952775e+01  1.384296e+00  0.000000e+00
   endloop
 endfacet
 facet normal  0.000000e+00  0.000000e+00 -1.000000e+00
   outer loop
     vertex  6.833294e+01  3.123832e-01  0.000000e+00
     vertex  6.847648e+01  3.884885e-01  0.000000e+00
     vertex  6.840523e+01  3.494639e-01  0.000000e+00
   endloop
 endfacet
 facet normal  0.000000e+00  0.000000e+00 -1.000000e+00
   outer loop
     vertex  6.968762e+01  1.667065e+00  0.000000e+00
     vertex  6.965054e+01  1.594775e+00  0.000000e+00
     vertex  6.961151e+01  1.523515e+00  0.000000e+00
   endloop
 endfacet
 facet normal  0.000000e+00  0.000000e+00 -1.000000e+00
   outer loop
     vertex  6.825967e+01  2.772737e-01  0.000000e+00
     vertex  6.847648e+01  3.884885e-01  0.000000e+00
     vertex  6.833294e+01  3.123832e-01  0.000000e+00
   endloop
 endfacet
 facet normal  0.000000e+00  0.000000e+00 -1.000000e+00
   outer loop
     vertex  6.825967e+01  2.772737e-01  0.000000e+00
     vertex  6.854666e+01  4.294285e-01  0.000000e+00
     vertex  6.847648e+01  3.884885e-01  0.000000e+00
   endloop
 endfacet
 facet normal  0.000000e+00  0.000000e+00 -1.000000e+00
   outer loop
     vertex  6.975584e+01  1.814524e+00  0.000000e+00
     vertex  6.972273e+01  1.740333e+00  0.000000e+00
     vertex  6.968762e+01  1.667065e+00  0.000000e+00
   endloop
 endfacet
 facet normal  0.000000e+00  0.000000e+00 -1.000000e+00
   outer loop
     vertex  6.975584e+01  1.814524e+00  0.000000e+00
     vertex  6.968762e+01  1.667065e+00  0.000000e+00
     vertex  6.961151e+01  1.523515e+00  0.000000e+00
   endloop
 endfacet
 facet normal  0.000000e+00  0.000000e+00 -1.000000e+00
   outer loop
     vertex  6.978693e+01  1.889586e+00  0.000000e+00
     vertex  6.961151e+01  1.523515e+00  0.000000e+00
     vertex  6.948307e+01  1.316439e+00  0.000000e+00
   endloop
 endfacet
 facet normal  0.000000e+00  0.000000e+00 -1.000000e+00
   outer loop
     vertex  6.978693e+01  1.889586e+00  0.000000e+00
     vertex  6.975584e+01  1.814524e+00  0.000000e+00
     vertex  6.961151e+01  1.523515e+00  0.000000e+00
   endloop
 endfacet
 facet normal  0.000000e+00  0.000000e+00 -1.000000e+00
   outer loop
     vertex  6.803454e+01  1.840225e-01  0.000000e+00
     vertex  6.854666e+01  4.294285e-01  0.000000e+00
     vertex  6.825967e+01  2.772737e-01  0.000000e+00
   endloop
 endfacet
 facet normal  0.000000e+00  0.000000e+00 -1.000000e+00
   outer loop
     vertex  6.803454e+01  1.840225e-01  0.000000e+00
     vertex  6.818548e+01  2.441612e-01  0.000000e+00
     vertex  6.811041e+01  2.130698e-01  0.000000e+00
   endloop
 endfacet
 facet normal  0.000000e+00  0.000000e+00 -1.000000e+00
   outer loop
     vertex  6.803454e+01  1.840225e-01  0.000000e+00
     vertex  6.825967e+01  2.772737e-01  0.000000e+00
     vertex  6.818548e+01  2.441612e-01  0.000000e+00
   endloop
 endfacet
 facet normal  0.000000e+00  0.000000e+00 -1.000000e+00
   outer loop
     vertex  6.984296e+01  2.042095e+00  0.000000e+00
     vertex  6.981598e+01  1.965461e+00  0.000000e+00
     vertex  6.978693e+01  1.889586e+00  0.000000e+00
   endloop
 endfacet
 facet normal  0.000000e+00  0.000000e+00 -1.000000e+00
   outer loop
     vertex  6.788057e+01  1.321436e-01  0.000000e+00
     vertex  6.803454e+01  1.840225e-01  0.000000e+00
     vertex  6.795790e+01  1.570405e-01  0.000000e+00
   endloop
 endfacet
 facet normal  0.000000e+00  0.000000e+00 -1.000000e+00
   outer loop
     vertex  6.986786e+01  2.119432e+00  0.000000e+00
     vertex  6.984296e+01  2.042095e+00  0.000000e+00
     vertex  6.978693e+01  1.889586e+00  0.000000e+00
   endloop
 endfacet
 facet normal  0.000000e+00  0.000000e+00 -1.000000e+00
   outer loop
     vertex  6.989065e+01  2.197415e+00  0.000000e+00
     vertex  6.986786e+01  2.119432e+00  0.000000e+00
     vertex  6.978693e+01  1.889586e+00  0.000000e+00
   endloop
 endfacet
 facet normal  0.000000e+00  0.000000e+00 -1.000000e+00
   outer loop
     vertex  6.992986e+01  2.355089e+00  0.000000e+00
     vertex  6.989065e+01  2.197415e+00  0.000000e+00
     vertex  6.978693e+01  1.889586e+00  0.000000e+00
   endloop
 endfacet
 facet normal  0.000000e+00  0.000000e+00 -1.000000e+00
   outer loop
     vertex  6.992986e+01  2.355089e+00  0.000000e+00
     vertex  6.991132e+01  2.275986e+00  0.000000e+00
     vertex  6.989065e+01  2.197415e+00  0.000000e+00
   endloop
 endfacet
 facet normal  0.000000e+00  0.000000e+00 -1.000000e+00
   outer loop
     vertex  6.992986e+01  2.355089e+00  0.000000e+00
     vertex  6.978693e+01  1.889586e+00  0.000000e+00
     vertex  6.948307e+01  1.316439e+00  0.000000e+00
   endloop
 endfacet
 facet normal  0.000000e+00  0.000000e+00 -1.000000e+00
   outer loop
     vertex  6.756534e+01  5.374895e-02  0.000000e+00
     vertex  6.803454e+01  1.840225e-01  0.000000e+00
     vertex  6.788057e+01  1.321436e-01  0.000000e+00
   endloop
 endfacet
 facet normal  0.000000e+00  0.000000e+00 -1.000000e+00
   outer loop
     vertex  6.756534e+01  5.374895e-02  0.000000e+00
     vertex  6.772401e+01  8.867656e-02  0.000000e+00
     vertex  6.764491e+01  7.013833e-02  0.000000e+00
   endloop
 endfacet
 facet normal  0.000000e+00  0.000000e+00 -1.000000e+00
   outer loop
     vertex  6.756534e+01  5.374895e-02  0.000000e+00
     vertex  6.780259e+01  1.093500e-01  0.000000e+00
     vertex  6.772401e+01  8.867656e-02  0.000000e+00
   endloop
 endfacet
 facet normal  0.000000e+00  0.000000e+00 -1.000000e+00
   outer loop
     vertex  6.756534e+01  5.374895e-02  0.000000e+00
     vertex  6.788057e+01  1.321436e-01  0.000000e+00
     vertex  6.780259e+01  1.093500e-01  0.000000e+00
   endloop
 endfacet
 facet normal  0.000000e+00  0.000000e+00 -1.000000e+00
   outer loop
     vertex  6.996048e+01  2.514654e+00  0.000000e+00
     vertex  6.994625e+01  2.434664e+00  0.000000e+00
     vertex  6.992986e+01  2.355089e+00  0.000000e+00
   endloop
 endfacet
 facet normal  0.000000e+00  0.000000e+00 -1.000000e+00
   outer loop
     vertex  6.732436e+01  1.758613e-02  0.000000e+00
     vertex  6.748535e+01  3.952043e-02  0.000000e+00
     vertex  6.740500e+01  2.746321e-02  0.000000e+00
   endloop
 endfacet
 facet normal  0.000000e+00  0.000000e+00 -1.000000e+00
   outer loop
     vertex  6.999010e+01  2.756524e+00  0.000000e+00
     vertex  6.996048e+01  2.514654e+00  0.000000e+00
     vertex  6.992986e+01  2.355089e+00  0.000000e+00
   endloop
 endfacet
 facet normal  0.000000e+00  0.000000e+00 -1.000000e+00
   outer loop
     vertex  6.999010e+01  2.756524e+00  0.000000e+00
     vertex  6.992986e+01  2.355089e+00  0.000000e+00
     vertex  6.948307e+01  1.316439e+00  0.000000e+00
   endloop
 endfacet
 facet normal  0.000000e+00  0.000000e+00 -1.000000e+00
   outer loop
     vertex  6.999010e+01  2.756524e+00  0.000000e+00
     vertex  6.997254e+01  2.595000e+00  0.000000e+00
     vertex  6.996048e+01  2.514654e+00  0.000000e+00
   endloop
 endfacet
 facet normal  0.000000e+00  0.000000e+00 -1.000000e+00
   outer loop
     vertex  6.999010e+01  2.756524e+00  0.000000e+00
     vertex  6.998241e+01  2.675643e+00  0.000000e+00
     vertex  6.997254e+01  2.595000e+00  0.000000e+00
   endloop
 endfacet
 facet normal  0.000000e+00  0.000000e+00 -1.000000e+00
   outer loop
     vertex  6.716242e+01  4.399758e-03  0.000000e+00
     vertex  6.999010e+01  2.756524e+00  0.000000e+00
     vertex  6.948307e+01  1.316439e+00  0.000000e+00
   endloop
 endfacet
 facet normal  0.000000e+00  0.000000e+00 -1.000000e+00
   outer loop
     vertex  6.716242e+01  4.399758e-03  0.000000e+00
     vertex  6.748535e+01  3.952043e-02  0.000000e+00
     vertex  6.732436e+01  1.758613e-02  0.000000e+00
   endloop
 endfacet
 facet normal  0.000000e+00  0.000000e+00 -1.000000e+00
   outer loop
     vertex  6.716242e+01  4.399758e-03  0.000000e+00
     vertex  6.948307e+01  1.316439e+00  0.000000e+00
     vertex  6.854666e+01  4.294285e-01  0.000000e+00
   endloop
 endfacet
 facet normal  0.000000e+00  0.000000e+00 -1.000000e+00
   outer loop
     vertex  6.716242e+01  4.399758e-03  0.000000e+00
     vertex  6.732436e+01  1.758613e-02  0.000000e+00
     vertex  6.724348e+01  9.896431e-03  0.000000e+00
   endloop
 endfacet
 facet normal  0.000000e+00  0.000000e+00 -1.000000e+00
   outer loop
     vertex  6.716242e+01  4.399758e-03  0.000000e+00
     vertex  6.756534e+01  5.374895e-02  0.000000e+00
     vertex  6.748535e+01  3.952043e-02  0.000000e+00
   endloop
 endfacet
 facet normal  0.000000e+00  0.000000e+00 -1.000000e+00
   outer loop
     vertex  6.716242e+01  4.399758e-03  0.000000e+00
     vertex  6.854666e+01  4.294285e-01  0.000000e+00
     vertex  6.803454e+01  1.840225e-01  0.000000e+00
   endloop
 endfacet
 facet normal  0.000000e+00  0.000000e+00 -1.000000e+00
   outer loop
     vertex  6.716242e+01  4.399758e-03  0.000000e+00
     vertex  6.803454e+01  1.840225e-01  0.000000e+00
     vertex  6.756534e+01  5.374895e-02  0.000000e+00
   endloop
 endfacet
 facet normal  0.000000e+00  0.000000e+00 -1.000000e+00
   outer loop
     vertex  6.999890e+01  2.918762e+00  0.000000e+00
     vertex  6.999560e+01  2.837583e+00  0.000000e+00
     vertex  6.999010e+01  2.756524e+00  0.000000e+00
   endloop
 endfacet
 facet normal  0.000000e+00  0.000000e+00 -1.000000e+00
   outer loop
     vertex  7.000000e+01  3.000000e+00  0.000000e+00
     vertex  6.999890e+01  2.918762e+00  0.000000e+00
     vertex  6.999010e+01  2.756524e+00  0.000000e+00
   endloop
 endfacet
 facet normal  0.000000e+00  0.000000e+00 -1.000000e+00
   outer loop
     vertex  6.700000e+01  0.000000e+00  0.000000e+00
     vertex  6.999010e+01  2.756524e+00  0.000000e+00
     vertex  6.716242e+01  4.399758e-03  0.000000e+00
   endloop
 endfacet
 facet normal  0.000000e+00  0.000000e+00 -1.000000e+00
   outer loop
     vertex  6.700000e+01  0.000000e+00  0.000000e+00
     vertex  7.000000e+01  3.000000e+00  0.000000e+00
     vertex  6.999010e+01  2.756524e+00  0.000000e+00
   endloop
 endfacet
 facet normal  0.000000e+00  0.000000e+00 -1.000000e+00
   outer loop
     vertex  6.700000e+01  0.000000e+00  0.000000e+00
     vertex  6.716242e+01  4.399758e-03  0.000000e+00
     vertex  6.708124e+01  1.100141e-03  0.000000e+00
   endloop
 endfacet
 facet normal  0.000000e+00 -0.000000e+00 -1.000000e+00
   outer loop
     vertex  7.000000e+01  2.100000e+01  0.000000e+00
     vertex  7.000000e+01  3.000000e+00  0.000000e+00
     vertex  6.700000e+01  0.000000e+00  0.000000e+00
   endloop
 endfacet
 facet normal  0.000000e+00  0.000000e+00 -1.000000e+00
   outer loop
     vertex  6.999010e+01  2.124348e+01  0.000000e+00
     vertex  6.999890e+01  2.108124e+01  0.000000e+00
     vertex  7.000000e+01  2.100000e+01  0.000000e+00
   endloop
 endfacet
 facet normal  0.000000e+00  0.000000e+00 -1.000000e+00
   outer loop
     vertex  6.999010e+01  2.124348e+01  0.000000e+00
     vertex  6.999560e+01  2.116242e+01  0.000000e+00
     vertex  6.999890e+01  2.108124e+01  0.000000e+00
   endloop
 endfacet
 facet normal  0.000000e+00  0.000000e+00 -1.000000e+00
   outer loop
     vertex  6.997254e+01  2.140500e+01  0.000000e+00
     vertex  6.998241e+01  2.132436e+01  0.000000e+00
     vertex  6.999010e+01  2.124348e+01  0.000000e+00
   endloop
 endfacet
 facet normal  0.000000e+00  0.000000e+00 -1.000000e+00
   outer loop
     vertex  6.994625e+01  2.156534e+01  0.000000e+00
     vertex  6.996048e+01  2.148535e+01  0.000000e+00
     vertex  6.997254e+01  2.140500e+01  0.000000e+00
   endloop
 endfacet
 facet normal  0.000000e+00  0.000000e+00 -1.000000e+00
   outer loop
     vertex  6.994625e+01  2.156534e+01  0.000000e+00
     vertex  6.997254e+01  2.140500e+01  0.000000e+00
     vertex  6.999010e+01  2.124348e+01  0.000000e+00
   endloop
 endfacet
 facet normal  0.000000e+00  0.000000e+00 -1.000000e+00
   outer loop
     vertex  6.991132e+01  2.172401e+01  0.000000e+00
     vertex  6.992986e+01  2.164491e+01  0.000000e+00
     vertex  6.994625e+01  2.156534e+01  0.000000e+00
   endloop
 endfacet
 facet normal  0.000000e+00  0.000000e+00 -1.000000e+00
   outer loop
     vertex  6.991132e+01  2.172401e+01  0.000000e+00
     vertex  6.994625e+01  2.156534e+01  0.000000e+00
     vertex  6.999010e+01  2.124348e+01  0.000000e+00
   endloop
 endfacet
 facet normal  0.000000e+00  0.000000e+00 -1.000000e+00
   outer loop
     vertex  6.989065e+01  2.180259e+01  0.000000e+00
     vertex  6.991132e+01  2.172401e+01  0.000000e+00
     vertex  6.999010e+01  2.124348e+01  0.000000e+00
   endloop
 endfacet
 facet normal  0.000000e+00  0.000000e+00 -1.000000e+00
   outer loop
     vertex  6.984296e+01  2.195790e+01  0.000000e+00
     vertex  6.986786e+01  2.188057e+01  0.000000e+00
     vertex  6.989065e+01  2.180259e+01  0.000000e+00
   endloop
 endfacet
 facet normal  0.000000e+00  0.000000e+00 -1.000000e+00
   outer loop
     vertex  6.984296e+01  2.195790e+01  0.000000e+00
     vertex  6.999010e+01  2.124348e+01  0.000000e+00
     vertex  7.000000e+01  2.100000e+01  0.000000e+00
   endloop
 endfacet
 facet normal  0.000000e+00  0.000000e+00 -1.000000e+00
   outer loop
     vertex  6.984296e+01  2.195790e+01  0.000000e+00
     vertex  6.989065e+01  2.180259e+01  0.000000e+00
     vertex  6.999010e+01  2.124348e+01  0.000000e+00
   endloop
 endfacet
 facet normal  0.000000e+00  0.000000e+00 -1.000000e+00
   outer loop
     vertex  6.978693e+01  2.211041e+01  0.000000e+00
     vertex  6.981598e+01  2.203454e+01  0.000000e+00
     vertex  6.984296e+01  2.195790e+01  0.000000e+00
   endloop
 endfacet
 facet normal  0.000000e+00  0.000000e+00 -1.000000e+00
   outer loop
     vertex  6.975584e+01  2.218548e+01  0.000000e+00
     vertex  6.978693e+01  2.211041e+01  0.000000e+00
     vertex  6.984296e+01  2.195790e+01  0.000000e+00
   endloop
 endfacet
 facet normal  0.000000e+00  0.000000e+00 -1.000000e+00
   outer loop
     vertex  6.975584e+01  2.218548e+01  0.000000e+00
     vertex  6.984296e+01  2.195790e+01  0.000000e+00
     vertex  7.000000e+01  2.100000e+01  0.000000e+00
   endloop
 endfacet
 facet normal  0.000000e+00  0.000000e+00 -1.000000e+00
   outer loop
     vertex  6.972273e+01  2.225967e+01  0.000000e+00
     vertex  6.975584e+01  2.218548e+01  0.000000e+00
     vertex  7.000000e+01  2.100000e+01  0.000000e+00
   endloop
 endfacet
 facet normal  0.000000e+00  0.000000e+00 -1.000000e+00
   outer loop
     vertex  6.961151e+01  2.247648e+01  0.000000e+00
     vertex  6.968762e+01  2.233294e+01  0.000000e+00
     vertex  6.972273e+01  2.225967e+01  0.000000e+00
   endloop
 endfacet
 facet normal  0.000000e+00  0.000000e+00 -1.000000e+00
   outer loop
     vertex  6.961151e+01  2.247648e+01  0.000000e+00
     vertex  6.965054e+01  2.240523e+01  0.000000e+00
     vertex  6.968762e+01  2.233294e+01  0.000000e+00
   endloop
 endfacet
 facet normal  0.000000e+00  0.000000e+00 -1.000000e+00
   outer loop
     vertex  6.961151e+01  2.247648e+01  0.000000e+00
     vertex  6.972273e+01  2.225967e+01  0.000000e+00
     vertex  7.000000e+01  2.100000e+01  0.000000e+00
   endloop
 endfacet
 facet normal  0.000000e+00  0.000000e+00 -1.000000e+00
   outer loop
     vertex  6.952775e+01  2.261570e+01  0.000000e+00
     vertex  6.957057e+01  2.254666e+01  0.000000e+00
     vertex  6.961151e+01  2.247648e+01  0.000000e+00
   endloop
 endfacet
 facet normal  0.000000e+00  0.000000e+00 -1.000000e+00
   outer loop
     vertex  6.952775e+01  2.261570e+01  0.000000e+00
     vertex  6.961151e+01  2.247648e+01  0.000000e+00
     vertex  7.000000e+01  2.100000e+01  0.000000e+00
   endloop
 endfacet
 facet normal  0.000000e+00  0.000000e+00 -1.000000e+00
   outer loop
     vertex  6.948307e+01  2.268356e+01  0.000000e+00
     vertex  6.952775e+01  2.261570e+01  0.000000e+00
     vertex  7.000000e+01  2.100000e+01  0.000000e+00
   endloop
 endfacet
 facet normal  0.000000e+00  0.000000e+00 -1.000000e+00
   outer loop
     vertex  6.943657e+01  2.275018e+01  0.000000e+00
     vertex  6.948307e+01  2.268356e+01  0.000000e+00
     vertex  7.000000e+01  2.100000e+01  0.000000e+00
   endloop
 endfacet
 facet normal  0.000000e+00  0.000000e+00 -1.000000e+00
   outer loop
     vertex  6.938828e+01  2.281552e+01  0.000000e+00
     vertex  6.943657e+01  2.275018e+01  0.000000e+00
     vertex  7.000000e+01  2.100000e+01  0.000000e+00
   endloop
 endfacet
 facet normal  0.000000e+00  0.000000e+00 -1.000000e+00
   outer loop
     vertex  6.928649e+01  2.294216e+01  0.000000e+00
     vertex  6.933824e+01  2.287953e+01  0.000000e+00
     vertex  6.938828e+01  2.281552e+01  0.000000e+00
   endloop
 endfacet
 facet normal  0.000000e+00  0.000000e+00 -1.000000e+00
   outer loop
     vertex  6.923306e+01  2.300336e+01  0.000000e+00
     vertex  6.928649e+01  2.294216e+01  0.000000e+00
     vertex  6.938828e+01  2.281552e+01  0.000000e+00
   endloop
 endfacet
 facet normal  0.000000e+00  0.000000e+00 -1.000000e+00
   outer loop
     vertex  6.912132e+01  2.312132e+01  0.000000e+00
     vertex  6.923306e+01  2.300336e+01  0.000000e+00
     vertex  6.938828e+01  2.281552e+01  0.000000e+00
   endloop
 endfacet
 facet normal  0.000000e+00  0.000000e+00 -1.000000e+00
   outer loop
     vertex  6.912132e+01  2.312132e+01  0.000000e+00
     vertex  6.917799e+01  2.306310e+01  0.000000e+00
     vertex  6.923306e+01  2.300336e+01  0.000000e+00
   endloop
 endfacet
 facet normal  0.000000e+00  0.000000e+00 -1.000000e+00
   outer loop
     vertex  6.906310e+01  2.317799e+01  0.000000e+00
     vertex  6.912132e+01  2.312132e+01  0.000000e+00
     vertex  6.938828e+01  2.281552e+01  0.000000e+00
   endloop
 endfacet
 facet normal  0.000000e+00  0.000000e+00 -1.000000e+00
   outer loop
     vertex  6.900336e+01  2.323306e+01  0.000000e+00
     vertex  6.906310e+01  2.317799e+01  0.000000e+00
     vertex  6.938828e+01  2.281552e+01  0.000000e+00
   endloop
 endfacet
 facet normal  0.000000e+00  0.000000e+00 -1.000000e+00
   outer loop
     vertex  6.894216e+01  2.328649e+01  0.000000e+00
     vertex  6.900336e+01  2.323306e+01  0.000000e+00
     vertex  6.938828e+01  2.281552e+01  0.000000e+00
   endloop
 endfacet
 facet normal  0.000000e+00  0.000000e+00 -1.000000e+00
   outer loop
     vertex  6.887953e+01  2.333824e+01  0.000000e+00
     vertex  6.938828e+01  2.281552e+01  0.000000e+00
     vertex  7.000000e+01  2.100000e+01  0.000000e+00
   endloop
 endfacet
 facet normal  0.000000e+00  0.000000e+00 -1.000000e+00
   outer loop
     vertex  6.887953e+01  2.333824e+01  0.000000e+00
     vertex  6.894216e+01  2.328649e+01  0.000000e+00
     vertex  6.938828e+01  2.281552e+01  0.000000e+00
   endloop
 endfacet
 facet normal  0.000000e+00  0.000000e+00 -1.000000e+00
   outer loop
     vertex  6.881552e+01  2.338828e+01  0.000000e+00
     vertex  6.887953e+01  2.333824e+01  0.000000e+00
     vertex  7.000000e+01  2.100000e+01  0.000000e+00
   endloop
 endfacet
 facet normal  0.000000e+00  0.000000e+00 -1.000000e+00
   outer loop
     vertex  6.861570e+01  2.352775e+01  0.000000e+00
     vertex  6.875018e+01  2.343657e+01  0.000000e+00
     vertex  6.881552e+01  2.338828e+01  0.000000e+00
   endloop
 endfacet
 facet normal  0.000000e+00  0.000000e+00 -1.000000e+00
   outer loop
     vertex  6.861570e+01  2.352775e+01  0.000000e+00
     vertex  6.868356e+01  2.348307e+01  0.000000e+00
     vertex  6.875018e+01  2.343657e+01  0.000000e+00
   endloop
 endfacet
 facet normal  0.000000e+00  0.000000e+00 -1.000000e+00
   outer loop
     vertex  6.854666e+01  2.357057e+01  0.000000e+00
     vertex  6.881552e+01  2.338828e+01  0.000000e+00
     vertex  7.000000e+01  2.100000e+01  0.000000e+00
   endloop
 endfacet
 facet normal  0.000000e+00  0.000000e+00 -1.000000e+00
   outer loop
     vertex  6.854666e+01  2.357057e+01  0.000000e+00
     vertex  6.861570e+01  2.352775e+01  0.000000e+00
     vertex  6.881552e+01  2.338828e+01  0.000000e+00
   endloop
 endfacet
 facet normal  0.000000e+00  0.000000e+00 -1.000000e+00
   outer loop
     vertex  6.847648e+01  2.361151e+01  0.000000e+00
     vertex  6.854666e+01  2.357057e+01  0.000000e+00
     vertex  7.000000e+01  2.100000e+01  0.000000e+00
   endloop
 endfacet
 facet normal  0.000000e+00  0.000000e+00 -1.000000e+00
   outer loop
     vertex  6.833294e+01  2.368762e+01  0.000000e+00
     vertex  6.847648e+01  2.361151e+01  0.000000e+00
     vertex  7.000000e+01  2.100000e+01  0.000000e+00
   endloop
 endfacet
 facet normal  0.000000e+00  0.000000e+00 -1.000000e+00
   outer loop
     vertex  6.833294e+01  2.368762e+01  0.000000e+00
     vertex  6.840523e+01  2.365054e+01  0.000000e+00
     vertex  6.847648e+01  2.361151e+01  0.000000e+00
   endloop
 endfacet
 facet normal  0.000000e+00  0.000000e+00 -1.000000e+00
   outer loop
     vertex  6.811041e+01  2.378693e+01  0.000000e+00
     vertex  6.825967e+01  2.372273e+01  0.000000e+00
     vertex  6.833294e+01  2.368762e+01  0.000000e+00
   endloop
 endfacet
 facet normal  0.000000e+00  0.000000e+00 -1.000000e+00
   outer loop
     vertex  6.811041e+01  2.378693e+01  0.000000e+00
     vertex  6.818548e+01  2.375584e+01  0.000000e+00
     vertex  6.825967e+01  2.372273e+01  0.000000e+00
   endloop
 endfacet
 facet normal  0.000000e+00  0.000000e+00 -1.000000e+00
   outer loop
     vertex  6.788057e+01  2.386786e+01  0.000000e+00
     vertex  6.811041e+01  2.378693e+01  0.000000e+00
     vertex  6.833294e+01  2.368762e+01  0.000000e+00
   endloop
 endfacet
 facet normal  0.000000e+00  0.000000e+00 -1.000000e+00
   outer loop
     vertex  6.788057e+01  2.386786e+01  0.000000e+00
     vertex  6.803454e+01  2.381598e+01  0.000000e+00
     vertex  6.811041e+01  2.378693e+01  0.000000e+00
   endloop
 endfacet
 facet normal  0.000000e+00  0.000000e+00 -1.000000e+00
   outer loop
     vertex  6.788057e+01  2.386786e+01  0.000000e+00
     vertex  6.795790e+01  2.384296e+01  0.000000e+00
     vertex  6.803454e+01  2.381598e+01  0.000000e+00
   endloop
 endfacet
 facet normal  0.000000e+00  0.000000e+00 -1.000000e+00
   outer loop
     vertex  6.772401e+01  2.391132e+01  0.000000e+00
     vertex  6.780259e+01  2.389065e+01  0.000000e+00
     vertex  6.788057e+01  2.386786e+01  0.000000e+00
   endloop
 endfacet
 facet normal  0.000000e+00  0.000000e+00 -1.000000e+00
   outer loop
     vertex  6.764491e+01  2.392986e+01  0.000000e+00
     vertex  6.772401e+01  2.391132e+01  0.000000e+00
     vertex  6.788057e+01  2.386786e+01  0.000000e+00
   endloop
 endfacet
 facet normal  0.000000e+00  0.000000e+00 -1.000000e+00
   outer loop
     vertex  6.756534e+01  2.394625e+01  0.000000e+00
     vertex  6.788057e+01  2.386786e+01  0.000000e+00
     vertex  6.833294e+01  2.368762e+01  0.000000e+00
   endloop
 endfacet
 facet normal  0.000000e+00  0.000000e+00 -1.000000e+00
   outer loop
     vertex  6.756534e+01  2.394625e+01  0.000000e+00
     vertex  6.764491e+01  2.392986e+01  0.000000e+00
     vertex  6.788057e+01  2.386786e+01  0.000000e+00
   endloop
 endfacet
 facet normal  0.000000e+00  0.000000e+00 -1.000000e+00
   outer loop
     vertex  6.740500e+01  2.397254e+01  0.000000e+00
     vertex  6.748535e+01  2.396048e+01  0.000000e+00
     vertex  6.756534e+01  2.394625e+01  0.000000e+00
   endloop
 endfacet
 facet normal  0.000000e+00  0.000000e+00 -1.000000e+00
   outer loop
     vertex  6.724348e+01  2.399010e+01  0.000000e+00
     vertex  6.740500e+01  2.397254e+01  0.000000e+00
     vertex  6.756534e+01  2.394625e+01  0.000000e+00
   endloop
 endfacet
 facet normal  0.000000e+00  0.000000e+00 -1.000000e+00
   outer loop
     vertex  6.724348e+01  2.399010e+01  0.000000e+00
     vertex  6.732436e+01  2.398241e+01  0.000000e+00
     vertex  6.740500e+01  2.397254e+01  0.000000e+00
   endloop
 endfacet
 facet normal  0.000000e+00  0.000000e+00 -1.000000e+00
   outer loop
     vertex  6.716242e+01  2.399560e+01  0.000000e+00
     vertex  6.833294e+01  2.368762e+01  0.000000e+00
     vertex  7.000000e+01  2.100000e+01  0.000000e+00
   endloop
 endfacet
 facet normal  0.000000e+00  0.000000e+00 -1.000000e+00
   outer loop
     vertex  6.716242e+01  2.399560e+01  0.000000e+00
     vertex  6.756534e+01  2.394625e+01  0.000000e+00
     vertex  6.833294e+01  2.368762e+01  0.000000e+00
   endloop
 endfacet
 facet normal  0.000000e+00  0.000000e+00 -1.000000e+00
   outer loop
     vertex  6.716242e+01  2.399560e+01  0.000000e+00
     vertex  6.724348e+01  2.399010e+01  0.000000e+00
     vertex  6.756534e+01  2.394625e+01  0.000000e+00
   endloop
 endfacet
 facet normal  0.000000e+00  0.000000e+00 -1.000000e+00
   outer loop
     vertex  6.708124e+01  2.399890e+01  0.000000e+00
     vertex  6.716242e+01  2.399560e+01  0.000000e+00
     vertex  7.000000e+01  2.100000e+01  0.000000e+00
   endloop
 endfacet
 facet normal  0.000000e+00  0.000000e+00 -1.000000e+00
   outer loop
     vertex  6.700000e+01  2.400000e+01  0.000000e+00
     vertex  7.000000e+01  2.100000e+01  0.000000e+00
     vertex  6.700000e+01  0.000000e+00  0.000000e+00
   endloop
 endfacet
 facet normal  0.000000e+00  0.000000e+00 -1.000000e+00
   outer loop
     vertex  6.700000e+01  2.400000e+01  0.000000e+00
     vertex  6.708124e+01  2.399890e+01  0.000000e+00
     vertex  7.000000e+01  2.100000e+01  0.000000e+00
   endloop
 endfacet
 facet normal  0.000000e+00  0.000000e+00 -1.000000e+00
   outer loop
     vertex  2.837583e+00  4.399758e-03  0.000000e+00
     vertex  3.000000e+00  0.000000e+00  0.000000e+00
     vertex  2.918762e+00  1.100141e-03  0.000000e+00
   endloop
 endfacet
 facet normal  0.000000e+00  0.000000e+00 -1.000000e+00
   outer loop
     vertex  2.756524e+00  9.896431e-03  0.000000e+00
     vertex  3.000000e+00  0.000000e+00  0.000000e+00
     vertex  2.837583e+00  4.399758e-03  0.000000e+00
   endloop
 endfacet
 facet normal  0.000000e+00  0.000000e+00 -1.000000e+00
   outer loop
     vertex  2.595000e+00  2.746321e-02  0.000000e+00
     vertex  2.756524e+00  9.896431e-03  0.000000e+00
     vertex  2.675643e+00  1.758613e-02  0.000000e+00
   endloop
 endfacet
 facet normal  0.000000e+00  0.000000e+00 -1.000000e+00
   outer loop
     vertex  2.595000e+00  2.746321e-02  0.000000e+00
     vertex  3.000000e+00  0.000000e+00  0.000000e+00
     vertex  2.756524e+00  9.896431e-03  0.000000e+00
   endloop
 endfacet
 facet normal  0.000000e+00  0.000000e+00 -1.000000e+00
   outer loop
     vertex  2.514654e+00  3.952043e-02  0.000000e+00
     vertex  3.000000e+00  0.000000e+00  0.000000e+00
     vertex  2.595000e+00  2.746321e-02  0.000000e+00
   endloop
 endfacet
 facet normal  0.000000e+00  0.000000e+00 -1.000000e+00
   outer loop
     vertex  2.355089e+00  7.013833e-02  0.000000e+00
     vertex  2.514654e+00  3.952043e-02  0.000000e+00
     vertex  2.434664e+00  5.374895e-02  0.000000e+00
   endloop
 endfacet
 facet normal  0.000000e+00  0.000000e+00 -1.000000e+00
   outer loop
     vertex  2.197415e+00  1.093500e-01  0.000000e+00
     vertex  2.355089e+00  7.013833e-02  0.000000e+00
     vertex  2.275986e+00  8.867656e-02  0.000000e+00
   endloop
 endfacet
 facet normal  0.000000e+00  0.000000e+00 -1.000000e+00
   outer loop
     vertex  2.197415e+00  1.093500e-01  0.000000e+00
     vertex  3.000000e+00  0.000000e+00  0.000000e+00
     vertex  2.514654e+00  3.952043e-02  0.000000e+00
   endloop
 endfacet
 facet normal  0.000000e+00  0.000000e+00 -1.000000e+00
   outer loop
     vertex  2.197415e+00  1.093500e-01  0.000000e+00
     vertex  2.514654e+00  3.952043e-02  0.000000e+00
     vertex  2.355089e+00  7.013833e-02  0.000000e+00
   endloop
 endfacet
 facet normal  0.000000e+00  0.000000e+00 -1.000000e+00
   outer loop
     vertex  2.042095e+00  1.570405e-01  0.000000e+00
     vertex  2.197415e+00  1.093500e-01  0.000000e+00
     vertex  2.119432e+00  1.321436e-01  0.000000e+00
   endloop
 endfacet
 facet normal  0.000000e+00  0.000000e+00 -1.000000e+00
   outer loop
     vertex  2.042095e+00  1.570405e-01  0.000000e+00
     vertex  3.000000e+00  0.000000e+00  0.000000e+00
     vertex  2.197415e+00  1.093500e-01  0.000000e+00
   endloop
 endfacet
 facet normal  0.000000e+00  0.000000e+00 -1.000000e+00
   outer loop
     vertex  1.889586e+00  2.130698e-01  0.000000e+00
     vertex  2.042095e+00  1.570405e-01  0.000000e+00
     vertex  1.965461e+00  1.840225e-01  0.000000e+00
   endloop
 endfacet
 facet normal  0.000000e+00  0.000000e+00 -1.000000e+00
   outer loop
     vertex  1.814524e+00  2.441612e-01  0.000000e+00
     vertex  2.042095e+00  1.570405e-01  0.000000e+00
     vertex  1.889586e+00  2.130698e-01  0.000000e+00
   endloop
 endfacet
 facet normal  0.000000e+00  0.000000e+00 -1.000000e+00
   outer loop
     vertex  1.814524e+00  2.441612e-01  0.000000e+00
     vertex  3.000000e+00  0.000000e+00  0.000000e+00
     vertex  2.042095e+00  1.570405e-01  0.000000e+00
   endloop
 endfacet
 facet normal  0.000000e+00  0.000000e+00 -1.000000e+00
   outer loop
     vertex  1.740333e+00  2.772737e-01  0.000000e+00
     vertex  3.000000e+00  0.000000e+00  0.000000e+00
     vertex  1.814524e+00  2.441612e-01  0.000000e+00
   endloop
 endfacet
 facet normal  0.000000e+00  0.000000e+00 -1.000000e+00
   outer loop
     vertex  1.594775e+00  3.494639e-01  0.000000e+00
     vertex  1.740333e+00  2.772737e-01  0.000000e+00
     vertex  1.667065e+00  3.123832e-01  0.000000e+00
   endloop
 endfacet
 facet normal  0.000000e+00  0.000000e+00 -1.000000e+00
   outer loop
     vertex  1.523515e+00  3.884885e-01  0.000000e+00
     vertex  1.740333e+00  2.772737e-01  0.000000e+00
     vertex  1.594775e+00  3.494639e-01  0.000000e+00
   endloop
 endfacet
 facet normal  0.000000e+00  0.000000e+00 -1.000000e+00
   outer loop
     vertex  1.384296e+00  4.722538e-01  0.000000e+00
     vertex  1.523515e+00  3.884885e-01  0.000000e+00
     vertex  1.453338e+00  4.294285e-01  0.000000e+00
   endloop
 endfacet
 facet normal  0.000000e+00  0.000000e+00 -1.000000e+00
   outer loop
     vertex  1.184477e+00  6.117208e-01  0.000000e+00
     vertex  1.316439e+00  5.169330e-01  0.000000e+00
     vertex  1.249816e+00  5.634334e-01  0.000000e+00
   endloop
 endfacet
 facet normal  0.000000e+00  0.000000e+00 -1.000000e+00
   outer loop
     vertex  1.184477e+00  6.117208e-01  0.000000e+00
     vertex  1.384296e+00  4.722538e-01  0.000000e+00
     vertex  1.316439e+00  5.169330e-01  0.000000e+00
   endloop
 endfacet
 facet normal  0.000000e+00  0.000000e+00 -1.000000e+00
   outer loop
     vertex  1.120470e+00  6.617599e-01  0.000000e+00
     vertex  1.523515e+00  3.884885e-01  0.000000e+00
     vertex  1.384296e+00  4.722538e-01  0.000000e+00
   endloop
 endfacet
 facet normal  0.000000e+00  0.000000e+00 -1.000000e+00
   outer loop
     vertex  1.120470e+00  6.617599e-01  0.000000e+00
     vertex  1.384296e+00  4.722538e-01  0.000000e+00
     vertex  1.184477e+00  6.117208e-01  0.000000e+00
   endloop
 endfacet
 facet normal  0.000000e+00  0.000000e+00 -1.000000e+00
   outer loop
     vertex  9.966367e-01  7.669448e-01  0.000000e+00
     vertex  1.740333e+00  2.772737e-01  0.000000e+00
     vertex  1.523515e+00  3.884885e-01  0.000000e+00
   endloop
 endfacet
 facet normal  0.000000e+00  0.000000e+00 -1.000000e+00
   outer loop
     vertex  9.966367e-01  7.669448e-01  0.000000e+00
     vertex  1.523515e+00  3.884885e-01  0.000000e+00
     vertex  1.120470e+00  6.617599e-01  0.000000e+00
   endloop
 endfacet
 facet normal  0.000000e+00  0.000000e+00 -1.000000e+00
   outer loop
     vertex  9.966367e-01  7.669448e-01  0.000000e+00
     vertex  1.120470e+00  6.617599e-01  0.000000e+00
     vertex  1.057841e+00  7.135138e-01  0.000000e+00
   endloop
 endfacet
 facet normal  0.000000e+00  0.000000e+00 -1.000000e+00
   outer loop
     vertex  9.369016e-01  8.220135e-01  0.000000e+00
     vertex  3.000000e+00  0.000000e+00  0.000000e+00
     vertex  1.740333e+00  2.772737e-01  0.000000e+00
   endloop
 endfacet
 facet normal  0.000000e+00  0.000000e+00 -1.000000e+00
   outer loop
     vertex  9.369016e-01  8.220135e-01  0.000000e+00
     vertex  1.740333e+00  2.772737e-01  0.000000e+00
     vertex  9.966367e-01  7.669448e-01  0.000000e+00
   endloop
 endfacet
 facet normal  0.000000e+00  0.000000e+00 -1.000000e+00
   outer loop
     vertex  8.786797e-01  8.786797e-01  0.000000e+00
     vertex  3.000000e+00  0.000000e+00  0.000000e+00
     vertex  9.369016e-01  8.220135e-01  0.000000e+00
   endloop
 endfacet
 facet normal  0.000000e+00  0.000000e+00 -1.000000e+00
   outer loop
     vertex  7.669448e-01  9.966367e-01  0.000000e+00
     vertex  8.786797e-01  8.786797e-01  0.000000e+00
     vertex  8.220135e-01  9.369016e-01  0.000000e+00
   endloop
 endfacet
 facet normal  0.000000e+00  0.000000e+00 -1.000000e+00
   outer loop
     vertex  7.135138e-01  1.057841e+00  0.000000e+00
     vertex  3.000000e+00  0.000000e+00  0.000000e+00
     vertex  8.786797e-01  8.786797e-01  0.000000e+00
   endloop
 endfacet
 facet normal  0.000000e+00  0.000000e+00 -1.000000e+00
   outer loop
     vertex  7.135138e-01  1.057841e+00  0.000000e+00
     vertex  8.786797e-01  8.786797e-01  0.000000e+00
     vertex  7.669448e-01  9.966367e-01  0.000000e+00
   endloop
 endfacet
 facet normal  0.000000e+00  0.000000e+00 -1.000000e+00
   outer loop
     vertex  6.117208e-01  1.184477e+00  0.000000e+00
     vertex  7.135138e-01  1.057841e+00  0.000000e+00
     vertex  6.617599e-01  1.120470e+00  0.000000e+00
   endloop
 endfacet
 facet normal  0.000000e+00  0.000000e+00 -1.000000e+00
   outer loop
     vertex  6.117208e-01  1.184477e+00  0.000000e+00
     vertex  3.000000e+00  0.000000e+00  0.000000e+00
     vertex  7.135138e-01  1.057841e+00  0.000000e+00
   endloop
 endfacet
 facet normal  0.000000e+00  0.000000e+00 -1.000000e+00
   outer loop
     vertex  5.169330e-01  1.316439e+00  0.000000e+00
     vertex  6.117208e-01  1.184477e+00  0.000000e+00
     vertex  5.634334e-01  1.249816e+00  0.000000e+00
   endloop
 endfacet
 facet normal  0.000000e+00  0.000000e+00 -1.000000e+00
   outer loop
     vertex  4.294285e-01  1.453338e+00  0.000000e+00
     vertex  5.169330e-01  1.316439e+00  0.000000e+00
     vertex  4.722538e-01  1.384296e+00  0.000000e+00
   endloop
 endfacet
 facet normal  0.000000e+00  0.000000e+00 -1.000000e+00
   outer loop
     vertex  4.294285e-01  1.453338e+00  0.000000e+00
     vertex  6.117208e-01  1.184477e+00  0.000000e+00
     vertex  5.169330e-01  1.316439e+00  0.000000e+00
   endloop
 endfacet
 facet normal  0.000000e+00  0.000000e+00 -1.000000e+00
   outer loop
     vertex  3.884885e-01  1.523515e+00  0.000000e+00
     vertex  3.000000e+00  0.000000e+00  0.000000e+00
     vertex  6.117208e-01  1.184477e+00  0.000000e+00
   endloop
 endfacet
 facet normal  0.000000e+00  0.000000e+00 -1.000000e+00
   outer loop
     vertex  3.884885e-01  1.523515e+00  0.000000e+00
     vertex  6.117208e-01  1.184477e+00  0.000000e+00
     vertex  4.294285e-01  1.453338e+00  0.000000e+00
   endloop
 endfacet
 facet normal  0.000000e+00  0.000000e+00 -1.000000e+00
   outer loop
     vertex  3.123832e-01  1.667065e+00  0.000000e+00
     vertex  3.884885e-01  1.523515e+00  0.000000e+00
     vertex  3.494639e-01  1.594775e+00  0.000000e+00
   endloop
 endfacet
 facet normal  0.000000e+00  0.000000e+00 -1.000000e+00
   outer loop
     vertex  2.772737e-01  1.740333e+00  0.000000e+00
     vertex  3.884885e-01  1.523515e+00  0.000000e+00
     vertex  3.123832e-01  1.667065e+00  0.000000e+00
   endloop
 endfacet
 facet normal  0.000000e+00  0.000000e+00 -1.000000e+00
   outer loop
     vertex  2.441612e-01  1.814524e+00  0.000000e+00
     vertex  3.000000e+00  0.000000e+00  0.000000e+00
     vertex  3.884885e-01  1.523515e+00  0.000000e+00
   endloop
 endfacet
 facet normal  0.000000e+00  0.000000e+00 -1.000000e+00
   outer loop
     vertex  2.441612e-01  1.814524e+00  0.000000e+00
     vertex  3.884885e-01  1.523515e+00  0.000000e+00
     vertex  2.772737e-01  1.740333e+00  0.000000e+00
   endloop
 endfacet
 facet normal  0.000000e+00  0.000000e+00 -1.000000e+00
   outer loop
     vertex  1.840225e-01  1.965461e+00  0.000000e+00
     vertex  2.441612e-01  1.814524e+00  0.000000e+00
     vertex  2.130698e-01  1.889586e+00  0.000000e+00
   endloop
 endfacet
 facet normal  0.000000e+00  0.000000e+00 -1.000000e+00
   outer loop
     vertex  1.321436e-01  2.119432e+00  0.000000e+00
     vertex  1.840225e-01  1.965461e+00  0.000000e+00
     vertex  1.570405e-01  2.042095e+00  0.000000e+00
   endloop
 endfacet
 facet normal  0.000000e+00  0.000000e+00 -1.000000e+00
   outer loop
     vertex  8.867656e-02  2.275986e+00  0.000000e+00
     vertex  1.321436e-01  2.119432e+00  0.000000e+00
     vertex  1.093500e-01  2.197415e+00  0.000000e+00
   endloop
 endfacet
 facet normal  0.000000e+00  0.000000e+00 -1.000000e+00
   outer loop
     vertex  8.867656e-02  2.275986e+00  0.000000e+00
     vertex  2.441612e-01  1.814524e+00  0.000000e+00
     vertex  1.840225e-01  1.965461e+00  0.000000e+00
   endloop
 endfacet
 facet normal  0.000000e+00  0.000000e+00 -1.000000e+00
   outer loop
     vertex  8.867656e-02  2.275986e+00  0.000000e+00
     vertex  1.840225e-01  1.965461e+00  0.000000e+00
     vertex  1.321436e-01  2.119432e+00  0.000000e+00
   endloop
 endfacet
 facet normal  0.000000e+00  0.000000e+00 -1.000000e+00
   outer loop
     vertex  5.374895e-02  2.434664e+00  0.000000e+00
     vertex  8.867656e-02  2.275986e+00  0.000000e+00
     vertex  7.013833e-02  2.355089e+00  0.000000e+00
   endloop
 endfacet
 facet normal  0.000000e+00  0.000000e+00 -1.000000e+00
   outer loop
     vertex  5.374895e-02  2.434664e+00  0.000000e+00
     vertex  2.441612e-01  1.814524e+00  0.000000e+00
     vertex  8.867656e-02  2.275986e+00  0.000000e+00
   endloop
 endfacet
 facet normal  0.000000e+00  0.000000e+00 -1.000000e+00
   outer loop
     vertex  3.952043e-02  2.514654e+00  0.000000e+00
     vertex  3.000000e+00  0.000000e+00  0.000000e+00
     vertex  2.441612e-01  1.814524e+00  0.000000e+00
   endloop
 endfacet
 facet normal  0.000000e+00  0.000000e+00 -1.000000e+00
   outer loop
     vertex  3.952043e-02  2.514654e+00  0.000000e+00
     vertex  2.441612e-01  1.814524e+00  0.000000e+00
     vertex  5.374895e-02  2.434664e+00  0.000000e+00
   endloop
 endfacet
 facet normal  0.000000e+00  0.000000e+00 -1.000000e+00
   outer loop
     vertex  1.758613e-02  2.675643e+00  0.000000e+00
     vertex  3.952043e-02  2.514654e+00  0.000000e+00
     vertex  2.746321e-02  2.595000e+00  0.000000e+00
   endloop
 endfacet
 facet normal  0.000000e+00  0.000000e+00 -1.000000e+00
   outer loop
     vertex  1.758613e-02  2.675643e+00  0.000000e+00
     vertex  3.000000e+00  0.000000e+00  0.000000e+00
     vertex  3.952043e-02  2.514654e+00  0.000000e+00
   endloop
 endfacet
 facet normal  0.000000e+00  0.000000e+00 -1.000000e+00
   outer loop
     vertex  1.100141e-03  2.918762e+00  0.000000e+00
     vertex  9.896431e-03  2.756524e+00  0.000000e+00
     vertex  4.399758e-03  2.837583e+00  0.000000e+00
   endloop
 endfacet
 facet normal  0.000000e+00  0.000000e+00 -1.000000e+00
   outer loop
     vertex  1.100141e-03  2.918762e+00  0.000000e+00
     vertex  1.758613e-02  2.675643e+00  0.000000e+00
     vertex  9.896431e-03  2.756524e+00  0.000000e+00
   endloop
 endfacet
 facet normal  0.000000e+00  0.000000e+00 -1.000000e+00
   outer loop
     vertex  0.000000e+00  3.000000e+00  0.000000e+00
     vertex  3.000000e+00  0.000000e+00  0.000000e+00
     vertex  1.758613e-02  2.675643e+00  0.000000e+00
   endloop
 endfacet
 facet normal  0.000000e+00  0.000000e+00 -1.000000e+00
   outer loop
     vertex  0.000000e+00  3.000000e+00  0.000000e+00
     vertex  1.758613e-02  2.675643e+00  0.000000e+00
     vertex  1.100141e-03  2.918762e+00  0.000000e+00
   endloop
 endfacet
 facet normal  0.000000e+00  0.000000e+00 -1.000000e+00
   outer loop
     vertex  3.000000e+00  2.400000e+01  0.000000e+00
     vertex  6.700000e+01  0.000000e+00  0.000000e+00
     vertex  3.000000e+00  0.000000e+00  0.000000e+00
   endloop
 endfacet
 facet normal  0.000000e+00  0.000000e+00 -1.000000e+00
   outer loop
     vertex  3.000000e+00  2.400000e+01  0.000000e+00
     vertex  0.000000e+00  3.000000e+00  0.000000e+00
     vertex  0.000000e+00  2.100000e+01  0.000000e+00
   endloop
 endfacet
 facet normal  0.000000e+00  0.000000e+00 -1.000000e+00
   outer loop
     vertex  3.000000e+00  2.400000e+01  0.000000e+00
     vertex  6.700000e+01  2.400000e+01  0.000000e+00
     vertex  6.700000e+01  0.000000e+00  0.000000e+00
   endloop
 endfacet
 facet normal  0.000000e+00 -0.000000e+00 -1.000000e+00
   outer loop
     vertex  3.000000e+00  2.400000e+01  0.000000e+00
     vertex  3.000000e+00  0.000000e+00  0.000000e+00
     vertex  0.000000e+00  3.000000e+00  0.000000e+00
   endloop
 endfacet
 facet normal  0.000000e+00  0.000000e+00 -1.000000e+00
   outer loop
     vertex  2.756524e+00  2.399010e+01  0.000000e+00
     vertex  2.918762e+00  2.399890e+01  0.000000e+00
     vertex  3.000000e+00  2.400000e+01  0.000000e+00
   endloop
 endfacet
 facet normal  0.000000e+00  0.000000e+00 -1.000000e+00
   outer loop
     vertex  2.756524e+00  2.399010e+01  0.000000e+00
     vertex  2.837583e+00  2.399560e+01  0.000000e+00
     vertex  2.918762e+00  2.399890e+01  0.000000e+00
   endloop
 endfacet
 facet normal  0.000000e+00  0.000000e+00 -1.000000e+00
   outer loop
     vertex  3.952043e-02  2.148535e+01  0.000000e+00
     vertex  1.758613e-02  2.132436e+01  0.000000e+00
     vertex  2.746321e-02  2.140500e+01  0.000000e+00
   endloop
 endfacet
 facet normal  0.000000e+00  0.000000e+00 -1.000000e+00
   outer loop
     vertex  3.952043e-02  2.148535e+01  0.000000e+00
     vertex  9.896431e-03  2.124348e+01  0.000000e+00
     vertex  1.758613e-02  2.132436e+01  0.000000e+00
   endloop
 endfacet
 facet normal  0.000000e+00  0.000000e+00 -1.000000e+00
   outer loop
     vertex  2.514654e+00  2.396048e+01  0.000000e+00
     vertex  2.756524e+00  2.399010e+01  0.000000e+00
     vertex  3.000000e+00  2.400000e+01  0.000000e+00
   endloop
 endfacet
 facet normal  0.000000e+00  0.000000e+00 -1.000000e+00
   outer loop
     vertex  2.514654e+00  2.396048e+01  0.000000e+00
     vertex  2.675643e+00  2.398241e+01  0.000000e+00
     vertex  2.756524e+00  2.399010e+01  0.000000e+00
   endloop
 endfacet
 facet normal  0.000000e+00  0.000000e+00 -1.000000e+00
   outer loop
     vertex  2.514654e+00  2.396048e+01  0.000000e+00
     vertex  2.595000e+00  2.397254e+01  0.000000e+00
     vertex  2.675643e+00  2.398241e+01  0.000000e+00
   endloop
 endfacet
 facet normal  0.000000e+00 -0.000000e+00 -1.000000e+00
   outer loop
     vertex  2.514654e+00  2.396048e+01  0.000000e+00
     vertex  3.000000e+00  2.400000e+01  0.000000e+00
     vertex  0.000000e+00  2.100000e+01  0.000000e+00
   endloop
 endfacet
 facet normal  0.000000e+00  0.000000e+00 -1.000000e+00
   outer loop
     vertex  5.374895e-02  2.156534e+01  0.000000e+00
     vertex  9.896431e-03  2.124348e+01  0.000000e+00
     vertex  3.952043e-02  2.148535e+01  0.000000e+00
   endloop
 endfacet
 facet normal  0.000000e+00  0.000000e+00 -1.000000e+00
   outer loop
     vertex  5.374895e-02  2.156534e+01  0.000000e+00
     vertex  4.399758e-03  2.116242e+01  0.000000e+00
     vertex  9.896431e-03  2.124348e+01  0.000000e+00
   endloop
 endfacet
 facet normal  0.000000e+00  0.000000e+00 -1.000000e+00
   outer loop
     vertex  7.013833e-02  2.164491e+01  0.000000e+00
     vertex  4.399758e-03  2.116242e+01  0.000000e+00
     vertex  5.374895e-02  2.156534e+01  0.000000e+00
   endloop
 endfacet
 facet normal  0.000000e+00  0.000000e+00 -1.000000e+00
   outer loop
     vertex  2.197415e+00  2.389065e+01  0.000000e+00
     vertex  2.434664e+00  2.394625e+01  0.000000e+00
     vertex  2.514654e+00  2.396048e+01  0.000000e+00
   endloop
 endfacet
 facet normal  0.000000e+00  0.000000e+00 -1.000000e+00
   outer loop
     vertex  2.197415e+00  2.389065e+01  0.000000e+00
     vertex  2.355089e+00  2.392986e+01  0.000000e+00
     vertex  2.434664e+00  2.394625e+01  0.000000e+00
   endloop
 endfacet
 facet normal  0.000000e+00  0.000000e+00 -1.000000e+00
   outer loop
     vertex  2.197415e+00  2.389065e+01  0.000000e+00
     vertex  2.275986e+00  2.391132e+01  0.000000e+00
     vertex  2.355089e+00  2.392986e+01  0.000000e+00
   endloop
 endfacet
 facet normal  0.000000e+00  0.000000e+00 -1.000000e+00
   outer loop
     vertex  2.119432e+00  2.386786e+01  0.000000e+00
     vertex  2.197415e+00  2.389065e+01  0.000000e+00
     vertex  2.514654e+00  2.396048e+01  0.000000e+00
   endloop
 endfacet
 facet normal  0.000000e+00  0.000000e+00 -1.000000e+00
   outer loop
     vertex  1.321436e-01  2.188057e+01  0.000000e+00
     vertex  8.867656e-02  2.172401e+01  0.000000e+00
     vertex  1.093500e-01  2.180259e+01  0.000000e+00
   endloop
 endfacet
 facet normal  0.000000e+00  0.000000e+00 -1.000000e+00
   outer loop
     vertex  1.321436e-01  2.188057e+01  0.000000e+00
     vertex  7.013833e-02  2.164491e+01  0.000000e+00
     vertex  8.867656e-02  2.172401e+01  0.000000e+00
   endloop
 endfacet
 facet normal  0.000000e+00  0.000000e+00 -1.000000e+00
   outer loop
     vertex  1.321436e-01  2.188057e+01  0.000000e+00
     vertex  4.399758e-03  2.116242e+01  0.000000e+00
     vertex  7.013833e-02  2.164491e+01  0.000000e+00
   endloop
 endfacet
 facet normal  0.000000e+00  0.000000e+00 -1.000000e+00
   outer loop
     vertex  1.965461e+00  2.381598e+01  0.000000e+00
     vertex  2.042095e+00  2.384296e+01  0.000000e+00
     vertex  2.119432e+00  2.386786e+01  0.000000e+00
   endloop
 endfacet
 facet normal  0.000000e+00  0.000000e+00 -1.000000e+00
   outer loop
     vertex  1.840225e-01  2.203454e+01  0.000000e+00
     vertex  1.321436e-01  2.188057e+01  0.000000e+00
     vertex  1.570405e-01  2.195790e+01  0.000000e+00
   endloop
 endfacet
 facet normal  0.000000e+00  0.000000e+00 -1.000000e+00
   outer loop
     vertex  1.840225e-01  2.203454e+01  0.000000e+00
     vertex  1.100141e-03  2.108124e+01  0.000000e+00
     vertex  4.399758e-03  2.116242e+01  0.000000e+00
   endloop
 endfacet
 facet normal  0.000000e+00  0.000000e+00 -1.000000e+00
   outer loop
     vertex  1.840225e-01  2.203454e+01  0.000000e+00
     vertex  0.000000e+00  2.100000e+01  0.000000e+00
     vertex  1.100141e-03  2.108124e+01  0.000000e+00
   endloop
 endfacet
 facet normal  0.000000e+00  0.000000e+00 -1.000000e+00
   outer loop
     vertex  1.840225e-01  2.203454e+01  0.000000e+00
     vertex  4.399758e-03  2.116242e+01  0.000000e+00
     vertex  1.321436e-01  2.188057e+01  0.000000e+00
   endloop
 endfacet
 facet normal  0.000000e+00  0.000000e+00 -1.000000e+00
   outer loop
     vertex  1.889586e+00  2.378693e+01  0.000000e+00
     vertex  1.965461e+00  2.381598e+01  0.000000e+00
     vertex  2.119432e+00  2.386786e+01  0.000000e+00
   endloop
 endfacet
 facet normal  0.000000e+00  0.000000e+00 -1.000000e+00
   outer loop
     vertex  1.814524e+00  2.375584e+01  0.000000e+00
     vertex  2.119432e+00  2.386786e+01  0.000000e+00
     vertex  2.514654e+00  2.396048e+01  0.000000e+00
   endloop
 endfacet
 facet normal  0.000000e+00  0.000000e+00 -1.000000e+00
   outer loop
     vertex  1.814524e+00  2.375584e+01  0.000000e+00
     vertex  1.889586e+00  2.378693e+01  0.000000e+00
     vertex  2.119432e+00  2.386786e+01  0.000000e+00
   endloop
 endfacet
 facet normal  0.000000e+00  0.000000e+00 -1.000000e+00
   outer loop
     vertex  2.441612e-01  2.218548e+01  0.000000e+00
     vertex  1.840225e-01  2.203454e+01  0.000000e+00
     vertex  2.130698e-01  2.211041e+01  0.000000e+00
   endloop
 endfacet
 facet normal  0.000000e+00  0.000000e+00 -1.000000e+00
   outer loop
     vertex  1.667065e+00  2.368762e+01  0.000000e+00
     vertex  1.740333e+00  2.372273e+01  0.000000e+00
     vertex  1.814524e+00  2.375584e+01  0.000000e+00
   endloop
 endfacet
 facet normal  0.000000e+00  0.000000e+00 -1.000000e+00
   outer loop
     vertex  3.123832e-01  2.233294e+01  0.000000e+00
     vertex  2.441612e-01  2.218548e+01  0.000000e+00
     vertex  2.772737e-01  2.225967e+01  0.000000e+00
   endloop
 endfacet
 facet normal  0.000000e+00  0.000000e+00 -1.000000e+00
   outer loop
     vertex  3.123832e-01  2.233294e+01  0.000000e+00
     vertex  1.840225e-01  2.203454e+01  0.000000e+00
     vertex  2.441612e-01  2.218548e+01  0.000000e+00
   endloop
 endfacet
 facet normal  0.000000e+00  0.000000e+00 -1.000000e+00
   outer loop
     vertex  1.594775e+00  2.365054e+01  0.000000e+00
     vertex  1.667065e+00  2.368762e+01  0.000000e+00
     vertex  1.814524e+00  2.375584e+01  0.000000e+00
   endloop
 endfacet
 facet normal  0.000000e+00  0.000000e+00 -1.000000e+00
   outer loop
     vertex  3.494639e-01  2.240523e+01  0.000000e+00
     vertex  1.840225e-01  2.203454e+01  0.000000e+00
     vertex  3.123832e-01  2.233294e+01  0.000000e+00
   endloop
 endfacet
 facet normal  0.000000e+00  0.000000e+00 -1.000000e+00
   outer loop
     vertex  1.523515e+00  2.361151e+01  0.000000e+00
     vertex  1.594775e+00  2.365054e+01  0.000000e+00
     vertex  1.814524e+00  2.375584e+01  0.000000e+00
   endloop
 endfacet
 facet normal  0.000000e+00  0.000000e+00 -1.000000e+00
   outer loop
     vertex  4.294285e-01  2.254666e+01  0.000000e+00
     vertex  1.840225e-01  2.203454e+01  0.000000e+00
     vertex  3.494639e-01  2.240523e+01  0.000000e+00
   endloop
 endfacet
 facet normal  0.000000e+00  0.000000e+00 -1.000000e+00
   outer loop
     vertex  4.294285e-01  2.254666e+01  0.000000e+00
     vertex  3.494639e-01  2.240523e+01  0.000000e+00
     vertex  3.884885e-01  2.247648e+01  0.000000e+00
   endloop
 endfacet
 facet normal  0.000000e+00  0.000000e+00 -1.000000e+00
   outer loop
     vertex  1.384296e+00  2.352775e+01  0.000000e+00
     vertex  1.523515e+00  2.361151e+01  0.000000e+00
     vertex  1.814524e+00  2.375584e+01  0.000000e+00
   endloop
 endfacet
 facet normal  0.000000e+00  0.000000e+00 -1.000000e+00
   outer loop
     vertex  1.384296e+00  2.352775e+01  0.000000e+00
     vertex  1.453338e+00  2.357057e+01  0.000000e+00
     vertex  1.523515e+00  2.361151e+01  0.000000e+00
   endloop
 endfacet
 facet normal  0.000000e+00  0.000000e+00 -1.000000e+00
   outer loop
     vertex  4.722538e-01  2.261570e+01  0.000000e+00
     vertex  0.000000e+00  2.100000e+01  0.000000e+00
     vertex  1.840225e-01  2.203454e+01  0.000000e+00
   endloop
 endfacet
 facet normal  0.000000e+00  0.000000e+00 -1.000000e+00
   outer loop
     vertex  4.722538e-01  2.261570e+01  0.000000e+00
     vertex  1.840225e-01  2.203454e+01  0.000000e+00
     vertex  4.294285e-01  2.254666e+01  0.000000e+00
   endloop
 endfacet
 facet normal  0.000000e+00  0.000000e+00 -1.000000e+00
   outer loop
     vertex  1.316439e+00  2.348307e+01  0.000000e+00
     vertex  1.384296e+00  2.352775e+01  0.000000e+00
     vertex  1.814524e+00  2.375584e+01  0.000000e+00
   endloop
 endfacet
 facet normal  0.000000e+00  0.000000e+00 -1.000000e+00
   outer loop
     vertex  1.249816e+00  2.343657e+01  0.000000e+00
     vertex  1.316439e+00  2.348307e+01  0.000000e+00
     vertex  1.814524e+00  2.375584e+01  0.000000e+00
   endloop
 endfacet
 facet normal  0.000000e+00  0.000000e+00 -1.000000e+00
   outer loop
     vertex  6.117208e-01  2.281552e+01  0.000000e+00
     vertex  5.169330e-01  2.268356e+01  0.000000e+00
     vertex  5.634334e-01  2.275018e+01  0.000000e+00
   endloop
 endfacet
 facet normal  0.000000e+00  0.000000e+00 -1.000000e+00
   outer loop
     vertex  6.117208e-01  2.281552e+01  0.000000e+00
     vertex  4.722538e-01  2.261570e+01  0.000000e+00
     vertex  5.169330e-01  2.268356e+01  0.000000e+00
   endloop
 endfacet
 facet normal  0.000000e+00  0.000000e+00 -1.000000e+00
   outer loop
     vertex  1.120470e+00  2.333824e+01  0.000000e+00
     vertex  1.814524e+00  2.375584e+01  0.000000e+00
     vertex  2.514654e+00  2.396048e+01  0.000000e+00
   endloop
 endfacet
 facet normal  0.000000e+00  0.000000e+00 -1.000000e+00
   outer loop
     vertex  1.120470e+00  2.333824e+01  0.000000e+00
     vertex  1.249816e+00  2.343657e+01  0.000000e+00
     vertex  1.814524e+00  2.375584e+01  0.000000e+00
   endloop
 endfacet
 facet normal  0.000000e+00  0.000000e+00 -1.000000e+00
   outer loop
     vertex  1.120470e+00  2.333824e+01  0.000000e+00
     vertex  1.184477e+00  2.338828e+01  0.000000e+00
     vertex  1.249816e+00  2.343657e+01  0.000000e+00
   endloop
 endfacet
 facet normal  0.000000e+00  0.000000e+00 -1.000000e+00
   outer loop
     vertex  6.617599e-01  2.287953e+01  0.000000e+00
     vertex  0.000000e+00  2.100000e+01  0.000000e+00
     vertex  4.722538e-01  2.261570e+01  0.000000e+00
   endloop
 endfacet
 facet normal  0.000000e+00  0.000000e+00 -1.000000e+00
   outer loop
     vertex  6.617599e-01  2.287953e+01  0.000000e+00
     vertex  4.722538e-01  2.261570e+01  0.000000e+00
     vertex  6.117208e-01  2.281552e+01  0.000000e+00
   endloop
 endfacet
 facet normal  0.000000e+00  0.000000e+00 -1.000000e+00
   outer loop
     vertex  1.057841e+00  2.328649e+01  0.000000e+00
     vertex  1.120470e+00  2.333824e+01  0.000000e+00
     vertex  2.514654e+00  2.396048e+01  0.000000e+00
   endloop
 endfacet
 facet normal  0.000000e+00  0.000000e+00 -1.000000e+00
   outer loop
     vertex  7.135138e-01  2.294216e+01  0.000000e+00
     vertex  0.000000e+00  2.100000e+01  0.000000e+00
     vertex  6.617599e-01  2.287953e+01  0.000000e+00
   endloop
 endfacet
 facet normal  0.000000e+00  0.000000e+00 -1.000000e+00
   outer loop
     vertex  9.966367e-01  2.323306e+01  0.000000e+00
     vertex  1.057841e+00  2.328649e+01  0.000000e+00
     vertex  2.514654e+00  2.396048e+01  0.000000e+00
   endloop
 endfacet
 facet normal  0.000000e+00  0.000000e+00 -1.000000e+00
   outer loop
     vertex  8.220135e-01  2.306310e+01  0.000000e+00
     vertex  0.000000e+00  2.100000e+01  0.000000e+00
     vertex  7.135138e-01  2.294216e+01  0.000000e+00
   endloop
 endfacet
 facet normal  0.000000e+00  0.000000e+00 -1.000000e+00
   outer loop
     vertex  8.220135e-01  2.306310e+01  0.000000e+00
     vertex  7.135138e-01  2.294216e+01  0.000000e+00
     vertex  7.669448e-01  2.300336e+01  0.000000e+00
   endloop
 endfacet
 facet normal  0.000000e+00 -0.000000e+00 -1.000000e+00
   outer loop
     vertex  8.786797e-01  2.312132e+01  0.000000e+00
     vertex  2.514654e+00  2.396048e+01  0.000000e+00
     vertex  0.000000e+00  2.100000e+01  0.000000e+00
   endloop
 endfacet
 facet normal  0.000000e+00  0.000000e+00 -1.000000e+00
   outer loop
     vertex  8.786797e-01  2.312132e+01  0.000000e+00
     vertex  9.369016e-01  2.317799e+01  0.000000e+00
     vertex  9.966367e-01  2.323306e+01  0.000000e+00
   endloop
 endfacet
 facet normal  0.000000e+00  0.000000e+00 -1.000000e+00
   outer loop
     vertex  8.786797e-01  2.312132e+01  0.000000e+00
     vertex  9.966367e-01  2.323306e+01  0.000000e+00
     vertex  2.514654e+00  2.396048e+01  0.000000e+00
   endloop
 endfacet
 facet normal  0.000000e+00  0.000000e+00 -1.000000e+00
   outer loop
     vertex  8.786797e-01  2.312132e+01  0.000000e+00
     vertex  0.000000e+00  2.100000e+01  0.000000e+00
     vertex  8.220135e-01  2.306310e+01  0.000000e+00
   endloop
 endfacet
 facet normal -1.000000e+00  0.000000e+00  0.000000e+00
   outer loop
     vertex  0.000000e+00  3.000000e+00  3.000000e+00
     vertex  0.000000e+00  2.100000e+01  0.000000e+00
     vertex  0.000000e+00  3.000000e+00  0.000000e+00
   endloop
 endfacet
 facet normal -1.000000e+00  0.000000e+00  0.000000e+00
   outer loop
     vertex  0.000000e+00  3.000000e+00  3.000000e+00
     vertex  0.000000e+00  2.100000e+01  3.000000e+00
     vertex  0.000000e+00  2.100000e+01  0.000000e+00
   endloop
 endfacet
 facet normal -1.354093e-02  9.999083e-01  0.000000e+00
   outer loop
     vertex  2.918762e+00  2.399890e+01  3.000000e+00
     vertex  3.000000e+00  2.400000e+01  3.000000e+00
     vertex  3.000000e+00  2.400000e+01  0.000000e+00
   endloop
 endfacet
 facet normal -1.354093e-02  9.999083e-01  0.000000e+00
   outer loop
     vertex  2.918762e+00  2.399890e+01  3.000000e+00
     vertex  3.000000e+00  2.400000e+01  0.000000e+00
     vertex  2.918762e+00  2.399890e+01  0.000000e+00
   endloop
 endfacet
 facet normal -4.061287e-02  9.991750e-01  0.000000e+00
   outer loop
     vertex  2.837583e+00  2.399560e+01  3.000000e+00
     vertex  2.918762e+00  2.399890e+01  3.000000e+00
     vertex  2.918762e+00  2.399890e+01  0.000000e+00
   endloop
 endfacet
 facet normal -4.061287e-02  9.991750e-01  0.000000e+00
   outer loop
     vertex  2.837583e+00  2.399560e+01  3.000000e+00
     vertex  2.918762e+00  2.399890e+01  0.000000e+00
     vertex  2.837583e+00  2.399560e+01  0.000000e+00
   endloop
 endfacet
 facet normal -6.765502e-02  9.977088e-01  0.000000e+00
   outer loop
     vertex  2.756524e+00  2.399010e+01  3.000000e+00
     vertex  2.837583e+00  2.399560e+01  3.000000e+00
     vertex  2.837583e+00  2.399560e+01  0.000000e+00
   endloop
 endfacet
 facet normal -6.765502e-02  9.977088e-01  0.000000e+00
   outer loop
     vertex  2.756524e+00  2.399010e+01  3.000000e+00
     vertex  2.837583e+00  2.399560e+01  0.000000e+00
     vertex  2.756524e+00  2.399010e+01  0.000000e+00
   endloop
 endfacet
 facet normal -9.464755e-02  9.955108e-01  0.000000e+00
   outer loop
     vertex  2.675643e+00  2.398241e+01  3.000000e+00
     vertex  2.756524e+00  2.399010e+01  3.000000e+00
     vertex  2.756524e+00  2.399010e+01  0.000000e+00
   endloop
 endfacet
 facet normal -9.464755e-02  9.955108e-01  0.000000e+00
   outer loop
     vertex  2.675643e+00  2.398241e+01  3.000000e+00
     vertex  2.756524e+00  2.399010e+01  0.000000e+00
     vertex  2.675643e+00  2.398241e+01  0.000000e+00
   endloop
 endfacet
 facet normal -1.215707e-01  9.925828e-01  0.000000e+00
   outer loop
     vertex  2.595000e+00  2.397254e+01  3.000000e+00
     vertex  2.675643e+00  2.398241e+01  3.000000e+00
     vertex  2.675643e+00  2.398241e+01  0.000000e+00
   endloop
 endfacet
 facet normal -1.215707e-01  9.925828e-01  0.000000e+00
   outer loop
     vertex  2.595000e+00  2.397254e+01  3.000000e+00
     vertex  2.675643e+00  2.398241e+01  0.000000e+00
     vertex  2.595000e+00  2.397254e+01  0.000000e+00
   endloop
 endfacet
 facet normal -1.484046e-01  9.889267e-01  0.000000e+00
   outer loop
     vertex  2.514654e+00  2.396048e+01  3.000000e+00
     vertex  2.595000e+00  2.397254e+01  3.000000e+00
     vertex  2.595000e+00  2.397254e+01  0.000000e+00
   endloop
 endfacet
 facet normal -1.484046e-01  9.889267e-01  0.000000e+00
   outer loop
     vertex  2.514654e+00  2.396048e+01  3.000000e+00
     vertex  2.595000e+00  2.397254e+01  0.000000e+00
     vertex  2.514654e+00  2.396048e+01  0.000000e+00
   endloop
 endfacet
 facet normal -1.751297e-01  9.845454e-01  0.000000e+00
   outer loop
     vertex  2.434664e+00  2.394625e+01  3.000000e+00
     vertex  2.514654e+00  2.396048e+01  3.000000e+00
     vertex  2.514654e+00  2.396048e+01  0.000000e+00
   endloop
 endfacet
 facet normal -1.751297e-01  9.845454e-01  0.000000e+00
   outer loop
     vertex  2.434664e+00  2.394625e+01  3.000000e+00
     vertex  2.514654e+00  2.396048e+01  0.000000e+00
     vertex  2.434664e+00  2.394625e+01  0.000000e+00
   endloop
 endfacet
 facet normal -2.017264e-01  9.794419e-01  0.000000e+00
   outer loop
     vertex  2.355089e+00  2.392986e+01  3.000000e+00
     vertex  2.434664e+00  2.394625e+01  3.000000e+00
     vertex  2.434664e+00  2.394625e+01  0.000000e+00
   endloop
 endfacet
 facet normal -2.017264e-01  9.794419e-01  0.000000e+00
   outer loop
     vertex  2.355089e+00  2.392986e+01  3.000000e+00
     vertex  2.434664e+00  2.394625e+01  0.000000e+00
     vertex  2.355089e+00  2.392986e+01  0.000000e+00
   endloop
 endfacet
 facet normal -2.281751e-01  9.736201e-01  0.000000e+00
   outer loop
     vertex  2.275986e+00  2.391132e+01  3.000000e+00
     vertex  2.355089e+00  2.392986e+01  3.000000e+00
     vertex  2.355089e+00  2.392986e+01  0.000000e+00
   endloop
 endfacet
 facet normal -2.281751e-01  9.736201e-01  0.000000e+00
   outer loop
     vertex  2.275986e+00  2.391132e+01  3.000000e+00
     vertex  2.355089e+00  2.392986e+01  0.000000e+00
     vertex  2.275986e+00  2.391132e+01  0.000000e+00
   endloop
 endfacet
 facet normal -2.544564e-01  9.670842e-01  0.000000e+00
   outer loop
     vertex  2.197415e+00  2.389065e+01  3.000000e+00
     vertex  2.275986e+00  2.391132e+01  3.000000e+00
     vertex  2.275986e+00  2.391132e+01  0.000000e+00
   endloop
 endfacet
 facet normal -2.544564e-01  9.670842e-01  0.000000e+00
   outer loop
     vertex  2.197415e+00  2.389065e+01  3.000000e+00
     vertex  2.275986e+00  2.391132e+01  0.000000e+00
     vertex  2.197415e+00  2.389065e+01  0.000000e+00
   endloop
 endfacet
 facet normal -2.805512e-01  9.598391e-01  0.000000e+00
   outer loop
     vertex  2.119432e+00  2.386786e+01  3.000000e+00
     vertex  2.197415e+00  2.389065e+01  3.000000e+00
     vertex  2.197415e+00  2.389065e+01  0.000000e+00
   endloop
 endfacet
 facet normal -2.805512e-01  9.598391e-01  0.000000e+00
   outer loop
     vertex  2.119432e+00  2.386786e+01  3.000000e+00
     vertex  2.197415e+00  2.389065e+01  0.000000e+00
     vertex  2.119432e+00  2.386786e+01  0.000000e+00
   endloop
 endfacet
 facet normal -3.064401e-01  9.518899e-01  0.000000e+00
   outer loop
     vertex  2.042095e+00  2.384296e+01  3.000000e+00
     vertex  2.119432e+00  2.386786e+01  3.000000e+00
     vertex  2.119432e+00  2.386786e+01  0.000000e+00
   endloop
 endfacet
 facet normal -3.064401e-01  9.518899e-01  0.000000e+00
   outer loop
     vertex  2.042095e+00  2.384296e+01  3.000000e+00
     vertex  2.119432e+00  2.386786e+01  0.000000e+00
     vertex  2.042095e+00  2.384296e+01  0.000000e+00
   endloop
 endfacet
 facet normal -3.321044e-01  9.432426e-01  0.000000e+00
   outer loop
     vertex  2.042095e+00  2.384296e+01  3.000000e+00
     vertex  2.042095e+00  2.384296e+01  0.000000e+00
     vertex  1.965461e+00  2.381598e+01  0.000000e+00
   endloop
 endfacet
 facet normal -3.575250e-01  9.339036e-01  0.000000e+00
   outer loop
     vertex  1.965461e+00  2.381598e+01  3.000000e+00
     vertex  1.965461e+00  2.381598e+01  0.000000e+00
     vertex  1.889586e+00  2.378693e+01  0.000000e+00
   endloop
 endfacet
 facet normal -3.321044e-01  9.432426e-01  0.000000e+00
   outer loop
     vertex  1.965461e+00  2.381598e+01  3.000000e+00
     vertex  2.042095e+00  2.384296e+01  3.000000e+00
     vertex  1.965461e+00  2.381598e+01  0.000000e+00
   endloop
 endfacet
 facet normal -3.575250e-01  9.339036e-01  0.000000e+00
   outer loop
     vertex  1.889586e+00  2.378693e+01  3.000000e+00
     vertex  1.965461e+00  2.381598e+01  3.000000e+00
     vertex  1.889586e+00  2.378693e+01  0.000000e+00
   endloop
 endfacet
 facet normal -3.826834e-01  9.238795e-01  0.000000e+00
   outer loop
     vertex  1.814524e+00  2.375584e+01  3.000000e+00
     vertex  1.889586e+00  2.378693e+01  0.000000e+00
     vertex  1.814524e+00  2.375584e+01  0.000000e+00
   endloop
 endfacet
 facet normal -3.826834e-01  9.238795e-01  0.000000e+00
   outer loop
     vertex  1.814524e+00  2.375584e+01  3.000000e+00
     vertex  1.889586e+00  2.378693e+01  3.000000e+00
     vertex  1.889586e+00  2.378693e+01  0.000000e+00
   endloop
 endfacet
 facet normal -4.075612e-01  9.131779e-01  0.000000e+00
   outer loop
     vertex  1.740333e+00  2.372273e+01  3.000000e+00
     vertex  1.814524e+00  2.375584e+01  0.000000e+00
     vertex  1.740333e+00  2.372273e+01  0.000000e+00
   endloop
 endfacet
 facet normal -4.075612e-01  9.131779e-01  0.000000e+00
   outer loop
     vertex  1.740333e+00  2.372273e+01  3.000000e+00
     vertex  1.814524e+00  2.375584e+01  3.000000e+00
     vertex  1.814524e+00  2.375584e+01  0.000000e+00
   endloop
 endfacet
 facet normal -4.321400e-01  9.018065e-01  0.000000e+00
   outer loop
     vertex  1.667065e+00  2.368762e+01  3.000000e+00
     vertex  1.740333e+00  2.372273e+01  0.000000e+00
     vertex  1.667065e+00  2.368762e+01  0.000000e+00
   endloop
 endfacet
 facet normal -4.321400e-01  9.018065e-01  0.000000e+00
   outer loop
     vertex  1.667065e+00  2.368762e+01  3.000000e+00
     vertex  1.740333e+00  2.372273e+01  3.000000e+00
     vertex  1.740333e+00  2.372273e+01  0.000000e+00
   endloop
 endfacet
 facet normal -4.564019e-01  8.897737e-01  0.000000e+00
   outer loop
     vertex  1.594775e+00  2.365054e+01  3.000000e+00
     vertex  1.667065e+00  2.368762e+01  0.000000e+00
     vertex  1.594775e+00  2.365054e+01  0.000000e+00
   endloop
 endfacet
 facet normal -4.564019e-01  8.897737e-01  0.000000e+00
   outer loop
     vertex  1.594775e+00  2.365054e+01  3.000000e+00
     vertex  1.667065e+00  2.368762e+01  3.000000e+00
     vertex  1.667065e+00  2.368762e+01  0.000000e+00
   endloop
 endfacet
 facet normal -4.803291e-01  8.770884e-01  0.000000e+00
   outer loop
     vertex  1.523515e+00  2.361151e+01  3.000000e+00
     vertex  1.594775e+00  2.365054e+01  0.000000e+00
     vertex  1.523515e+00  2.361151e+01  0.000000e+00
   endloop
 endfacet
 facet normal -5.039039e-01  8.637597e-01  0.000000e+00
   outer loop
     vertex  1.523515e+00  2.361151e+01  3.000000e+00
     vertex  1.523515e+00  2.361151e+01  0.000000e+00
     vertex  1.453338e+00  2.357057e+01  0.000000e+00
   endloop
 endfacet
 facet normal -4.803291e-01  8.770884e-01  0.000000e+00
   outer loop
     vertex  1.523515e+00  2.361151e+01  3.000000e+00
     vertex  1.594775e+00  2.365054e+01  3.000000e+00
     vertex  1.594775e+00  2.365054e+01  0.000000e+00
   endloop
 endfacet
 facet normal -5.039039e-01  8.637597e-01  0.000000e+00
   outer loop
     vertex  1.453338e+00  2.357057e+01  3.000000e+00
     vertex  1.523515e+00  2.361151e+01  3.000000e+00
     vertex  1.453338e+00  2.357057e+01  0.000000e+00
   endloop
 endfacet
 facet normal -5.271092e-01  8.497975e-01  0.000000e+00
   outer loop
     vertex  1.453338e+00  2.357057e+01  3.000000e+00
     vertex  1.453338e+00  2.357057e+01  0.000000e+00
     vertex  1.384296e+00  2.352775e+01  0.000000e+00
   endloop
 endfacet
 facet normal -5.271092e-01  8.497975e-01  0.000000e+00
   outer loop
     vertex  1.384296e+00  2.352775e+01  3.000000e+00
     vertex  1.453338e+00  2.357057e+01  3.000000e+00
     vertex  1.384296e+00  2.352775e+01  0.000000e+00
   endloop
 endfacet
 facet normal -5.499279e-01  8.352121e-01  0.000000e+00
   outer loop
     vertex  1.316439e+00  2.348307e+01  3.000000e+00
     vertex  1.384296e+00  2.352775e+01  3.000000e+00
     vertex  1.384296e+00  2.352775e+01  0.000000e+00
   endloop
 endfacet
 facet normal -5.499279e-01  8.352121e-01  0.000000e+00
   outer loop
     vertex  1.316439e+00  2.348307e+01  3.000000e+00
     vertex  1.384296e+00  2.352775e+01  0.000000e+00
     vertex  1.316439e+00  2.348307e+01  0.000000e+00
   endloop
 endfacet
 facet normal -5.723433e-01  8.200141e-01  0.000000e+00
   outer loop
     vertex  1.316439e+00  2.348307e+01  3.000000e+00
     vertex  1.316439e+00  2.348307e+01  0.000000e+00
     vertex  1.249816e+00  2.343657e+01  0.000000e+00
   endloop
 endfacet
 facet normal -5.723433e-01  8.200141e-01  0.000000e+00
   outer loop
     vertex  1.249816e+00  2.343657e+01  3.000000e+00
     vertex  1.316439e+00  2.348307e+01  3.000000e+00
     vertex  1.249816e+00  2.343657e+01  0.000000e+00
   endloop
 endfacet
 facet normal -5.943389e-01  8.042147e-01  0.000000e+00
   outer loop
     vertex  1.184477e+00  2.338828e+01  3.000000e+00
     vertex  1.249816e+00  2.343657e+01  3.000000e+00
     vertex  1.249816e+00  2.343657e+01  0.000000e+00
   endloop
 endfacet
 facet normal -5.943389e-01  8.042147e-01  0.000000e+00
   outer loop
     vertex  1.184477e+00  2.338828e+01  3.000000e+00
     vertex  1.249816e+00  2.343657e+01  0.000000e+00
     vertex  1.184477e+00  2.338828e+01  0.000000e+00
   endloop
 endfacet
 facet normal -6.158986e-01  7.878255e-01  0.000000e+00
   outer loop
     vertex  1.184477e+00  2.338828e+01  3.000000e+00
     vertex  1.184477e+00  2.338828e+01  0.000000e+00
     vertex  1.120470e+00  2.333824e+01  0.000000e+00
   endloop
 endfacet
 facet normal -6.158986e-01  7.878255e-01  0.000000e+00
   outer loop
     vertex  1.120470e+00  2.333824e+01  3.000000e+00
     vertex  1.184477e+00  2.338828e+01  3.000000e+00
     vertex  1.120470e+00  2.333824e+01  0.000000e+00
   endloop
 endfacet
 facet normal -6.370065e-01  7.708584e-01  0.000000e+00
   outer loop
     vertex  1.057841e+00  2.328649e+01  3.000000e+00
     vertex  1.120470e+00  2.333824e+01  3.000000e+00
     vertex  1.120470e+00  2.333824e+01  0.000000e+00
   endloop
 endfacet
 facet normal -6.370065e-01  7.708584e-01  0.000000e+00
   outer loop
     vertex  1.057841e+00  2.328649e+01  3.000000e+00
     vertex  1.120470e+00  2.333824e+01  0.000000e+00
     vertex  1.057841e+00  2.328649e+01  0.000000e+00
   endloop
 endfacet
 facet normal -6.576473e-01  7.533260e-01  0.000000e+00
   outer loop
     vertex  1.057841e+00  2.328649e+01  3.000000e+00
     vertex  1.057841e+00  2.328649e+01  0.000000e+00
     vertex  9.966367e-01  2.323306e+01  0.000000e+00
   endloop
 endfacet
 facet normal -6.576473e-01  7.533260e-01  0.000000e+00
   outer loop
     vertex  9.966367e-01  2.323306e+01  3.000000e+00
     vertex  1.057841e+00  2.328649e+01  3.000000e+00
     vertex  9.966367e-01  2.323306e+01  0.000000e+00
   endloop
 endfacet
 facet normal -6.778058e-01  7.352410e-01  0.000000e+00
   outer loop
     vertex  9.369016e-01  2.317799e+01  3.000000e+00
     vertex  9.966367e-01  2.323306e+01  3.000000e+00
     vertex  9.966367e-01  2.323306e+01  0.000000e+00
   endloop
 endfacet
 facet normal -6.778058e-01  7.352410e-01  0.000000e+00
   outer loop
     vertex  9.369016e-01  2.317799e+01  3.000000e+00
     vertex  9.966367e-01  2.323306e+01  0.000000e+00
     vertex  9.369016e-01  2.317799e+01  0.000000e+00
   endloop
 endfacet
 facet normal -6.974671e-01  7.166168e-01  0.000000e+00
   outer loop
     vertex  8.786797e-01  2.312132e+01  3.000000e+00
     vertex  9.369016e-01  2.317799e+01  3.000000e+00
     vertex  9.369016e-01  2.317799e+01  0.000000e+00
   endloop
 endfacet
 facet normal -6.974671e-01  7.166168e-01  0.000000e+00
   outer loop
     vertex  8.786797e-01  2.312132e+01  3.000000e+00
     vertex  9.369016e-01  2.317799e+01  0.000000e+00
     vertex  8.786797e-01  2.312132e+01  0.000000e+00
   endloop
 endfacet
 facet normal -7.166168e-01  6.974671e-01  0.000000e+00
   outer loop
     vertex  8.786797e-01  2.312132e+01  3.000000e+00
     vertex  8.786797e-01  2.312132e+01  0.000000e+00
     vertex  8.220135e-01  2.306310e+01  0.000000e+00
   endloop
 endfacet
 facet normal -7.166168e-01  6.974671e-01  0.000000e+00
   outer loop
     vertex  8.220135e-01  2.306310e+01  3.000000e+00
     vertex  8.786797e-01  2.312132e+01  3.000000e+00
     vertex  8.220135e-01  2.306310e+01  0.000000e+00
   endloop
 endfacet
 facet normal -7.352410e-01  6.778058e-01  0.000000e+00
   outer loop
     vertex  7.669448e-01  2.300336e+01  3.000000e+00
     vertex  8.220135e-01  2.306310e+01  3.000000e+00
     vertex  8.220135e-01  2.306310e+01  0.000000e+00
   endloop
 endfacet
 facet normal -7.352410e-01  6.778058e-01  0.000000e+00
   outer loop
     vertex  7.669448e-01  2.300336e+01  3.000000e+00
     vertex  8.220135e-01  2.306310e+01  0.000000e+00
     vertex  7.669448e-01  2.300336e+01  0.000000e+00
   endloop
 endfacet
 facet normal -7.533260e-01  6.576473e-01  0.000000e+00
   outer loop
     vertex  7.135138e-01  2.294216e+01  3.000000e+00
     vertex  7.669448e-01  2.300336e+01  3.000000e+00
     vertex  7.669448e-01  2.300336e+01  0.000000e+00
   endloop
 endfacet
 facet normal -7.533260e-01  6.576473e-01  0.000000e+00
   outer loop
     vertex  7.135138e-01  2.294216e+01  3.000000e+00
     vertex  7.669448e-01  2.300336e+01  0.000000e+00
     vertex  7.135138e-01  2.294216e+01  0.000000e+00
   endloop
 endfacet
 facet normal -7.708584e-01  6.370065e-01  0.000000e+00
   outer loop
     vertex  6.617599e-01  2.287953e+01  3.000000e+00
     vertex  7.135138e-01  2.294216e+01  3.000000e+00
     vertex  7.135138e-01  2.294216e+01  0.000000e+00
   endloop
 endfacet
 facet normal -7.708584e-01  6.370065e-01  0.000000e+00
   outer loop
     vertex  6.617599e-01  2.287953e+01  3.000000e+00
     vertex  7.135138e-01  2.294216e+01  0.000000e+00
     vertex  6.617599e-01  2.287953e+01  0.000000e+00
   endloop
 endfacet
 facet normal -7.878255e-01  6.158986e-01  0.000000e+00
   outer loop
     vertex  6.617599e-01  2.287953e+01  3.000000e+00
     vertex  6.617599e-01  2.287953e+01  0.000000e+00
     vertex  6.117208e-01  2.281552e+01  0.000000e+00
   endloop
 endfacet
 facet normal -7.878255e-01  6.158986e-01  0.000000e+00
   outer loop
     vertex  6.117208e-01  2.281552e+01  3.000000e+00
     vertex  6.617599e-01  2.287953e+01  3.000000e+00
     vertex  6.117208e-01  2.281552e+01  0.000000e+00
   endloop
 endfacet
 facet normal -8.042147e-01  5.943389e-01  0.000000e+00
   outer loop
     vertex  6.117208e-01  2.281552e+01  3.000000e+00
     vertex  6.117208e-01  2.281552e+01  0.000000e+00
     vertex  5.634334e-01  2.275018e+01  0.000000e+00
   endloop
 endfacet
 facet normal -8.042147e-01  5.943389e-01  0.000000e+00
   outer loop
     vertex  5.634334e-01  2.275018e+01  3.000000e+00
     vertex  6.117208e-01  2.281552e+01  3.000000e+00
     vertex  5.634334e-01  2.275018e+01  0.000000e+00
   endloop
 endfacet
 facet normal -8.200141e-01  5.723433e-01  0.000000e+00
   outer loop
     vertex  5.169330e-01  2.268356e+01  3.000000e+00
     vertex  5.634334e-01  2.275018e+01  3.000000e+00
     vertex  5.634334e-01  2.275018e+01  0.000000e+00
   endloop
 endfacet
 facet normal -8.200141e-01  5.723433e-01  0.000000e+00
   outer loop
     vertex  5.169330e-01  2.268356e+01  3.000000e+00
     vertex  5.634334e-01  2.275018e+01  0.000000e+00
     vertex  5.169330e-01  2.268356e+01  0.000000e+00
   endloop
 endfacet
 facet normal -8.352121e-01  5.499279e-01  0.000000e+00
   outer loop
     vertex  4.722538e-01  2.261570e+01  3.000000e+00
     vertex  5.169330e-01  2.268356e+01  3.000000e+00
     vertex  5.169330e-01  2.268356e+01  0.000000e+00
   endloop
 endfacet
 facet normal -8.352121e-01  5.499279e-01  0.000000e+00
   outer loop
     vertex  4.722538e-01  2.261570e+01  3.000000e+00
     vertex  5.169330e-01  2.268356e+01  0.000000e+00
     vertex  4.722538e-01  2.261570e+01  0.000000e+00
   endloop
 endfacet
 facet normal -8.497975e-01  5.271092e-01  0.000000e+00
   outer loop
     vertex  4.294285e-01  2.254666e+01  3.000000e+00
     vertex  4.722538e-01  2.261570e+01  3.000000e+00
     vertex  4.722538e-01  2.261570e+01  0.000000e+00
   endloop
 endfacet
 facet normal -8.497975e-01  5.271092e-01  0.000000e+00
   outer loop
     vertex  4.294285e-01  2.254666e+01  3.000000e+00
     vertex  4.722538e-01  2.261570e+01  0.000000e+00
     vertex  4.294285e-01  2.254666e+01  0.000000e+00
   endloop
 endfacet
 facet normal -8.637597e-01  5.039039e-01  0.000000e+00
   outer loop
     vertex  3.884885e-01  2.247648e+01  3.000000e+00
     vertex  4.294285e-01  2.254666e+01  3.000000e+00
     vertex  4.294285e-01  2.254666e+01  0.000000e+00
   endloop
 endfacet
 facet normal -8.637597e-01  5.039039e-01  0.000000e+00
   outer loop
     vertex  3.884885e-01  2.247648e+01  3.000000e+00
     vertex  4.294285e-01  2.254666e+01  0.000000e+00
     vertex  3.884885e-01  2.247648e+01  0.000000e+00
   endloop
 endfacet
 facet normal -8.770884e-01  4.803291e-01  0.000000e+00
   outer loop
     vertex  3.494639e-01  2.240523e+01  3.000000e+00
     vertex  3.884885e-01  2.247648e+01  3.000000e+00
     vertex  3.884885e-01  2.247648e+01  0.000000e+00
   endloop
 endfacet
 facet normal -8.770884e-01  4.803291e-01  0.000000e+00
   outer loop
     vertex  3.494639e-01  2.240523e+01  3.000000e+00
     vertex  3.884885e-01  2.247648e+01  0.000000e+00
     vertex  3.494639e-01  2.240523e+01  0.000000e+00
   endloop
 endfacet
 facet normal -9.018065e-01  4.321400e-01  0.000000e+00
   outer loop
     vertex  3.123832e-01  2.233294e+01  3.000000e+00
     vertex  3.123832e-01  2.233294e+01  0.000000e+00
     vertex  2.772737e-01  2.225967e+01  0.000000e+00
   endloop
 endfacet
 facet normal -8.897737e-01  4.564019e-01  0.000000e+00
   outer loop
     vertex  3.123832e-01  2.233294e+01  3.000000e+00
     vertex  3.494639e-01  2.240523e+01  3.000000e+00
     vertex  3.494639e-01  2.240523e+01  0.000000e+00
   endloop
 endfacet
 facet normal -8.897737e-01  4.564019e-01  0.000000e+00
   outer loop
     vertex  3.123832e-01  2.233294e+01  3.000000e+00
     vertex  3.494639e-01  2.240523e+01  0.000000e+00
     vertex  3.123832e-01  2.233294e+01  0.000000e+00
   endloop
 endfacet
 facet normal -9.018065e-01  4.321400e-01  0.000000e+00
   outer loop
     vertex  2.772737e-01  2.225967e+01  3.000000e+00
     vertex  3.123832e-01  2.233294e+01  3.000000e+00
     vertex  2.772737e-01  2.225967e+01  0.000000e+00
   endloop
 endfacet
 facet normal -9.131779e-01  4.075612e-01  0.000000e+00
   outer loop
     vertex  2.441612e-01  2.218548e+01  3.000000e+00
     vertex  2.772737e-01  2.225967e+01  0.000000e+00
     vertex  2.441612e-01  2.218548e+01  0.000000e+00
   endloop
 endfacet
 facet normal -9.238795e-01  3.826834e-01  0.000000e+00
   outer loop
     vertex  2.441612e-01  2.218548e+01  3.000000e+00
     vertex  2.441612e-01  2.218548e+01  0.000000e+00
     vertex  2.130698e-01  2.211041e+01  0.000000e+00
   endloop
 endfacet
 facet normal -9.131779e-01  4.075612e-01  0.000000e+00
   outer loop
     vertex  2.441612e-01  2.218548e+01  3.000000e+00
     vertex  2.772737e-01  2.225967e+01  3.000000e+00
     vertex  2.772737e-01  2.225967e+01  0.000000e+00
   endloop
 endfacet
 facet normal -9.238795e-01  3.826834e-01  0.000000e+00
   outer loop
     vertex  2.130698e-01  2.211041e+01  3.000000e+00
     vertex  2.441612e-01  2.218548e+01  3.000000e+00
     vertex  2.130698e-01  2.211041e+01  0.000000e+00
   endloop
 endfacet
 facet normal -9.339036e-01  3.575250e-01  0.000000e+00
   outer loop
     vertex  1.840225e-01  2.203454e+01  3.000000e+00
     vertex  2.130698e-01  2.211041e+01  3.000000e+00
     vertex  2.130698e-01  2.211041e+01  0.000000e+00
   endloop
 endfacet
 facet normal -9.339036e-01  3.575250e-01  0.000000e+00
   outer loop
     vertex  1.840225e-01  2.203454e+01  3.000000e+00
     vertex  2.130698e-01  2.211041e+01  0.000000e+00
     vertex  1.840225e-01  2.203454e+01  0.000000e+00
   endloop
 endfacet
 facet normal -9.432426e-01  3.321044e-01  0.000000e+00
   outer loop
     vertex  1.570405e-01  2.195790e+01  3.000000e+00
     vertex  1.840225e-01  2.203454e+01  3.000000e+00
     vertex  1.840225e-01  2.203454e+01  0.000000e+00
   endloop
 endfacet
 facet normal -9.432426e-01  3.321044e-01  0.000000e+00
   outer loop
     vertex  1.570405e-01  2.195790e+01  3.000000e+00
     vertex  1.840225e-01  2.203454e+01  0.000000e+00
     vertex  1.570405e-01  2.195790e+01  0.000000e+00
   endloop
 endfacet
 facet normal -9.518899e-01  3.064401e-01  0.000000e+00
   outer loop
     vertex  1.321436e-01  2.188057e+01  3.000000e+00
     vertex  1.570405e-01  2.195790e+01  0.000000e+00
     vertex  1.321436e-01  2.188057e+01  0.000000e+00
   endloop
 endfacet
 facet normal -9.518899e-01  3.064401e-01  0.000000e+00
   outer loop
     vertex  1.321436e-01  2.188057e+01  3.000000e+00
     vertex  1.570405e-01  2.195790e+01  3.000000e+00
     vertex  1.570405e-01  2.195790e+01  0.000000e+00
   endloop
 endfacet
 facet normal -9.598391e-01  2.805512e-01  0.000000e+00
   outer loop
     vertex  1.093500e-01  2.180259e+01  3.000000e+00
     vertex  1.321436e-01  2.188057e+01  0.000000e+00
     vertex  1.093500e-01  2.180259e+01  0.000000e+00
   endloop
 endfacet
 facet normal -9.598391e-01  2.805512e-01  0.000000e+00
   outer loop
     vertex  1.093500e-01  2.180259e+01  3.000000e+00
     vertex  1.321436e-01  2.188057e+01  3.000000e+00
     vertex  1.321436e-01  2.188057e+01  0.000000e+00
   endloop
 endfacet
 facet normal -9.670842e-01  2.544564e-01  0.000000e+00
   outer loop
     vertex  8.867656e-02  2.172401e+01  3.000000e+00
     vertex  1.093500e-01  2.180259e+01  0.000000e+00
     vertex  8.867656e-02  2.172401e+01  0.000000e+00
   endloop
 endfacet
 facet normal -9.670842e-01  2.544564e-01  0.000000e+00
   outer loop
     vertex  8.867656e-02  2.172401e+01  3.000000e+00
     vertex  1.093500e-01  2.180259e+01  3.000000e+00
     vertex  1.093500e-01  2.180259e+01  0.000000e+00
   endloop
 endfacet
 facet normal -9.736201e-01  2.281751e-01  0.000000e+00
   outer loop
     vertex  7.013833e-02  2.164491e+01  3.000000e+00
     vertex  8.867656e-02  2.172401e+01  0.000000e+00
     vertex  7.013833e-02  2.164491e+01  0.000000e+00
   endloop
 endfacet
 facet normal -9.736201e-01  2.281751e-01  0.000000e+00
   outer loop
     vertex  7.013833e-02  2.164491e+01  3.000000e+00
     vertex  8.867656e-02  2.172401e+01  3.000000e+00
     vertex  8.867656e-02  2.172401e+01  0.000000e+00
   endloop
 endfacet
 facet normal -9.794419e-01  2.017264e-01  0.000000e+00
   outer loop
     vertex  5.374895e-02  2.156534e+01  3.000000e+00
     vertex  7.013833e-02  2.164491e+01  0.000000e+00
     vertex  5.374895e-02  2.156534e+01  0.000000e+00
   endloop
 endfacet
 facet normal -9.794419e-01  2.017264e-01  0.000000e+00
   outer loop
     vertex  5.374895e-02  2.156534e+01  3.000000e+00
     vertex  7.013833e-02  2.164491e+01  3.000000e+00
     vertex  7.013833e-02  2.164491e+01  0.000000e+00
   endloop
 endfacet
 facet normal -9.845454e-01  1.751297e-01  0.000000e+00
   outer loop
     vertex  3.952043e-02  2.148535e+01  3.000000e+00
     vertex  5.374895e-02  2.156534e+01  0.000000e+00
     vertex  3.952043e-02  2.148535e+01  0.000000e+00
   endloop
 endfacet
 facet normal -9.845454e-01  1.751297e-01  0.000000e+00
   outer loop
     vertex  3.952043e-02  2.148535e+01  3.000000e+00
     vertex  5.374895e-02  2.156534e+01  3.000000e+00
     vertex  5.374895e-02  2.156534e+01  0.000000e+00
   endloop
 endfacet
 facet normal -9.889267e-01  1.484046e-01  0.000000e+00
   outer loop
     vertex  2.746321e-02  2.140500e+01  3.000000e+00
     vertex  3.952043e-02  2.148535e+01  0.000000e+00
     vertex  2.746321e-02  2.140500e+01  0.000000e+00
   endloop
 endfacet
 facet normal -9.889267e-01  1.484046e-01  0.000000e+00
   outer loop
     vertex  2.746321e-02  2.140500e+01  3.000000e+00
     vertex  3.952043e-02  2.148535e+01  3.000000e+00
     vertex  3.952043e-02  2.148535e+01  0.000000e+00
   endloop
 endfacet
 facet normal -9.925828e-01  1.215707e-01  0.000000e+00
   outer loop
     vertex  1.758613e-02  2.132436e+01  3.000000e+00
     vertex  2.746321e-02  2.140500e+01  0.000000e+00
     vertex  1.758613e-02  2.132436e+01  0.000000e+00
   endloop
 endfacet
 facet normal -9.925828e-01  1.215707e-01  0.000000e+00
   outer loop
     vertex  1.758613e-02  2.132436e+01  3.000000e+00
     vertex  2.746321e-02  2.140500e+01  3.000000e+00
     vertex  2.746321e-02  2.140500e+01  0.000000e+00
   endloop
 endfacet
 facet normal -9.955108e-01  9.464755e-02  0.000000e+00
   outer loop
     vertex  9.896431e-03  2.124348e+01  3.000000e+00
     vertex  1.758613e-02  2.132436e+01  0.000000e+00
     vertex  9.896431e-03  2.124348e+01  0.000000e+00
   endloop
 endfacet
 facet normal -9.955108e-01  9.464755e-02  0.000000e+00
   outer loop
     vertex  9.896431e-03  2.124348e+01  3.000000e+00
     vertex  1.758613e-02  2.132436e+01  3.000000e+00
     vertex  1.758613e-02  2.132436e+01  0.000000e+00
   endloop
 endfacet
 facet normal -9.977088e-01  6.765502e-02  0.000000e+00
   outer loop
     vertex  4.399758e-03  2.116242e+01  3.000000e+00
     vertex  9.896431e-03  2.124348e+01  0.000000e+00
     vertex  4.399758e-03  2.116242e+01  0.000000e+00
   endloop
 endfacet
 facet normal -9.977088e-01  6.765502e-02  0.000000e+00
   outer loop
     vertex  4.399758e-03  2.116242e+01  3.000000e+00
     vertex  9.896431e-03  2.124348e+01  3.000000e+00
     vertex  9.896431e-03  2.124348e+01  0.000000e+00
   endloop
 endfacet
 facet normal -9.991750e-01  4.061287e-02  0.000000e+00
   outer loop
     vertex  1.100141e-03  2.108124e+01  3.000000e+00
     vertex  4.399758e-03  2.116242e+01  0.000000e+00
     vertex  1.100141e-03  2.108124e+01  0.000000e+00
   endloop
 endfacet
 facet normal -9.991750e-01  4.061287e-02  0.000000e+00
   outer loop
     vertex  1.100141e-03  2.108124e+01  3.000000e+00
     vertex  4.399758e-03  2.116242e+01  3.000000e+00
     vertex  4.399758e-03  2.116242e+01  0.000000e+00
   endloop
 endfacet
 facet normal -9.999083e-01  1.354093e-02  0.000000e+00
   outer loop
     vertex  0.000000e+00  2.100000e+01  3.000000e+00
     vertex  1.100141e-03  2.108124e+01  3.000000e+00
     vertex  1.100141e-03  2.108124e+01  0.000000e+00
   endloop
 endfacet
 facet normal -9.999083e-01  1.354093e-02  0.000000e+00
   outer loop
     vertex  0.000000e+00  2.100000e+01  3.000000e+00
     vertex  1.100141e-03  2.108124e+01  0.000000e+00
     vertex  0.000000e+00  2.100000e+01  0.000000e+00
   endloop
 endfacet
 facet normal  1.354093e-02 -9.999083e-01  0.000000e+00
   outer loop
     vertex  6.708124e+01  1.100141e-03  3.000000e+00
     vertex  6.700000e+01  0.000000e+00  3.000000e+00
     vertex  6.700000e+01  0.000000e+00  0.000000e+00
   endloop
 endfacet
 facet normal  1.354093e-02 -9.999083e-01  0.000000e+00
   outer loop
     vertex  6.708124e+01  1.100141e-03  3.000000e+00
     vertex  6.700000e+01  0.000000e+00  0.000000e+00
     vertex  6.708124e+01  1.100141e-03  0.000000e+00
   endloop
 endfacet
 facet normal  4.061287e-02 -9.991750e-01  0.000000e+00
   outer loop
     vertex  6.716242e+01  4.399758e-03  3.000000e+00
     vertex  6.708124e+01  1.100141e-03  3.000000e+00
     vertex  6.708124e+01  1.100141e-03  0.000000e+00
   endloop
 endfacet
 facet normal  4.061287e-02 -9.991750e-01  0.000000e+00
   outer loop
     vertex  6.716242e+01  4.399758e-03  3.000000e+00
     vertex  6.708124e+01  1.100141e-03  0.000000e+00
     vertex  6.716242e+01  4.399758e-03  0.000000e+00
   endloop
 endfacet
 facet normal  6.765502e-02 -9.977088e-01  0.000000e+00
   outer loop
     vertex  6.724348e+01  9.896431e-03  3.000000e+00
     vertex  6.716242e+01  4.399758e-03  3.000000e+00
     vertex  6.716242e+01  4.399758e-03  0.000000e+00
   endloop
 endfacet
 facet normal  6.765502e-02 -9.977088e-01  0.000000e+00
   outer loop
     vertex  6.724348e+01  9.896431e-03  3.000000e+00
     vertex  6.716242e+01  4.399758e-03  0.000000e+00
     vertex  6.724348e+01  9.896431e-03  0.000000e+00
   endloop
 endfacet
 facet normal  9.464755e-02 -9.955108e-01  0.000000e+00
   outer loop
     vertex  6.732436e+01  1.758613e-02  3.000000e+00
     vertex  6.724348e+01  9.896431e-03  3.000000e+00
     vertex  6.724348e+01  9.896431e-03  0.000000e+00
   endloop
 endfacet
 facet normal  9.464755e-02 -9.955108e-01  0.000000e+00
   outer loop
     vertex  6.732436e+01  1.758613e-02  3.000000e+00
     vertex  6.724348e+01  9.896431e-03  0.000000e+00
     vertex  6.732436e+01  1.758613e-02  0.000000e+00
   endloop
 endfacet
 facet normal  1.215707e-01 -9.925828e-01  0.000000e+00
   outer loop
     vertex  6.732436e+01  1.758613e-02  3.000000e+00
     vertex  6.732436e+01  1.758613e-02  0.000000e+00
     vertex  6.740500e+01  2.746321e-02  0.000000e+00
   endloop
 endfacet
 facet normal  1.215707e-01 -9.925828e-01  0.000000e+00
   outer loop
     vertex  6.740500e+01  2.746321e-02  3.000000e+00
     vertex  6.732436e+01  1.758613e-02  3.000000e+00
     vertex  6.740500e+01  2.746321e-02  0.000000e+00
   endloop
 endfacet
 facet normal  1.484046e-01 -9.889267e-01  0.000000e+00
   outer loop
     vertex  6.748535e+01  3.952043e-02  3.000000e+00
     vertex  6.740500e+01  2.746321e-02  3.000000e+00
     vertex  6.740500e+01  2.746321e-02  0.000000e+00
   endloop
 endfacet
 facet normal  1.484046e-01 -9.889267e-01  0.000000e+00
   outer loop
     vertex  6.748535e+01  3.952043e-02  3.000000e+00
     vertex  6.740500e+01  2.746321e-02  0.000000e+00
     vertex  6.748535e+01  3.952043e-02  0.000000e+00
   endloop
 endfacet
 facet normal  1.751297e-01 -9.845454e-01  0.000000e+00
   outer loop
     vertex  6.756534e+01  5.374895e-02  3.000000e+00
     vertex  6.748535e+01  3.952043e-02  3.000000e+00
     vertex  6.748535e+01  3.952043e-02  0.000000e+00
   endloop
 endfacet
 facet normal  1.751297e-01 -9.845454e-01  0.000000e+00
   outer loop
     vertex  6.756534e+01  5.374895e-02  3.000000e+00
     vertex  6.748535e+01  3.952043e-02  0.000000e+00
     vertex  6.756534e+01  5.374895e-02  0.000000e+00
   endloop
 endfacet
 facet normal  2.017264e-01 -9.794419e-01  0.000000e+00
   outer loop
     vertex  6.764491e+01  7.013833e-02  3.000000e+00
     vertex  6.756534e+01  5.374895e-02  3.000000e+00
     vertex  6.756534e+01  5.374895e-02  0.000000e+00
   endloop
 endfacet
 facet normal  2.017264e-01 -9.794419e-01  0.000000e+00
   outer loop
     vertex  6.764491e+01  7.013833e-02  3.000000e+00
     vertex  6.756534e+01  5.374895e-02  0.000000e+00
     vertex  6.764491e+01  7.013833e-02  0.000000e+00
   endloop
 endfacet
 facet normal  2.281751e-01 -9.736201e-01  0.000000e+00
   outer loop
     vertex  6.772401e+01  8.867656e-02  3.000000e+00
     vertex  6.764491e+01  7.013833e-02  3.000000e+00
     vertex  6.764491e+01  7.013833e-02  0.000000e+00
   endloop
 endfacet
 facet normal  2.281751e-01 -9.736201e-01  0.000000e+00
   outer loop
     vertex  6.772401e+01  8.867656e-02  3.000000e+00
     vertex  6.764491e+01  7.013833e-02  0.000000e+00
     vertex  6.772401e+01  8.867656e-02  0.000000e+00
   endloop
 endfacet
 facet normal  2.544564e-01 -9.670842e-01  0.000000e+00
   outer loop
     vertex  6.772401e+01  8.867656e-02  3.000000e+00
     vertex  6.772401e+01  8.867656e-02  0.000000e+00
     vertex  6.780259e+01  1.093500e-01  0.000000e+00
   endloop
 endfacet
 facet normal  2.544564e-01 -9.670842e-01  0.000000e+00
   outer loop
     vertex  6.780259e+01  1.093500e-01  3.000000e+00
     vertex  6.772401e+01  8.867656e-02  3.000000e+00
     vertex  6.780259e+01  1.093500e-01  0.000000e+00
   endloop
 endfacet
 facet normal  2.805512e-01 -9.598391e-01  0.000000e+00
   outer loop
     vertex  6.788057e+01  1.321436e-01  3.000000e+00
     vertex  6.780259e+01  1.093500e-01  3.000000e+00
     vertex  6.780259e+01  1.093500e-01  0.000000e+00
   endloop
 endfacet
 facet normal  2.805512e-01 -9.598391e-01  0.000000e+00
   outer loop
     vertex  6.788057e+01  1.321436e-01  3.000000e+00
     vertex  6.780259e+01  1.093500e-01  0.000000e+00
     vertex  6.788057e+01  1.321436e-01  0.000000e+00
   endloop
 endfacet
 facet normal  3.064401e-01 -9.518899e-01  0.000000e+00
   outer loop
     vertex  6.795790e+01  1.570405e-01  3.000000e+00
     vertex  6.788057e+01  1.321436e-01  3.000000e+00
     vertex  6.788057e+01  1.321436e-01  0.000000e+00
   endloop
 endfacet
 facet normal  3.064401e-01 -9.518899e-01  0.000000e+00
   outer loop
     vertex  6.795790e+01  1.570405e-01  3.000000e+00
     vertex  6.788057e+01  1.321436e-01  0.000000e+00
     vertex  6.795790e+01  1.570405e-01  0.000000e+00
   endloop
 endfacet
 facet normal  3.321044e-01 -9.432426e-01  0.000000e+00
   outer loop
     vertex  6.803454e+01  1.840225e-01  3.000000e+00
     vertex  6.795790e+01  1.570405e-01  0.000000e+00
     vertex  6.803454e+01  1.840225e-01  0.000000e+00
   endloop
 endfacet
 facet normal  3.321044e-01 -9.432426e-01  0.000000e+00
   outer loop
     vertex  6.803454e+01  1.840225e-01  3.000000e+00
     vertex  6.795790e+01  1.570405e-01  3.000000e+00
     vertex  6.795790e+01  1.570405e-01  0.000000e+00
   endloop
 endfacet
 facet normal  3.575250e-01 -9.339036e-01  0.000000e+00
   outer loop
     vertex  6.811041e+01  2.130698e-01  3.000000e+00
     vertex  6.803454e+01  1.840225e-01  0.000000e+00
     vertex  6.811041e+01  2.130698e-01  0.000000e+00
   endloop
 endfacet
 facet normal  3.575250e-01 -9.339036e-01  0.000000e+00
   outer loop
     vertex  6.811041e+01  2.130698e-01  3.000000e+00
     vertex  6.803454e+01  1.840225e-01  3.000000e+00
     vertex  6.803454e+01  1.840225e-01  0.000000e+00
   endloop
 endfacet
 facet normal  3.826834e-01 -9.238795e-01  0.000000e+00
   outer loop
     vertex  6.818548e+01  2.441612e-01  3.000000e+00
     vertex  6.811041e+01  2.130698e-01  0.000000e+00
     vertex  6.818548e+01  2.441612e-01  0.000000e+00
   endloop
 endfacet
 facet normal  4.075612e-01 -9.131779e-01  0.000000e+00
   outer loop
     vertex  6.818548e+01  2.441612e-01  3.000000e+00
     vertex  6.818548e+01  2.441612e-01  0.000000e+00
     vertex  6.825967e+01  2.772737e-01  0.000000e+00
   endloop
 endfacet
 facet normal  3.826834e-01 -9.238795e-01  0.000000e+00
   outer loop
     vertex  6.818548e+01  2.441612e-01  3.000000e+00
     vertex  6.811041e+01  2.130698e-01  3.000000e+00
     vertex  6.811041e+01  2.130698e-01  0.000000e+00
   endloop
 endfacet
 facet normal  4.075612e-01 -9.131779e-01  0.000000e+00
   outer loop
     vertex  6.825967e+01  2.772737e-01  3.000000e+00
     vertex  6.818548e+01  2.441612e-01  3.000000e+00
     vertex  6.825967e+01  2.772737e-01  0.000000e+00
   endloop
 endfacet
 facet normal  4.321400e-01 -9.018065e-01  0.000000e+00
   outer loop
     vertex  6.833294e+01  3.123832e-01  3.000000e+00
     vertex  6.825967e+01  2.772737e-01  0.000000e+00
     vertex  6.833294e+01  3.123832e-01  0.000000e+00
   endloop
 endfacet
 facet normal  4.564019e-01 -8.897737e-01  0.000000e+00
   outer loop
     vertex  6.833294e+01  3.123832e-01  3.000000e+00
     vertex  6.833294e+01  3.123832e-01  0.000000e+00
     vertex  6.840523e+01  3.494639e-01  0.000000e+00
   endloop
 endfacet
 facet normal  4.321400e-01 -9.018065e-01  0.000000e+00
   outer loop
     vertex  6.833294e+01  3.123832e-01  3.000000e+00
     vertex  6.825967e+01  2.772737e-01  3.000000e+00
     vertex  6.825967e+01  2.772737e-01  0.000000e+00
   endloop
 endfacet
 facet normal  4.564019e-01 -8.897737e-01  0.000000e+00
   outer loop
     vertex  6.840523e+01  3.494639e-01  3.000000e+00
     vertex  6.833294e+01  3.123832e-01  3.000000e+00
     vertex  6.840523e+01  3.494639e-01  0.000000e+00
   endloop
 endfacet
 facet normal  4.803291e-01 -8.770884e-01  0.000000e+00
   outer loop
     vertex  6.847648e+01  3.884885e-01  3.000000e+00
     vertex  6.840523e+01  3.494639e-01  0.000000e+00
     vertex  6.847648e+01  3.884885e-01  0.000000e+00
   endloop
 endfacet
 facet normal  4.803291e-01 -8.770884e-01  0.000000e+00
   outer loop
     vertex  6.847648e+01  3.884885e-01  3.000000e+00
     vertex  6.840523e+01  3.494639e-01  3.000000e+00
     vertex  6.840523e+01  3.494639e-01  0.000000e+00
   endloop
 endfacet
 facet normal  5.039039e-01 -8.637597e-01  0.000000e+00
   outer loop
     vertex  6.854666e+01  4.294285e-01  3.000000e+00
     vertex  6.847648e+01  3.884885e-01  0.000000e+00
     vertex  6.854666e+01  4.294285e-01  0.000000e+00
   endloop
 endfacet
 facet normal  5.039039e-01 -8.637597e-01  0.000000e+00
   outer loop
     vertex  6.854666e+01  4.294285e-01  3.000000e+00
     vertex  6.847648e+01  3.884885e-01  3.000000e+00
     vertex  6.847648e+01  3.884885e-01  0.000000e+00
   endloop
 endfacet
 facet normal  5.271092e-01 -8.497975e-01  0.000000e+00
   outer loop
     vertex  6.861570e+01  4.722538e-01  3.000000e+00
     vertex  6.854666e+01  4.294285e-01  3.000000e+00
     vertex  6.854666e+01  4.294285e-01  0.000000e+00
   endloop
 endfacet
 facet normal  5.271092e-01 -8.497975e-01  0.000000e+00
   outer loop
     vertex  6.861570e+01  4.722538e-01  3.000000e+00
     vertex  6.854666e+01  4.294285e-01  0.000000e+00
     vertex  6.861570e+01  4.722538e-01  0.000000e+00
   endloop
 endfacet
 facet normal  5.499279e-01 -8.352121e-01  0.000000e+00
   outer loop
     vertex  6.861570e+01  4.722538e-01  3.000000e+00
     vertex  6.861570e+01  4.722538e-01  0.000000e+00
     vertex  6.868356e+01  5.169330e-01  0.000000e+00
   endloop
 endfacet
 facet normal  5.499279e-01 -8.352121e-01  0.000000e+00
   outer loop
     vertex  6.868356e+01  5.169330e-01  3.000000e+00
     vertex  6.861570e+01  4.722538e-01  3.000000e+00
     vertex  6.868356e+01  5.169330e-01  0.000000e+00
   endloop
 endfacet
 facet normal  5.723433e-01 -8.200141e-01  0.000000e+00
   outer loop
     vertex  6.868356e+01  5.169330e-01  3.000000e+00
     vertex  6.868356e+01  5.169330e-01  0.000000e+00
     vertex  6.875018e+01  5.634334e-01  0.000000e+00
   endloop
 endfacet
 facet normal  5.723433e-01 -8.200141e-01  0.000000e+00
   outer loop
     vertex  6.875018e+01  5.634334e-01  3.000000e+00
     vertex  6.868356e+01  5.169330e-01  3.000000e+00
     vertex  6.875018e+01  5.634334e-01  0.000000e+00
   endloop
 endfacet
 facet normal  5.943389e-01 -8.042147e-01  0.000000e+00
   outer loop
     vertex  6.875018e+01  5.634334e-01  3.000000e+00
     vertex  6.875018e+01  5.634334e-01  0.000000e+00
     vertex  6.881552e+01  6.117208e-01  0.000000e+00
   endloop
 endfacet
 facet normal  5.943389e-01 -8.042147e-01  0.000000e+00
   outer loop
     vertex  6.881552e+01  6.117208e-01  3.000000e+00
     vertex  6.875018e+01  5.634334e-01  3.000000e+00
     vertex  6.881552e+01  6.117208e-01  0.000000e+00
   endloop
 endfacet
 facet normal  6.158986e-01 -7.878255e-01  0.000000e+00
   outer loop
     vertex  6.887953e+01  6.617599e-01  3.000000e+00
     vertex  6.881552e+01  6.117208e-01  3.000000e+00
     vertex  6.881552e+01  6.117208e-01  0.000000e+00
   endloop
 endfacet
 facet normal  6.158986e-01 -7.878255e-01  0.000000e+00
   outer loop
     vertex  6.887953e+01  6.617599e-01  3.000000e+00
     vertex  6.881552e+01  6.117208e-01  0.000000e+00
     vertex  6.887953e+01  6.617599e-01  0.000000e+00
   endloop
 endfacet
 facet normal  6.370065e-01 -7.708584e-01  0.000000e+00
   outer loop
     vertex  6.887953e+01  6.617599e-01  3.000000e+00
     vertex  6.887953e+01  6.617599e-01  0.000000e+00
     vertex  6.894216e+01  7.135138e-01  0.000000e+00
   endloop
 endfacet
 facet normal  6.370065e-01 -7.708584e-01  0.000000e+00
   outer loop
     vertex  6.894216e+01  7.135138e-01  3.000000e+00
     vertex  6.887953e+01  6.617599e-01  3.000000e+00
     vertex  6.894216e+01  7.135138e-01  0.000000e+00
   endloop
 endfacet
 facet normal  6.576473e-01 -7.533260e-01  0.000000e+00
   outer loop
     vertex  6.894216e+01  7.135138e-01  3.000000e+00
     vertex  6.894216e+01  7.135138e-01  0.000000e+00
     vertex  6.900336e+01  7.669448e-01  0.000000e+00
   endloop
 endfacet
 facet normal  6.576473e-01 -7.533260e-01  0.000000e+00
   outer loop
     vertex  6.900336e+01  7.669448e-01  3.000000e+00
     vertex  6.894216e+01  7.135138e-01  3.000000e+00
     vertex  6.900336e+01  7.669448e-01  0.000000e+00
   endloop
 endfacet
 facet normal  6.778058e-01 -7.352410e-01  0.000000e+00
   outer loop
     vertex  6.906310e+01  8.220135e-01  3.000000e+00
     vertex  6.900336e+01  7.669448e-01  3.000000e+00
     vertex  6.900336e+01  7.669448e-01  0.000000e+00
   endloop
 endfacet
 facet normal  6.778058e-01 -7.352410e-01  0.000000e+00
   outer loop
     vertex  6.906310e+01  8.220135e-01  3.000000e+00
     vertex  6.900336e+01  7.669448e-01  0.000000e+00
     vertex  6.906310e+01  8.220135e-01  0.000000e+00
   endloop
 endfacet
 facet normal  6.974671e-01 -7.166168e-01  0.000000e+00
   outer loop
     vertex  6.906310e+01  8.220135e-01  3.000000e+00
     vertex  6.906310e+01  8.220135e-01  0.000000e+00
     vertex  6.912132e+01  8.786797e-01  0.000000e+00
   endloop
 endfacet
 facet normal  6.974671e-01 -7.166168e-01  0.000000e+00
   outer loop
     vertex  6.912132e+01  8.786797e-01  3.000000e+00
     vertex  6.906310e+01  8.220135e-01  3.000000e+00
     vertex  6.912132e+01  8.786797e-01  0.000000e+00
   endloop
 endfacet
 facet normal  7.166168e-01 -6.974671e-01  0.000000e+00
   outer loop
     vertex  6.917799e+01  9.369016e-01  3.000000e+00
     vertex  6.912132e+01  8.786797e-01  3.000000e+00
     vertex  6.912132e+01  8.786797e-01  0.000000e+00
   endloop
 endfacet
 facet normal  7.166168e-01 -6.974671e-01  0.000000e+00
   outer loop
     vertex  6.917799e+01  9.369016e-01  3.000000e+00
     vertex  6.912132e+01  8.786797e-01  0.000000e+00
     vertex  6.917799e+01  9.369016e-01  0.000000e+00
   endloop
 endfacet
 facet normal  7.352410e-01 -6.778058e-01  0.000000e+00
   outer loop
     vertex  6.923306e+01  9.966367e-01  3.000000e+00
     vertex  6.917799e+01  9.369016e-01  3.000000e+00
     vertex  6.917799e+01  9.369016e-01  0.000000e+00
   endloop
 endfacet
 facet normal  7.352410e-01 -6.778058e-01  0.000000e+00
   outer loop
     vertex  6.923306e+01  9.966367e-01  3.000000e+00
     vertex  6.917799e+01  9.369016e-01  0.000000e+00
     vertex  6.923306e+01  9.966367e-01  0.000000e+00
   endloop
 endfacet
 facet normal  7.533260e-01 -6.576473e-01  0.000000e+00
   outer loop
     vertex  6.928649e+01  1.057841e+00  3.000000e+00
     vertex  6.923306e+01  9.966367e-01  3.000000e+00
     vertex  6.923306e+01  9.966367e-01  0.000000e+00
   endloop
 endfacet
 facet normal  7.533260e-01 -6.576473e-01  0.000000e+00
   outer loop
     vertex  6.928649e+01  1.057841e+00  3.000000e+00
     vertex  6.923306e+01  9.966367e-01  0.000000e+00
     vertex  6.928649e+01  1.057841e+00  0.000000e+00
   endloop
 endfacet
 facet normal  7.708584e-01 -6.370065e-01  0.000000e+00
   outer loop
     vertex  6.933824e+01  1.120470e+00  3.000000e+00
     vertex  6.928649e+01  1.057841e+00  3.000000e+00
     vertex  6.928649e+01  1.057841e+00  0.000000e+00
   endloop
 endfacet
 facet normal  7.708584e-01 -6.370065e-01  0.000000e+00
   outer loop
     vertex  6.933824e+01  1.120470e+00  3.000000e+00
     vertex  6.928649e+01  1.057841e+00  0.000000e+00
     vertex  6.933824e+01  1.120470e+00  0.000000e+00
   endloop
 endfacet
 facet normal  7.878255e-01 -6.158986e-01  0.000000e+00
   outer loop
     vertex  6.938828e+01  1.184477e+00  3.000000e+00
     vertex  6.933824e+01  1.120470e+00  3.000000e+00
     vertex  6.933824e+01  1.120470e+00  0.000000e+00
   endloop
 endfacet
 facet normal  7.878255e-01 -6.158986e-01  0.000000e+00
   outer loop
     vertex  6.938828e+01  1.184477e+00  3.000000e+00
     vertex  6.933824e+01  1.120470e+00  0.000000e+00
     vertex  6.938828e+01  1.184477e+00  0.000000e+00
   endloop
 endfacet
 facet normal  8.042147e-01 -5.943389e-01  0.000000e+00
   outer loop
     vertex  6.938828e+01  1.184477e+00  3.000000e+00
     vertex  6.938828e+01  1.184477e+00  0.000000e+00
     vertex  6.943657e+01  1.249816e+00  0.000000e+00
   endloop
 endfacet
 facet normal  8.042147e-01 -5.943389e-01  0.000000e+00
   outer loop
     vertex  6.943657e+01  1.249816e+00  3.000000e+00
     vertex  6.938828e+01  1.184477e+00  3.000000e+00
     vertex  6.943657e+01  1.249816e+00  0.000000e+00
   endloop
 endfacet
 facet normal  8.200141e-01 -5.723433e-01  0.000000e+00
   outer loop
     vertex  6.948307e+01  1.316439e+00  3.000000e+00
     vertex  6.943657e+01  1.249816e+00  3.000000e+00
     vertex  6.943657e+01  1.249816e+00  0.000000e+00
   endloop
 endfacet
 facet normal  8.200141e-01 -5.723433e-01  0.000000e+00
   outer loop
     vertex  6.948307e+01  1.316439e+00  3.000000e+00
     vertex  6.943657e+01  1.249816e+00  0.000000e+00
     vertex  6.948307e+01  1.316439e+00  0.000000e+00
   endloop
 endfacet
 facet normal  8.352121e-01 -5.499279e-01  0.000000e+00
   outer loop
     vertex  6.952775e+01  1.384296e+00  3.000000e+00
     vertex  6.948307e+01  1.316439e+00  3.000000e+00
     vertex  6.948307e+01  1.316439e+00  0.000000e+00
   endloop
 endfacet
 facet normal  8.352121e-01 -5.499279e-01  0.000000e+00
   outer loop
     vertex  6.952775e+01  1.384296e+00  3.000000e+00
     vertex  6.948307e+01  1.316439e+00  0.000000e+00
     vertex  6.952775e+01  1.384296e+00  0.000000e+00
   endloop
 endfacet
 facet normal  8.497975e-01 -5.271092e-01  0.000000e+00
   outer loop
     vertex  6.957057e+01  1.453338e+00  3.000000e+00
     vertex  6.952775e+01  1.384296e+00  3.000000e+00
     vertex  6.952775e+01  1.384296e+00  0.000000e+00
   endloop
 endfacet
 facet normal  8.497975e-01 -5.271092e-01  0.000000e+00
   outer loop
     vertex  6.957057e+01  1.453338e+00  3.000000e+00
     vertex  6.952775e+01  1.384296e+00  0.000000e+00
     vertex  6.957057e+01  1.453338e+00  0.000000e+00
   endloop
 endfacet
 facet normal  8.637597e-01 -5.039039e-01  0.000000e+00
   outer loop
     vertex  6.961151e+01  1.523515e+00  3.000000e+00
     vertex  6.957057e+01  1.453338e+00  3.000000e+00
     vertex  6.957057e+01  1.453338e+00  0.000000e+00
   endloop
 endfacet
 facet normal  8.637597e-01 -5.039039e-01  0.000000e+00
   outer loop
     vertex  6.961151e+01  1.523515e+00  3.000000e+00
     vertex  6.957057e+01  1.453338e+00  0.000000e+00
     vertex  6.961151e+01  1.523515e+00  0.000000e+00
   endloop
 endfacet
 facet normal  8.770884e-01 -4.803291e-01  0.000000e+00
   outer loop
     vertex  6.965054e+01  1.594775e+00  3.000000e+00
     vertex  6.961151e+01  1.523515e+00  3.000000e+00
     vertex  6.961151e+01  1.523515e+00  0.000000e+00
   endloop
 endfacet
 facet normal  8.770884e-01 -4.803291e-01  0.000000e+00
   outer loop
     vertex  6.965054e+01  1.594775e+00  3.000000e+00
     vertex  6.961151e+01  1.523515e+00  0.000000e+00
     vertex  6.965054e+01  1.594775e+00  0.000000e+00
   endloop
 endfacet
 facet normal  8.897737e-01 -4.564019e-01  0.000000e+00
   outer loop
     vertex  6.968762e+01  1.667065e+00  3.000000e+00
     vertex  6.965054e+01  1.594775e+00  3.000000e+00
     vertex  6.965054e+01  1.594775e+00  0.000000e+00
   endloop
 endfacet
 facet normal  8.897737e-01 -4.564019e-01  0.000000e+00
   outer loop
     vertex  6.968762e+01  1.667065e+00  3.000000e+00
     vertex  6.965054e+01  1.594775e+00  0.000000e+00
     vertex  6.968762e+01  1.667065e+00  0.000000e+00
   endloop
 endfacet
 facet normal  9.018065e-01 -4.321400e-01  0.000000e+00
   outer loop
     vertex  6.972273e+01  1.740333e+00  3.000000e+00
     vertex  6.968762e+01  1.667065e+00  0.000000e+00
     vertex  6.972273e+01  1.740333e+00  0.000000e+00
   endloop
 endfacet
 facet normal  9.131779e-01 -4.075612e-01  0.000000e+00
   outer loop
     vertex  6.972273e+01  1.740333e+00  3.000000e+00
     vertex  6.972273e+01  1.740333e+00  0.000000e+00
     vertex  6.975584e+01  1.814524e+00  0.000000e+00
   endloop
 endfacet
 facet normal  9.018065e-01 -4.321400e-01  0.000000e+00
   outer loop
     vertex  6.972273e+01  1.740333e+00  3.000000e+00
     vertex  6.968762e+01  1.667065e+00  3.000000e+00
     vertex  6.968762e+01  1.667065e+00  0.000000e+00
   endloop
 endfacet
 facet normal  9.131779e-01 -4.075612e-01  0.000000e+00
   outer loop
     vertex  6.975584e+01  1.814524e+00  3.000000e+00
     vertex  6.972273e+01  1.740333e+00  3.000000e+00
     vertex  6.975584e+01  1.814524e+00  0.000000e+00
   endloop
 endfacet
 facet normal  9.238795e-01 -3.826834e-01  0.000000e+00
   outer loop
     vertex  6.978693e+01  1.889586e+00  3.000000e+00
     vertex  6.975584e+01  1.814524e+00  0.000000e+00
     vertex  6.978693e+01  1.889586e+00  0.000000e+00
   endloop
 endfacet
 facet normal  9.339036e-01 -3.575250e-01  0.000000e+00
   outer loop
     vertex  6.978693e+01  1.889586e+00  3.000000e+00
     vertex  6.978693e+01  1.889586e+00  0.000000e+00
     vertex  6.981598e+01  1.965461e+00  0.000000e+00
   endloop
 endfacet
 facet normal  9.238795e-01 -3.826834e-01  0.000000e+00
   outer loop
     vertex  6.978693e+01  1.889586e+00  3.000000e+00
     vertex  6.975584e+01  1.814524e+00  3.000000e+00
     vertex  6.975584e+01  1.814524e+00  0.000000e+00
   endloop
 endfacet
 facet normal  9.339036e-01 -3.575250e-01  0.000000e+00
   outer loop
     vertex  6.981598e+01  1.965461e+00  3.000000e+00
     vertex  6.978693e+01  1.889586e+00  3.000000e+00
     vertex  6.981598e+01  1.965461e+00  0.000000e+00
   endloop
 endfacet
 facet normal  9.432426e-01 -3.321044e-01  0.000000e+00
   outer loop
     vertex  6.984296e+01  2.042095e+00  3.000000e+00
     vertex  6.981598e+01  1.965461e+00  3.000000e+00
     vertex  6.981598e+01  1.965461e+00  0.000000e+00
   endloop
 endfacet
 facet normal  9.432426e-01 -3.321044e-01  0.000000e+00
   outer loop
     vertex  6.984296e+01  2.042095e+00  3.000000e+00
     vertex  6.981598e+01  1.965461e+00  0.000000e+00
     vertex  6.984296e+01  2.042095e+00  0.000000e+00
   endloop
 endfacet
 facet normal  9.518899e-01 -3.064401e-01  0.000000e+00
   outer loop
     vertex  6.986786e+01  2.119432e+00  3.000000e+00
     vertex  6.984296e+01  2.042095e+00  0.000000e+00
     vertex  6.986786e+01  2.119432e+00  0.000000e+00
   endloop
 endfacet
 facet normal  9.518899e-01 -3.064401e-01  0.000000e+00
   outer loop
     vertex  6.986786e+01  2.119432e+00  3.000000e+00
     vertex  6.984296e+01  2.042095e+00  3.000000e+00
     vertex  6.984296e+01  2.042095e+00  0.000000e+00
   endloop
 endfacet
 facet normal  9.598391e-01 -2.805512e-01  0.000000e+00
   outer loop
     vertex  6.989065e+01  2.197415e+00  3.000000e+00
     vertex  6.986786e+01  2.119432e+00  0.000000e+00
     vertex  6.989065e+01  2.197415e+00  0.000000e+00
   endloop
 endfacet
 facet normal  9.598391e-01 -2.805512e-01  0.000000e+00
   outer loop
     vertex  6.989065e+01  2.197415e+00  3.000000e+00
     vertex  6.986786e+01  2.119432e+00  3.000000e+00
     vertex  6.986786e+01  2.119432e+00  0.000000e+00
   endloop
 endfacet
 facet normal  9.670842e-01 -2.544564e-01  0.000000e+00
   outer loop
     vertex  6.991132e+01  2.275986e+00  3.000000e+00
     vertex  6.989065e+01  2.197415e+00  0.000000e+00
     vertex  6.991132e+01  2.275986e+00  0.000000e+00
   endloop
 endfacet
 facet normal  9.670842e-01 -2.544564e-01  0.000000e+00
   outer loop
     vertex  6.991132e+01  2.275986e+00  3.000000e+00
     vertex  6.989065e+01  2.197415e+00  3.000000e+00
     vertex  6.989065e+01  2.197415e+00  0.000000e+00
   endloop
 endfacet
 facet normal  9.736201e-01 -2.281751e-01  0.000000e+00
   outer loop
     vertex  6.992986e+01  2.355089e+00  3.000000e+00
     vertex  6.991132e+01  2.275986e+00  0.000000e+00
     vertex  6.992986e+01  2.355089e+00  0.000000e+00
   endloop
 endfacet
 facet normal  9.794419e-01 -2.017264e-01  0.000000e+00
   outer loop
     vertex  6.992986e+01  2.355089e+00  3.000000e+00
     vertex  6.992986e+01  2.355089e+00  0.000000e+00
     vertex  6.994625e+01  2.434664e+00  0.000000e+00
   endloop
 endfacet
 facet normal  9.736201e-01 -2.281751e-01  0.000000e+00
   outer loop
     vertex  6.992986e+01  2.355089e+00  3.000000e+00
     vertex  6.991132e+01  2.275986e+00  3.000000e+00
     vertex  6.991132e+01  2.275986e+00  0.000000e+00
   endloop
 endfacet
 facet normal  9.794419e-01 -2.017264e-01  0.000000e+00
   outer loop
     vertex  6.994625e+01  2.434664e+00  3.000000e+00
     vertex  6.992986e+01  2.355089e+00  3.000000e+00
     vertex  6.994625e+01  2.434664e+00  0.000000e+00
   endloop
 endfacet
 facet normal  9.845454e-01 -1.751297e-01  0.000000e+00
   outer loop
     vertex  6.996048e+01  2.514654e+00  3.000000e+00
     vertex  6.994625e+01  2.434664e+00  0.000000e+00
     vertex  6.996048e+01  2.514654e+00  0.000000e+00
   endloop
 endfacet
 facet normal  9.889267e-01 -1.484046e-01  0.000000e+00
   outer loop
     vertex  6.996048e+01  2.514654e+00  3.000000e+00
     vertex  6.996048e+01  2.514654e+00  0.000000e+00
     vertex  6.997254e+01  2.595000e+00  0.000000e+00
   endloop
 endfacet
 facet normal  9.845454e-01 -1.751297e-01  0.000000e+00
   outer loop
     vertex  6.996048e+01  2.514654e+00  3.000000e+00
     vertex  6.994625e+01  2.434664e+00  3.000000e+00
     vertex  6.994625e+01  2.434664e+00  0.000000e+00
   endloop
 endfacet
 facet normal  9.889267e-01 -1.484046e-01  0.000000e+00
   outer loop
     vertex  6.997254e+01  2.595000e+00  3.000000e+00
     vertex  6.996048e+01  2.514654e+00  3.000000e+00
     vertex  6.997254e+01  2.595000e+00  0.000000e+00
   endloop
 endfacet
 facet normal  9.925828e-01 -1.215707e-01  0.000000e+00
   outer loop
     vertex  6.997254e+01  2.595000e+00  3.000000e+00
     vertex  6.997254e+01  2.595000e+00  0.000000e+00
     vertex  6.998241e+01  2.675643e+00  0.000000e+00
   endloop
 endfacet
 facet normal  9.925828e-01 -1.215707e-01  0.000000e+00
   outer loop
     vertex  6.998241e+01  2.675643e+00  3.000000e+00
     vertex  6.997254e+01  2.595000e+00  3.000000e+00
     vertex  6.998241e+01  2.675643e+00  0.000000e+00
   endloop
 endfacet
 facet normal  9.955108e-01 -9.464755e-02  0.000000e+00
   outer loop
     vertex  6.999010e+01  2.756524e+00  3.000000e+00
     vertex  6.998241e+01  2.675643e+00  0.000000e+00
     vertex  6.999010e+01  2.756524e+00  0.000000e+00
   endloop
 endfacet
 facet normal  9.955108e-01 -9.464755e-02  0.000000e+00
   outer loop
     vertex  6.999010e+01  2.756524e+00  3.000000e+00
     vertex  6.998241e+01  2.675643e+00  3.000000e+00
     vertex  6.998241e+01  2.675643e+00  0.000000e+00
   endloop
 endfacet
 facet normal  9.977088e-01 -6.765502e-02  0.000000e+00
   outer loop
     vertex  6.999560e+01  2.837583e+00  3.000000e+00
     vertex  6.999010e+01  2.756524e+00  0.000000e+00
     vertex  6.999560e+01  2.837583e+00  0.000000e+00
   endloop
 endfacet
 facet normal  9.977088e-01 -6.765502e-02  0.000000e+00
   outer loop
     vertex  6.999560e+01  2.837583e+00  3.000000e+00
     vertex  6.999010e+01  2.756524e+00  3.000000e+00
     vertex  6.999010e+01  2.756524e+00  0.000000e+00
   endloop
 endfacet
 facet normal  9.991750e-01 -4.061287e-02  0.000000e+00
   outer loop
     vertex  6.999890e+01  2.918762e+00  3.000000e+00
     vertex  6.999560e+01  2.837583e+00  0.000000e+00
     vertex  6.999890e+01  2.918762e+00  0.000000e+00
   endloop
 endfacet
 facet normal  9.991750e-01 -4.061287e-02  0.000000e+00
   outer loop
     vertex  6.999890e+01  2.918762e+00  3.000000e+00
     vertex  6.999560e+01  2.837583e+00  3.000000e+00
     vertex  6.999560e+01  2.837583e+00  0.000000e+00
   endloop
 endfacet
 facet normal  9.999083e-01 -1.354093e-02  0.000000e+00
   outer loop
     vertex  7.000000e+01  3.000000e+00  3.000000e+00
     vertex  6.999890e+01  2.918762e+00  0.000000e+00
     vertex  7.000000e+01  3.000000e+00  0.000000e+00
   endloop
 endfacet
 facet normal  9.999083e-01 -1.354093e-02  0.000000e+00
   outer loop
     vertex  7.000000e+01  3.000000e+00  3.000000e+00
     vertex  6.999890e+01  2.918762e+00  3.000000e+00
     vertex  6.999890e+01  2.918762e+00  0.000000e+00
   endloop
 endfacet
 facet normal  0.000000e+00  1.000000e+00  0.000000e+00
   outer loop
     vertex  6.700000e+01  2.400000e+01  3.000000e+00
     vertex  6.700000e+01  2.400000e+01  0.000000e+00
     vertex  3.000000e+00  2.400000e+01  0.000000e+00
   endloop
 endfacet
 facet normal  0.000000e+00  1.000000e+00  0.000000e+00
   outer loop
     vertex  6.700000e+01  2.400000e+01  3.000000e+00
     vertex  3.000000e+00  2.400000e+01  0.000000e+00
     vertex  3.000000e+00  2.400000e+01  3.000000e+00
   endloop
 endfacet
 facet normal  1.000000e+00  0.000000e+00  0.000000e+00
   outer loop
     vertex  7.000000e+01  3.000000e+00  3.000000e+00
     vertex  7.000000e+01  3.000000e+00  0.000000e+00
     vertex  7.000000e+01  2.100000e+01  0.000000e+00
   endloop
 endfacet
 facet normal  1.000000e+00 -0.000000e+00  0.000000e+00
   outer loop
     vertex  7.000000e+01  3.000000e+00  3.000000e+00
     vertex  7.000000e+01  2.100000e+01  0.000000e+00
     vertex  7.000000e+01  2.100000e+01  3.000000e+00
   endloop
 endfacet
 facet normal  9.999083e-01  1.354093e-02  0.000000e+00
   outer loop
     vertex  6.999890e+01  2.108124e+01  3.000000e+00
     vertex  7.000000e+01  2.100000e+01  3.000000e+00
     vertex  7.000000e+01  2.100000e+01  0.000000e+00
   endloop
 endfacet
 facet normal  9.999083e-01  1.354093e-02  0.000000e+00
   outer loop
     vertex  6.999890e+01  2.108124e+01  3.000000e+00
     vertex  7.000000e+01  2.100000e+01  0.000000e+00
     vertex  6.999890e+01  2.108124e+01  0.000000e+00
   endloop
 endfacet
 facet normal  9.991750e-01  4.061287e-02  0.000000e+00
   outer loop
     vertex  6.999560e+01  2.116242e+01  3.000000e+00
     vertex  6.999890e+01  2.108124e+01  3.000000e+00
     vertex  6.999890e+01  2.108124e+01  0.000000e+00
   endloop
 endfacet
 facet normal  9.991750e-01  4.061287e-02  0.000000e+00
   outer loop
     vertex  6.999560e+01  2.116242e+01  3.000000e+00
     vertex  6.999890e+01  2.108124e+01  0.000000e+00
     vertex  6.999560e+01  2.116242e+01  0.000000e+00
   endloop
 endfacet
 facet normal  9.977088e-01  6.765502e-02  0.000000e+00
   outer loop
     vertex  6.999010e+01  2.124348e+01  3.000000e+00
     vertex  6.999560e+01  2.116242e+01  3.000000e+00
     vertex  6.999560e+01  2.116242e+01  0.000000e+00
   endloop
 endfacet
 facet normal  9.977088e-01  6.765502e-02  0.000000e+00
   outer loop
     vertex  6.999010e+01  2.124348e+01  3.000000e+00
     vertex  6.999560e+01  2.116242e+01  0.000000e+00
     vertex  6.999010e+01  2.124348e+01  0.000000e+00
   endloop
 endfacet
 facet normal  9.955108e-01  9.464755e-02  0.000000e+00
   outer loop
     vertex  6.998241e+01  2.132436e+01  3.000000e+00
     vertex  6.999010e+01  2.124348e+01  3.000000e+00
     vertex  6.999010e+01  2.124348e+01  0.000000e+00
   endloop
 endfacet
 facet normal  9.955108e-01  9.464755e-02  0.000000e+00
   outer loop
     vertex  6.998241e+01  2.132436e+01  3.000000e+00
     vertex  6.999010e+01  2.124348e+01  0.000000e+00
     vertex  6.998241e+01  2.132436e+01  0.000000e+00
   endloop
 endfacet
 facet normal  9.925828e-01  1.215707e-01  0.000000e+00
   outer loop
     vertex  6.997254e+01  2.140500e+01  3.000000e+00
     vertex  6.998241e+01  2.132436e+01  3.000000e+00
     vertex  6.998241e+01  2.132436e+01  0.000000e+00
   endloop
 endfacet
 facet normal  9.925828e-01  1.215707e-01  0.000000e+00
   outer loop
     vertex  6.997254e+01  2.140500e+01  3.000000e+00
     vertex  6.998241e+01  2.132436e+01  0.000000e+00
     vertex  6.997254e+01  2.140500e+01  0.000000e+00
   endloop
 endfacet
 facet normal  9.889267e-01  1.484046e-01  0.000000e+00
   outer loop
     vertex  6.996048e+01  2.148535e+01  3.000000e+00
     vertex  6.997254e+01  2.140500e+01  3.000000e+00
     vertex  6.997254e+01  2.140500e+01  0.000000e+00
   endloop
 endfacet
 facet normal  9.889267e-01  1.484046e-01  0.000000e+00
   outer loop
     vertex  6.996048e+01  2.148535e+01  3.000000e+00
     vertex  6.997254e+01  2.140500e+01  0.000000e+00
     vertex  6.996048e+01  2.148535e+01  0.000000e+00
   endloop
 endfacet
 facet normal  9.845454e-01  1.751297e-01  0.000000e+00
   outer loop
     vertex  6.994625e+01  2.156534e+01  3.000000e+00
     vertex  6.996048e+01  2.148535e+01  3.000000e+00
     vertex  6.996048e+01  2.148535e+01  0.000000e+00
   endloop
 endfacet
 facet normal  9.845454e-01  1.751297e-01  0.000000e+00
   outer loop
     vertex  6.994625e+01  2.156534e+01  3.000000e+00
     vertex  6.996048e+01  2.148535e+01  0.000000e+00
     vertex  6.994625e+01  2.156534e+01  0.000000e+00
   endloop
 endfacet
 facet normal  9.794419e-01  2.017264e-01  0.000000e+00
   outer loop
     vertex  6.994625e+01  2.156534e+01  3.000000e+00
     vertex  6.994625e+01  2.156534e+01  0.000000e+00
     vertex  6.992986e+01  2.164491e+01  0.000000e+00
   endloop
 endfacet
 facet normal  9.794419e-01  2.017264e-01  0.000000e+00
   outer loop
     vertex  6.992986e+01  2.164491e+01  3.000000e+00
     vertex  6.994625e+01  2.156534e+01  3.000000e+00
     vertex  6.992986e+01  2.164491e+01  0.000000e+00
   endloop
 endfacet
 facet normal  9.736201e-01  2.281751e-01  0.000000e+00
   outer loop
     vertex  6.991132e+01  2.172401e+01  3.000000e+00
     vertex  6.992986e+01  2.164491e+01  3.000000e+00
     vertex  6.992986e+01  2.164491e+01  0.000000e+00
   endloop
 endfacet
 facet normal  9.736201e-01  2.281751e-01  0.000000e+00
   outer loop
     vertex  6.991132e+01  2.172401e+01  3.000000e+00
     vertex  6.992986e+01  2.164491e+01  0.000000e+00
     vertex  6.991132e+01  2.172401e+01  0.000000e+00
   endloop
 endfacet
 facet normal  9.670842e-01  2.544564e-01  0.000000e+00
   outer loop
     vertex  6.989065e+01  2.180259e+01  3.000000e+00
     vertex  6.991132e+01  2.172401e+01  3.000000e+00
     vertex  6.991132e+01  2.172401e+01  0.000000e+00
   endloop
 endfacet
 facet normal  9.670842e-01  2.544564e-01  0.000000e+00
   outer loop
     vertex  6.989065e+01  2.180259e+01  3.000000e+00
     vertex  6.991132e+01  2.172401e+01  0.000000e+00
     vertex  6.989065e+01  2.180259e+01  0.000000e+00
   endloop
 endfacet
 facet normal  9.598391e-01  2.805512e-01  0.000000e+00
   outer loop
     vertex  6.989065e+01  2.180259e+01  3.000000e+00
     vertex  6.989065e+01  2.180259e+01  0.000000e+00
     vertex  6.986786e+01  2.188057e+01  0.000000e+00
   endloop
 endfacet
 facet normal  9.598391e-01  2.805512e-01  0.000000e+00
   outer loop
     vertex  6.986786e+01  2.188057e+01  3.000000e+00
     vertex  6.989065e+01  2.180259e+01  3.000000e+00
     vertex  6.986786e+01  2.188057e+01  0.000000e+00
   endloop
 endfacet
 facet normal  9.518899e-01  3.064401e-01  0.000000e+00
   outer loop
     vertex  6.984296e+01  2.195790e+01  3.000000e+00
     vertex  6.986786e+01  2.188057e+01  3.000000e+00
     vertex  6.986786e+01  2.188057e+01  0.000000e+00
   endloop
 endfacet
 facet normal  9.518899e-01  3.064401e-01  0.000000e+00
   outer loop
     vertex  6.984296e+01  2.195790e+01  3.000000e+00
     vertex  6.986786e+01  2.188057e+01  0.000000e+00
     vertex  6.984296e+01  2.195790e+01  0.000000e+00
   endloop
 endfacet
 facet normal  9.432426e-01  3.321044e-01  0.000000e+00
   outer loop
     vertex  6.984296e+01  2.195790e+01  3.000000e+00
     vertex  6.984296e+01  2.195790e+01  0.000000e+00
     vertex  6.981598e+01  2.203454e+01  0.000000e+00
   endloop
 endfacet
 facet normal  9.432426e-01  3.321044e-01  0.000000e+00
   outer loop
     vertex  6.981598e+01  2.203454e+01  3.000000e+00
     vertex  6.984296e+01  2.195790e+01  3.000000e+00
     vertex  6.981598e+01  2.203454e+01  0.000000e+00
   endloop
 endfacet
 facet normal  9.339036e-01  3.575250e-01  0.000000e+00
   outer loop
     vertex  6.978693e+01  2.211041e+01  3.000000e+00
     vertex  6.981598e+01  2.203454e+01  0.000000e+00
     vertex  6.978693e+01  2.211041e+01  0.000000e+00
   endloop
 endfacet
 facet normal  9.339036e-01  3.575250e-01  0.000000e+00
   outer loop
     vertex  6.978693e+01  2.211041e+01  3.000000e+00
     vertex  6.981598e+01  2.203454e+01  3.000000e+00
     vertex  6.981598e+01  2.203454e+01  0.000000e+00
   endloop
 endfacet
 facet normal  9.238795e-01  3.826834e-01  0.000000e+00
   outer loop
     vertex  6.975584e+01  2.218548e+01  3.000000e+00
     vertex  6.978693e+01  2.211041e+01  0.000000e+00
     vertex  6.975584e+01  2.218548e+01  0.000000e+00
   endloop
 endfacet
 facet normal  9.131779e-01  4.075612e-01  0.000000e+00
   outer loop
     vertex  6.975584e+01  2.218548e+01  3.000000e+00
     vertex  6.975584e+01  2.218548e+01  0.000000e+00
     vertex  6.972273e+01  2.225967e+01  0.000000e+00
   endloop
 endfacet
 facet normal  9.238795e-01  3.826834e-01  0.000000e+00
   outer loop
     vertex  6.975584e+01  2.218548e+01  3.000000e+00
     vertex  6.978693e+01  2.211041e+01  3.000000e+00
     vertex  6.978693e+01  2.211041e+01  0.000000e+00
   endloop
 endfacet
 facet normal  9.131779e-01  4.075612e-01  0.000000e+00
   outer loop
     vertex  6.972273e+01  2.225967e+01  3.000000e+00
     vertex  6.975584e+01  2.218548e+01  3.000000e+00
     vertex  6.972273e+01  2.225967e+01  0.000000e+00
   endloop
 endfacet
 facet normal  9.018065e-01  4.321400e-01  0.000000e+00
   outer loop
     vertex  6.968762e+01  2.233294e+01  3.000000e+00
     vertex  6.972273e+01  2.225967e+01  0.000000e+00
     vertex  6.968762e+01  2.233294e+01  0.000000e+00
   endloop
 endfacet
 facet normal  9.018065e-01  4.321400e-01  0.000000e+00
   outer loop
     vertex  6.968762e+01  2.233294e+01  3.000000e+00
     vertex  6.972273e+01  2.225967e+01  3.000000e+00
     vertex  6.972273e+01  2.225967e+01  0.000000e+00
   endloop
 endfacet
 facet normal  8.897737e-01  4.564019e-01  0.000000e+00
   outer loop
     vertex  6.965054e+01  2.240523e+01  3.000000e+00
     vertex  6.968762e+01  2.233294e+01  0.000000e+00
     vertex  6.965054e+01  2.240523e+01  0.000000e+00
   endloop
 endfacet
 facet normal  8.897737e-01  4.564019e-01  0.000000e+00
   outer loop
     vertex  6.965054e+01  2.240523e+01  3.000000e+00
     vertex  6.968762e+01  2.233294e+01  3.000000e+00
     vertex  6.968762e+01  2.233294e+01  0.000000e+00
   endloop
 endfacet
 facet normal  8.770884e-01  4.803291e-01  0.000000e+00
   outer loop
     vertex  6.961151e+01  2.247648e+01  3.000000e+00
     vertex  6.965054e+01  2.240523e+01  0.000000e+00
     vertex  6.961151e+01  2.247648e+01  0.000000e+00
   endloop
 endfacet
 facet normal  8.770884e-01  4.803291e-01  0.000000e+00
   outer loop
     vertex  6.961151e+01  2.247648e+01  3.000000e+00
     vertex  6.965054e+01  2.240523e+01  3.000000e+00
     vertex  6.965054e+01  2.240523e+01  0.000000e+00
   endloop
 endfacet
 facet normal  8.637597e-01  5.039039e-01  0.000000e+00
   outer loop
     vertex  6.957057e+01  2.254666e+01  3.000000e+00
     vertex  6.961151e+01  2.247648e+01  0.000000e+00
     vertex  6.957057e+01  2.254666e+01  0.000000e+00
   endloop
 endfacet
 facet normal  8.637597e-01  5.039039e-01  0.000000e+00
   outer loop
     vertex  6.957057e+01  2.254666e+01  3.000000e+00
     vertex  6.961151e+01  2.247648e+01  3.000000e+00
     vertex  6.961151e+01  2.247648e+01  0.000000e+00
   endloop
 endfacet
 facet normal  8.497975e-01  5.271092e-01  0.000000e+00
   outer loop
     vertex  6.952775e+01  2.261570e+01  3.000000e+00
     vertex  6.957057e+01  2.254666e+01  3.000000e+00
     vertex  6.957057e+01  2.254666e+01  0.000000e+00
   endloop
 endfacet
 facet normal  8.497975e-01  5.271092e-01  0.000000e+00
   outer loop
     vertex  6.952775e+01  2.261570e+01  3.000000e+00
     vertex  6.957057e+01  2.254666e+01  0.000000e+00
     vertex  6.952775e+01  2.261570e+01  0.000000e+00
   endloop
 endfacet
 facet normal  8.352121e-01  5.499279e-01  0.000000e+00
   outer loop
     vertex  6.952775e+01  2.261570e+01  3.000000e+00
     vertex  6.952775e+01  2.261570e+01  0.000000e+00
     vertex  6.948307e+01  2.268356e+01  0.000000e+00
   endloop
 endfacet
 facet normal  8.352121e-01  5.499279e-01  0.000000e+00
   outer loop
     vertex  6.948307e+01  2.268356e+01  3.000000e+00
     vertex  6.952775e+01  2.261570e+01  3.000000e+00
     vertex  6.948307e+01  2.268356e+01  0.000000e+00
   endloop
 endfacet
 facet normal  8.200141e-01  5.723433e-01  0.000000e+00
   outer loop
     vertex  6.948307e+01  2.268356e+01  3.000000e+00
     vertex  6.948307e+01  2.268356e+01  0.000000e+00
     vertex  6.943657e+01  2.275018e+01  0.000000e+00
   endloop
 endfacet
 facet normal  8.200141e-01  5.723433e-01  0.000000e+00
   outer loop
     vertex  6.943657e+01  2.275018e+01  3.000000e+00
     vertex  6.948307e+01  2.268356e+01  3.000000e+00
     vertex  6.943657e+01  2.275018e+01  0.000000e+00
   endloop
 endfacet
 facet normal  8.042147e-01  5.943389e-01  0.000000e+00
   outer loop
     vertex  6.938828e+01  2.281552e+01  3.000000e+00
     vertex  6.943657e+01  2.275018e+01  3.000000e+00
     vertex  6.943657e+01  2.275018e+01  0.000000e+00
   endloop
 endfacet
 facet normal  8.042147e-01  5.943389e-01  0.000000e+00
   outer loop
     vertex  6.938828e+01  2.281552e+01  3.000000e+00
     vertex  6.943657e+01  2.275018e+01  0.000000e+00
     vertex  6.938828e+01  2.281552e+01  0.000000e+00
   endloop
 endfacet
 facet normal  7.878255e-01  6.158986e-01  0.000000e+00
   outer loop
     vertex  6.933824e+01  2.287953e+01  3.000000e+00
     vertex  6.938828e+01  2.281552e+01  3.000000e+00
     vertex  6.938828e+01  2.281552e+01  0.000000e+00
   endloop
 endfacet
 facet normal  7.878255e-01  6.158986e-01  0.000000e+00
   outer loop
     vertex  6.933824e+01  2.287953e+01  3.000000e+00
     vertex  6.938828e+01  2.281552e+01  0.000000e+00
     vertex  6.933824e+01  2.287953e+01  0.000000e+00
   endloop
 endfacet
 facet normal  7.708584e-01  6.370065e-01  0.000000e+00
   outer loop
     vertex  6.933824e+01  2.287953e+01  3.000000e+00
     vertex  6.933824e+01  2.287953e+01  0.000000e+00
     vertex  6.928649e+01  2.294216e+01  0.000000e+00
   endloop
 endfacet
 facet normal  7.708584e-01  6.370065e-01  0.000000e+00
   outer loop
     vertex  6.928649e+01  2.294216e+01  3.000000e+00
     vertex  6.933824e+01  2.287953e+01  3.000000e+00
     vertex  6.928649e+01  2.294216e+01  0.000000e+00
   endloop
 endfacet
 facet normal  7.533260e-01  6.576473e-01  0.000000e+00
   outer loop
     vertex  6.923306e+01  2.300336e+01  3.000000e+00
     vertex  6.928649e+01  2.294216e+01  3.000000e+00
     vertex  6.928649e+01  2.294216e+01  0.000000e+00
   endloop
 endfacet
 facet normal  7.533260e-01  6.576473e-01  0.000000e+00
   outer loop
     vertex  6.923306e+01  2.300336e+01  3.000000e+00
     vertex  6.928649e+01  2.294216e+01  0.000000e+00
     vertex  6.923306e+01  2.300336e+01  0.000000e+00
   endloop
 endfacet
 facet normal  7.352410e-01  6.778058e-01  0.000000e+00
   outer loop
     vertex  6.917799e+01  2.306310e+01  3.000000e+00
     vertex  6.923306e+01  2.300336e+01  3.000000e+00
     vertex  6.923306e+01  2.300336e+01  0.000000e+00
   endloop
 endfacet
 facet normal  7.352410e-01  6.778058e-01  0.000000e+00
   outer loop
     vertex  6.917799e+01  2.306310e+01  3.000000e+00
     vertex  6.923306e+01  2.300336e+01  0.000000e+00
     vertex  6.917799e+01  2.306310e+01  0.000000e+00
   endloop
 endfacet
 facet normal  7.166168e-01  6.974671e-01  0.000000e+00
   outer loop
     vertex  6.917799e+01  2.306310e+01  3.000000e+00
     vertex  6.917799e+01  2.306310e+01  0.000000e+00
     vertex  6.912132e+01  2.312132e+01  0.000000e+00
   endloop
 endfacet
 facet normal  7.166168e-01  6.974671e-01  0.000000e+00
   outer loop
     vertex  6.912132e+01  2.312132e+01  3.000000e+00
     vertex  6.917799e+01  2.306310e+01  3.000000e+00
     vertex  6.912132e+01  2.312132e+01  0.000000e+00
   endloop
 endfacet
 facet normal  6.974671e-01  7.166168e-01  0.000000e+00
   outer loop
     vertex  6.906310e+01  2.317799e+01  3.000000e+00
     vertex  6.912132e+01  2.312132e+01  3.000000e+00
     vertex  6.912132e+01  2.312132e+01  0.000000e+00
   endloop
 endfacet
 facet normal  6.974671e-01  7.166168e-01  0.000000e+00
   outer loop
     vertex  6.906310e+01  2.317799e+01  3.000000e+00
     vertex  6.912132e+01  2.312132e+01  0.000000e+00
     vertex  6.906310e+01  2.317799e+01  0.000000e+00
   endloop
 endfacet
 facet normal  6.778058e-01  7.352410e-01  0.000000e+00
   outer loop
     vertex  6.906310e+01  2.317799e+01  3.000000e+00
     vertex  6.906310e+01  2.317799e+01  0.000000e+00
     vertex  6.900336e+01  2.323306e+01  0.000000e+00
   endloop
 endfacet
 facet normal  6.778058e-01  7.352410e-01  0.000000e+00
   outer loop
     vertex  6.900336e+01  2.323306e+01  3.000000e+00
     vertex  6.906310e+01  2.317799e+01  3.000000e+00
     vertex  6.900336e+01  2.323306e+01  0.000000e+00
   endloop
 endfacet
 facet normal  6.576473e-01  7.533260e-01  0.000000e+00
   outer loop
     vertex  6.900336e+01  2.323306e+01  3.000000e+00
     vertex  6.900336e+01  2.323306e+01  0.000000e+00
     vertex  6.894216e+01  2.328649e+01  0.000000e+00
   endloop
 endfacet
 facet normal  6.576473e-01  7.533260e-01  0.000000e+00
   outer loop
     vertex  6.894216e+01  2.328649e+01  3.000000e+00
     vertex  6.900336e+01  2.323306e+01  3.000000e+00
     vertex  6.894216e+01  2.328649e+01  0.000000e+00
   endloop
 endfacet
 facet normal  6.370065e-01  7.708584e-01  0.000000e+00
   outer loop
     vertex  6.887953e+01  2.333824e+01  3.000000e+00
     vertex  6.894216e+01  2.328649e+01  3.000000e+00
     vertex  6.894216e+01  2.328649e+01  0.000000e+00
   endloop
 endfacet
 facet normal  6.370065e-01  7.708584e-01  0.000000e+00
   outer loop
     vertex  6.887953e+01  2.333824e+01  3.000000e+00
     vertex  6.894216e+01  2.328649e+01  0.000000e+00
     vertex  6.887953e+01  2.333824e+01  0.000000e+00
   endloop
 endfacet
 facet normal  6.158986e-01  7.878255e-01  0.000000e+00
   outer loop
     vertex  6.887953e+01  2.333824e+01  3.000000e+00
     vertex  6.887953e+01  2.333824e+01  0.000000e+00
     vertex  6.881552e+01  2.338828e+01  0.000000e+00
   endloop
 endfacet
 facet normal  6.158986e-01  7.878255e-01  0.000000e+00
   outer loop
     vertex  6.881552e+01  2.338828e+01  3.000000e+00
     vertex  6.887953e+01  2.333824e+01  3.000000e+00
     vertex  6.881552e+01  2.338828e+01  0.000000e+00
   endloop
 endfacet
 facet normal  5.943389e-01  8.042147e-01  0.000000e+00
   outer loop
     vertex  6.875018e+01  2.343657e+01  3.000000e+00
     vertex  6.881552e+01  2.338828e+01  3.000000e+00
     vertex  6.881552e+01  2.338828e+01  0.000000e+00
   endloop
 endfacet
 facet normal  5.943389e-01  8.042147e-01  0.000000e+00
   outer loop
     vertex  6.875018e+01  2.343657e+01  3.000000e+00
     vertex  6.881552e+01  2.338828e+01  0.000000e+00
     vertex  6.875018e+01  2.343657e+01  0.000000e+00
   endloop
 endfacet
 facet normal  5.723433e-01  8.200141e-01  0.000000e+00
   outer loop
     vertex  6.868356e+01  2.348307e+01  3.000000e+00
     vertex  6.875018e+01  2.343657e+01  3.000000e+00
     vertex  6.875018e+01  2.343657e+01  0.000000e+00
   endloop
 endfacet
 facet normal  5.723433e-01  8.200141e-01  0.000000e+00
   outer loop
     vertex  6.868356e+01  2.348307e+01  3.000000e+00
     vertex  6.875018e+01  2.343657e+01  0.000000e+00
     vertex  6.868356e+01  2.348307e+01  0.000000e+00
   endloop
 endfacet
 facet normal  5.499279e-01  8.352121e-01  0.000000e+00
   outer loop
     vertex  6.861570e+01  2.352775e+01  3.000000e+00
     vertex  6.868356e+01  2.348307e+01  3.000000e+00
     vertex  6.868356e+01  2.348307e+01  0.000000e+00
   endloop
 endfacet
 facet normal  5.499279e-01  8.352121e-01  0.000000e+00
   outer loop
     vertex  6.861570e+01  2.352775e+01  3.000000e+00
     vertex  6.868356e+01  2.348307e+01  0.000000e+00
     vertex  6.861570e+01  2.352775e+01  0.000000e+00
   endloop
 endfacet
 facet normal  5.271092e-01  8.497975e-01  0.000000e+00
   outer loop
     vertex  6.854666e+01  2.357057e+01  3.000000e+00
     vertex  6.861570e+01  2.352775e+01  3.000000e+00
     vertex  6.861570e+01  2.352775e+01  0.000000e+00
   endloop
 endfacet
 facet normal  5.271092e-01  8.497975e-01  0.000000e+00
   outer loop
     vertex  6.854666e+01  2.357057e+01  3.000000e+00
     vertex  6.861570e+01  2.352775e+01  0.000000e+00
     vertex  6.854666e+01  2.357057e+01  0.000000e+00
   endloop
 endfacet
 facet normal  5.039039e-01  8.637597e-01  0.000000e+00
   outer loop
     vertex  6.854666e+01  2.357057e+01  3.000000e+00
     vertex  6.854666e+01  2.357057e+01  0.000000e+00
     vertex  6.847648e+01  2.361151e+01  0.000000e+00
   endloop
 endfacet
 facet normal  5.039039e-01  8.637597e-01  0.000000e+00
   outer loop
     vertex  6.847648e+01  2.361151e+01  3.000000e+00
     vertex  6.854666e+01  2.357057e+01  3.000000e+00
     vertex  6.847648e+01  2.361151e+01  0.000000e+00
   endloop
 endfacet
 facet normal  4.803291e-01  8.770884e-01  0.000000e+00
   outer loop
     vertex  6.840523e+01  2.365054e+01  3.000000e+00
     vertex  6.847648e+01  2.361151e+01  3.000000e+00
     vertex  6.847648e+01  2.361151e+01  0.000000e+00
   endloop
 endfacet
 facet normal  4.803291e-01  8.770884e-01  0.000000e+00
   outer loop
     vertex  6.840523e+01  2.365054e+01  3.000000e+00
     vertex  6.847648e+01  2.361151e+01  0.000000e+00
     vertex  6.840523e+01  2.365054e+01  0.000000e+00
   endloop
 endfacet
 facet normal  4.564019e-01  8.897737e-01  0.000000e+00
   outer loop
     vertex  6.833294e+01  2.368762e+01  3.000000e+00
     vertex  6.840523e+01  2.365054e+01  3.000000e+00
     vertex  6.840523e+01  2.365054e+01  0.000000e+00
   endloop
 endfacet
 facet normal  4.564019e-01  8.897737e-01  0.000000e+00
   outer loop
     vertex  6.833294e+01  2.368762e+01  3.000000e+00
     vertex  6.840523e+01  2.365054e+01  0.000000e+00
     vertex  6.833294e+01  2.368762e+01  0.000000e+00
   endloop
 endfacet
 facet normal  4.321400e-01  9.018065e-01  0.000000e+00
   outer loop
     vertex  6.825967e+01  2.372273e+01  3.000000e+00
     vertex  6.833294e+01  2.368762e+01  0.000000e+00
     vertex  6.825967e+01  2.372273e+01  0.000000e+00
   endloop
 endfacet
 facet normal  4.321400e-01  9.018065e-01  0.000000e+00
   outer loop
     vertex  6.825967e+01  2.372273e+01  3.000000e+00
     vertex  6.833294e+01  2.368762e+01  3.000000e+00
     vertex  6.833294e+01  2.368762e+01  0.000000e+00
   endloop
 endfacet
 facet normal  4.075612e-01  9.131779e-01  0.000000e+00
   outer loop
     vertex  6.818548e+01  2.375584e+01  3.000000e+00
     vertex  6.825967e+01  2.372273e+01  0.000000e+00
     vertex  6.818548e+01  2.375584e+01  0.000000e+00
   endloop
 endfacet
 facet normal  4.075612e-01  9.131779e-01  0.000000e+00
   outer loop
     vertex  6.818548e+01  2.375584e+01  3.000000e+00
     vertex  6.825967e+01  2.372273e+01  3.000000e+00
     vertex  6.825967e+01  2.372273e+01  0.000000e+00
   endloop
 endfacet
 facet normal  3.826834e-01  9.238795e-01  0.000000e+00
   outer loop
     vertex  6.811041e+01  2.378693e+01  3.000000e+00
     vertex  6.818548e+01  2.375584e+01  0.000000e+00
     vertex  6.811041e+01  2.378693e+01  0.000000e+00
   endloop
 endfacet
 facet normal  3.826834e-01  9.238795e-01  0.000000e+00
   outer loop
     vertex  6.811041e+01  2.378693e+01  3.000000e+00
     vertex  6.818548e+01  2.375584e+01  3.000000e+00
     vertex  6.818548e+01  2.375584e+01  0.000000e+00
   endloop
 endfacet
 facet normal  3.575250e-01  9.339036e-01  0.000000e+00
   outer loop
     vertex  6.803454e+01  2.381598e+01  3.000000e+00
     vertex  6.811041e+01  2.378693e+01  3.000000e+00
     vertex  6.811041e+01  2.378693e+01  0.000000e+00
   endloop
 endfacet
 facet normal  3.575250e-01  9.339036e-01  0.000000e+00
   outer loop
     vertex  6.803454e+01  2.381598e+01  3.000000e+00
     vertex  6.811041e+01  2.378693e+01  0.000000e+00
     vertex  6.803454e+01  2.381598e+01  0.000000e+00
   endloop
 endfacet
 facet normal  3.321044e-01  9.432426e-01  0.000000e+00
   outer loop
     vertex  6.795790e+01  2.384296e+01  3.000000e+00
     vertex  6.803454e+01  2.381598e+01  3.000000e+00
     vertex  6.803454e+01  2.381598e+01  0.000000e+00
   endloop
 endfacet
 facet normal  3.321044e-01  9.432426e-01  0.000000e+00
   outer loop
     vertex  6.795790e+01  2.384296e+01  3.000000e+00
     vertex  6.803454e+01  2.381598e+01  0.000000e+00
     vertex  6.795790e+01  2.384296e+01  0.000000e+00
   endloop
 endfacet
 facet normal  3.064401e-01  9.518899e-01  0.000000e+00
   outer loop
     vertex  6.788057e+01  2.386786e+01  3.000000e+00
     vertex  6.795790e+01  2.384296e+01  0.000000e+00
     vertex  6.788057e+01  2.386786e+01  0.000000e+00
   endloop
 endfacet
 facet normal  3.064401e-01  9.518899e-01  0.000000e+00
   outer loop
     vertex  6.788057e+01  2.386786e+01  3.000000e+00
     vertex  6.795790e+01  2.384296e+01  3.000000e+00
     vertex  6.795790e+01  2.384296e+01  0.000000e+00
   endloop
 endfacet
 facet normal  2.805512e-01  9.598391e-01  0.000000e+00
   outer loop
     vertex  6.780259e+01  2.389065e+01  3.000000e+00
     vertex  6.788057e+01  2.386786e+01  0.000000e+00
     vertex  6.780259e+01  2.389065e+01  0.000000e+00
   endloop
 endfacet
 facet normal  2.805512e-01  9.598391e-01  0.000000e+00
   outer loop
     vertex  6.780259e+01  2.389065e+01  3.000000e+00
     vertex  6.788057e+01  2.386786e+01  3.000000e+00
     vertex  6.788057e+01  2.386786e+01  0.000000e+00
   endloop
 endfacet
 facet normal  2.544564e-01  9.670842e-01  0.000000e+00
   outer loop
     vertex  6.772401e+01  2.391132e+01  3.000000e+00
     vertex  6.780259e+01  2.389065e+01  0.000000e+00
     vertex  6.772401e+01  2.391132e+01  0.000000e+00
   endloop
 endfacet
 facet normal  2.544564e-01  9.670842e-01  0.000000e+00
   outer loop
     vertex  6.772401e+01  2.391132e+01  3.000000e+00
     vertex  6.780259e+01  2.389065e+01  3.000000e+00
     vertex  6.780259e+01  2.389065e+01  0.000000e+00
   endloop
 endfacet
 facet normal  2.281751e-01  9.736201e-01  0.000000e+00
   outer loop
     vertex  6.764491e+01  2.392986e+01  3.000000e+00
     vertex  6.772401e+01  2.391132e+01  0.000000e+00
     vertex  6.764491e+01  2.392986e+01  0.000000e+00
   endloop
 endfacet
 facet normal  2.017264e-01  9.794419e-01  0.000000e+00
   outer loop
     vertex  6.764491e+01  2.392986e+01  3.000000e+00
     vertex  6.764491e+01  2.392986e+01  0.000000e+00
     vertex  6.756534e+01  2.394625e+01  0.000000e+00
   endloop
 endfacet
 facet normal  2.281751e-01  9.736201e-01  0.000000e+00
   outer loop
     vertex  6.764491e+01  2.392986e+01  3.000000e+00
     vertex  6.772401e+01  2.391132e+01  3.000000e+00
     vertex  6.772401e+01  2.391132e+01  0.000000e+00
   endloop
 endfacet
 facet normal  2.017264e-01  9.794419e-01  0.000000e+00
   outer loop
     vertex  6.756534e+01  2.394625e+01  3.000000e+00
     vertex  6.764491e+01  2.392986e+01  3.000000e+00
     vertex  6.756534e+01  2.394625e+01  0.000000e+00
   endloop
 endfacet
 facet normal  1.751297e-01  9.845454e-01  0.000000e+00
   outer loop
     vertex  6.748535e+01  2.396048e+01  3.000000e+00
     vertex  6.756534e+01  2.394625e+01  0.000000e+00
     vertex  6.748535e+01  2.396048e+01  0.000000e+00
   endloop
 endfacet
 facet normal  1.484046e-01  9.889267e-01  0.000000e+00
   outer loop
     vertex  6.748535e+01  2.396048e+01  3.000000e+00
     vertex  6.748535e+01  2.396048e+01  0.000000e+00
     vertex  6.740500e+01  2.397254e+01  0.000000e+00
   endloop
 endfacet
 facet normal  1.751297e-01  9.845454e-01  0.000000e+00
   outer loop
     vertex  6.748535e+01  2.396048e+01  3.000000e+00
     vertex  6.756534e+01  2.394625e+01  3.000000e+00
     vertex  6.756534e+01  2.394625e+01  0.000000e+00
   endloop
 endfacet
 facet normal  1.484046e-01  9.889267e-01  0.000000e+00
   outer loop
     vertex  6.740500e+01  2.397254e+01  3.000000e+00
     vertex  6.748535e+01  2.396048e+01  3.000000e+00
     vertex  6.740500e+01  2.397254e+01  0.000000e+00
   endloop
 endfacet
 facet normal  1.215707e-01  9.925828e-01  0.000000e+00
   outer loop
     vertex  6.732436e+01  2.398241e+01  3.000000e+00
     vertex  6.740500e+01  2.397254e+01  0.000000e+00
     vertex  6.732436e+01  2.398241e+01  0.000000e+00
   endloop
 endfacet
 facet normal  1.215707e-01  9.925828e-01  0.000000e+00
   outer loop
     vertex  6.732436e+01  2.398241e+01  3.000000e+00
     vertex  6.740500e+01  2.397254e+01  3.000000e+00
     vertex  6.740500e+01  2.397254e+01  0.000000e+00
   endloop
 endfacet
 facet normal  9.464755e-02  9.955108e-01  0.000000e+00
   outer loop
     vertex  6.724348e+01  2.399010e+01  3.000000e+00
     vertex  6.732436e+01  2.398241e+01  0.000000e+00
     vertex  6.724348e+01  2.399010e+01  0.000000e+00
   endloop
 endfacet
 facet normal  6.765502e-02  9.977088e-01  0.000000e+00
   outer loop
     vertex  6.724348e+01  2.399010e+01  3.000000e+00
     vertex  6.724348e+01  2.399010e+01  0.000000e+00
     vertex  6.716242e+01  2.399560e+01  0.000000e+00
   endloop
 endfacet
 facet normal  9.464755e-02  9.955108e-01  0.000000e+00
   outer loop
     vertex  6.724348e+01  2.399010e+01  3.000000e+00
     vertex  6.732436e+01  2.398241e+01  3.000000e+00
     vertex  6.732436e+01  2.398241e+01  0.000000e+00
   endloop
 endfacet
 facet normal  6.765502e-02  9.977088e-01  0.000000e+00
   outer loop
     vertex  6.716242e+01  2.399560e+01  3.000000e+00
     vertex  6.724348e+01  2.399010e+01  3.000000e+00
     vertex  6.716242e+01  2.399560e+01  0.000000e+00
   endloop
 endfacet
 facet normal  4.061287e-02  9.991750e-01  0.000000e+00
   outer loop
     vertex  6.708124e+01  2.399890e+01  3.000000e+00
     vertex  6.716242e+01  2.399560e+01  0.000000e+00
     vertex  6.708124e+01  2.399890e+01  0.000000e+00
   endloop
 endfacet
 facet normal  4.061287e-02  9.991750e-01  0.000000e+00
   outer loop
     vertex  6.708124e+01  2.399890e+01  3.000000e+00
     vertex  6.716242e+01  2.399560e+01  3.000000e+00
     vertex  6.716242e+01  2.399560e+01  0.000000e+00
   endloop
 endfacet
 facet normal  1.354093e-02  9.999083e-01  0.000000e+00
   outer loop
     vertex  6.700000e+01  2.400000e+01  3.000000e+00
     vertex  6.708124e+01  2.399890e+01  0.000000e+00
     vertex  6.700000e+01  2.400000e+01  0.000000e+00
   endloop
 endfacet
 facet normal  1.354093e-02  9.999083e-01  0.000000e+00
   outer loop
     vertex  6.700000e+01  2.400000e+01  3.000000e+00
     vertex  6.708124e+01  2.399890e+01  3.000000e+00
     vertex  6.708124e+01  2.399890e+01  0.000000e+00
   endloop
 endfacet
 facet normal  1.000000e+00  0.000000e+00  0.000000e+00
   outer loop
     vertex  7.200000e+00  3.000000e+00  8.000000e+00
     vertex  7.200000e+00  3.000000e+00  3.000000e+00
     vertex  7.200000e+00  2.100000e+01  3.000000e+00
   endloop
 endfacet
 facet normal  1.000000e+00 -0.000000e+00  0.000000e+00
   outer loop
     vertex  7.200000e+00  3.000000e+00  8.000000e+00
     vertex  7.200000e+00  2.100000e+01  3.000000e+00
     vertex  7.200000e+00  2.100000e+01  8.000000e+00
   endloop
 endfacet
 facet normal -1.000000e+00  0.000000e+00  0.000000e+00
   outer loop
     vertex  5.200000e+00  3.000000e+00  1.110000e+01
     vertex  5.200000e+00  2.100000e+01  3.000000e+00
     vertex  5.200000e+00  3.000000e+00  3.000000e+00
   endloop
 endfacet
 facet normal -1.000000e+00  0.000000e+00  0.000000e+00
   outer loop
     vertex  5.200000e+00  3.000000e+00  1.110000e+01
     vertex  5.200000e+00  2.100000e+01  1.110000e+01
     vertex  5.200000e+00  2.100000e+01  3.000000e+00
   endloop
 endfacet
 facet normal  0.000000e+00  0.000000e+00  1.000000e+00
   outer loop
     vertex  7.200000e+00  2.100000e+01  1.110000e+01
     vertex  5.200000e+00  2.100000e+01  1.110000e+01
     vertex  5.200000e+00  3.000000e+00  1.110000e+01
   endloop
 endfacet
 facet normal  0.000000e+00  0.000000e+00  1.000000e+00
   outer loop
     vertex  7.200000e+00  2.100000e+01  1.110000e+01
     vertex  5.200000e+00  3.000000e+00  1.110000e+01
     vertex  7.200000e+00  3.000000e+00  1.110000e+01
   endloop
 endfacet
 facet normal  1.000000e+00  0.000000e+00  0.000000e+00
   outer loop
     vertex  7.200000e+00  3.000000e+00  1.110000e+01
     vertex  7.200000e+00  3.000000e+00  1.100000e+01
     vertex  7.200000e+00  2.100000e+01  1.100000e+01
   endloop
 endfacet
 facet normal  1.000000e+00 -0.000000e+00  0.000000e+00
   outer loop
     vertex  7.200000e+00  3.000000e+00  1.110000e+01
     vertex  7.200000e+00  2.100000e+01  1.100000e+01
     vertex  7.200000e+00  2.100000e+01  1.110000e+01
   endloop
 endfacet
 facet normal  0.000000e+00  0.000000e+00  1.000000e+00
   outer loop
     vertex  6.000000e+01  2.100000e+01  1.100000e+01
     vertex  7.200000e+00  2.100000e+01  1.100000e+01
     vertex  7.200000e+00  3.000000e+00  1.100000e+01
   endloop
 endfacet
 facet normal  0.000000e+00  0.000000e+00  1.000000e+00
   outer loop
     vertex  6.000000e+01  2.100000e+01  1.100000e+01
     vertex  7.200000e+00  3.000000e+00  1.100000e+01
     vertex  6.000000e+01  3.000000e+00  1.100000e+01
   endloop
 endfacet
 facet normal -1.000000e+00  0.000000e+00  0.000000e+00
   outer loop
     vertex  6.000000e+01  3.000000e+00  1.300000e+01
     vertex  6.000000e+01  2.100000e+01  1.100000e+01
     vertex  6.000000e+01  3.000000e+00  1.100000e+01
   endloop
 endfacet
 facet normal -1.000000e+00  0.000000e+00  0.000000e+00
   outer loop
     vertex  6.000000e+01  3.000000e+00  1.300000e+01
     vertex  6.000000e+01  2.100000e+01  1.300000e+01
     vertex  6.000000e+01  2.100000e+01  1.100000e+01
   endloop
 endfacet
 facet normal  0.000000e+00  0.000000e+00  1.000000e+00
   outer loop
     vertex  6.300000e+01  2.100000e+01  1.300000e+01
     vertex  6.000000e+01  2.100000e+01  1.300000e+01
     vertex  6.000000e+01  3.000000e+00  1.300000e+01
   endloop
 endfacet
 facet normal  0.000000e+00  0.000000e+00  1.000000e+00
   outer loop
     vertex  6.300000e+01  2.100000e+01  1.300000e+01
     vertex  6.000000e+01  3.000000e+00  1.300000e+01
     vertex  6.300000e+01  3.000000e+00  1.300000e+01
   endloop
 endfacet
 facet normal  0.000000e+00 -1.000000e+00  0.000000e+00
   outer loop
     vertex  7.200000e+00  3.000000e+00  1.100000e+01
     vertex  7.200000e+00  3.000000e+00  1.110000e+01
     vertex  5.200000e+00  3.000000e+00  1.110000e+01
   endloop
 endfacet
 facet normal  0.000000e+00 -1.000000e+00  0.000000e+00
   outer loop
     vertex  7.200000e+00  3.000000e+00  8.000000e+00
     vertex  7.200000e+00  3.000000e+00  1.100000e+01
     vertex  5.200000e+00  3.000000e+00  1.110000e+01
   endloop
 endfacet
 facet normal  0.000000e+00 -1.000000e+00  0.000000e+00
   outer loop
     vertex  5.200000e+00  3.000000e+00  3.000000e+00
     vertex  7.200000e+00  3.000000e+00  8.000000e+00
     vertex  5.200000e+00  3.000000e+00  1.110000e+01
   endloop
 endfacet
 facet normal  0.000000e+00 -1.000000e+00  0.000000e+00
   outer loop
     vertex  7.200000e+00  3.000000e+00  3.000000e+00
     vertex  7.200000e+00  3.000000e+00  8.000000e+00
     vertex  5.200000e+00  3.000000e+00  3.000000e+00
   endloop
 endfacet
 facet normal -0.000000e+00 -1.000000e+00  0.000000e+00
   outer loop
     vertex  6.000000e+01  3.000000e+00  1.100000e+01
     vertex  7.200000e+00  3.000000e+00  1.100000e+01
     vertex  7.200000e+00  3.000000e+00  8.000000e+00
   endloop
 endfacet
 facet normal -0.000000e+00 -1.000000e+00  0.000000e+00
   outer loop
     vertex  6.300000e+01  3.000000e+00  1.300000e+01
     vertex  6.000000e+01  3.000000e+00  1.300000e+01
     vertex  6.000000e+01  3.000000e+00  1.100000e+01
   endloop
 endfacet
 facet normal  0.000000e+00 -1.000000e+00  0.000000e+00
   outer loop
     vertex  6.300000e+01  3.000000e+00  8.000000e+00
     vertex  6.300000e+01  3.000000e+00  1.300000e+01
     vertex  6.000000e+01  3.000000e+00  1.100000e+01
   endloop
 endfacet
 facet normal  0.000000e+00 -1.000000e+00  0.000000e+00
   outer loop
     vertex  7.200000e+00  3.000000e+00  8.000000e+00
     vertex  6.300000e+01  3.000000e+00  8.000000e+00
     vertex  6.000000e+01  3.000000e+00  1.100000e+01
   endloop
 endfacet
 facet normal  0.000000e+00  1.000000e+00  0.000000e+00
   outer loop
     vertex  7.200000e+00  2.100000e+01  8.000000e+00
     vertex  7.200000e+00  2.100000e+01  3.000000e+00
     vertex  5.200000e+00  2.100000e+01  3.000000e+00
   endloop
 endfacet
 facet normal  0.000000e+00  1.000000e+00  0.000000e+00
   outer loop
     vertex  5.200000e+00  2.100000e+01  1.110000e+01
     vertex  7.200000e+00  2.100000e+01  8.000000e+00
     vertex  5.200000e+00  2.100000e+01  3.000000e+00
   endloop
 endfacet
 facet normal  0.000000e+00  1.000000e+00  0.000000e+00
   outer loop
     vertex  7.200000e+00  2.100000e+01  1.100000e+01
     vertex  7.200000e+00  2.100000e+01  8.000000e+00
     vertex  5.200000e+00  2.100000e+01  1.110000e+01
   endloop
 endfacet
 facet normal  0.000000e+00  1.000000e+00  0.000000e+00
   outer loop
     vertex  7.200000e+00  2.100000e+01  1.110000e+01
     vertex  7.200000e+00  2.100000e+01  1.100000e+01
     vertex  5.200000e+00  2.100000e+01  1.110000e+01
   endloop
 endfacet
 facet normal  0.000000e+00  1.000000e+00  0.000000e+00
   outer loop
     vertex  6.000000e+01  2.100000e+01  1.100000e+01
     vertex  7.200000e+00  2.100000e+01  8.000000e+00
     vertex  7.200000e+00  2.100000e+01  1.100000e+01
   endloop
 endfacet
 facet normal  0.000000e+00  1.000000e+00  0.000000e+00
   outer loop
     vertex  6.300000e+01  2.100000e+01  1.300000e+01
     vertex  6.000000e+01  2.100000e+01  1.100000e+01
     vertex  6.000000e+01  2.100000e+01  1.300000e+01
   endloop
 endfacet
 facet normal  0.000000e+00  1.000000e+00  0.000000e+00
   outer loop
     vertex  6.300000e+01  2.100000e+01  1.300000e+01
     vertex  6.300000e+01  2.100000e+01  8.000000e+00
     vertex  6.000000e+01  2.100000e+01  1.100000e+01
   endloop
 endfacet
 facet normal  0.000000e+00  1.000000e+00  0.000000e+00
   outer loop
     vertex  6.300000e+01  2.100000e+01  8.000000e+00
     vertex  7.200000e+00  2.100000e+01  8.000000e+00
     vertex  6.000000e+01  2.100000e+01  1.100000e+01
   endloop
 endfacet
 facet normal -0.000000e+00  0.000000e+00 -1.000000e+00
   outer loop
     vertex  6.300000e+01  2.100000e+01  8.000000e+00
     vertex  7.200000e+00  3.000000e+00  8.000000e+00
     vertex  7.200000e+00  2.100000e+01  8.000000e+00
   endloop
 endfacet
 facet normal  0.000000e+00 -0.000000e+00 -1.000000e+00
   outer loop
     vertex  6.300000e+01  2.100000e+01  8.000000e+00
     vertex  6.300000e+01  3.000000e+00  8.000000e+00
     vertex  7.200000e+00  3.000000e+00  8.000000e+00
   endloop
 endfacet
 facet normal  1.000000e+00  0.000000e+00  0.000000e+00
   outer loop
     vertex  6.300000e+01  3.000000e+00  1.300000e+01
     vertex  6.300000e+01  3.000000e+00  8.000000e+00
     vertex  6.300000e+01  2.100000e+01  8.000000e+00
   endloop
 endfacet
 facet normal  1.000000e+00 -0.000000e+00  0.000000e+00
   outer loop
     vertex  6.300000e+01  3.000000e+00  1.300000e+01
     vertex  6.300000e+01  2.100000e+01  8.000000e+00
     vertex  6.300000e+01  2.100000e+01  1.300000e+01
   endloop
 endfacet
endsolid
